ID,p_hat
1,0.66
2,0.8
3,0.84
4,0.5
5,0.14
6,0.86
7,0.36
8,0.68
9,0.16
10,0.3
11,0.82
12,0.74
13,0.26
14,0.32
15,0.32
16,0.02
17,0.74
18,0.22
19,0.2
20,0.12
21,0.46
22,0.02
23,0.46
24,0.46
25,0.76
26,0.42
27,0.62
28,0.2
29,0.36
30,0.36
31,0.48
32,0.32
33,0.1
34,0.32
35,0.52
36,0.72
37,0.58
38,0.14
39,0.34
40,0.46
41,0.94
42,0.42
43,0.54
44,0.62
45,0.42
46,0.8
47,0.7
48,0.74
49,0.32
50,0.28
51,0.26
52,0.56
53,0.88
54,0.22
55,0.2
56,0.28
57,0.36
58,0.78
59,0.64
60,0.3
61,0.64
62,0.36
63,0.36
64,0.34
65,0.26
66,0.2
67,0.5
68,0.06
69,0.36
70,0.34
71,0.16
72,0.52
73,0.28
74,0.7
75,0.44
76,0.38
77,0.34
78,0.7
79,0.22
80,0.84
81,0.24
82,0.22
83,0.38
84,0.44
85,0.22
86,0.5
87,0.84
88,0.68
89,0.04
90,0.84
91,0.78
92,0.08
93,0.12
94,0.08
95,0.34
96,0.4
97,0.68
98,0.2
99,0.8
100,0.48
101,0.56
102,0.52
103,0.68
104,0.92
105,0.76
106,0.7
107,0.26
108,0.22
109,0.46
110,0.3
111,0.6
112,0.08
113,0.04
114,0.16
115,0.28
116,0.16
117,0.66
118,0.24
119,0.68
120,0.54
121,0.74
122,0.12
123,0.1
124,0.14
125,0.68
126,0.42
127,0.68
128,0.16
129,0.58
130,0.1
131,0.2
132,0.76
133,0.5
134,0.24
135,0.7
136,0.02
137,0.28
138,0.86
139,0.52
140,0.26
141,0.76
142,0.08
143,0.02
144,0.36
145,0.12
146,0.22
147,0.5
148,0.34
149,0.4
150,0.06
151,0.46
152,0.26
153,0.58
154,0.14
155,0.32
156,0.78
157,0.9
158,0.54
159,0.3
160,0.74
161,0.58
162,0.06
163,0.2
164,0.66
165,0.3
166,0.8
167,0.26
168,0.4
169,0.62
170,0.56
171,0.4
172,0.1
173,0.22
174,0.52
175,0.62
176,0.42
177,0.3
178,0.56
179,0.72
180,0.46
181,0.7
182,0.78
183,0.16
184,0.24
185,0.54
186,0.7
187,0.68
188,0.48
189,0.64
190,0.22
191,0.68
192,0.4
193,0.22
194,0.38
195,0.24
196,0.28
197,0.08
198,0.3
199,0.1
200,0.24
201,0.38
202,0.7
203,0.62
204,0.4
205,0.08
206,0.1
207,0.4
208,0.5
209,0.56
210,0.24
211,0.22
212,0.24
213,0.4
214,0.48
215,0.74
216,0.54
217,0.36
218,0.26
219,0.14
220,0.62
221,0.44
222,0.56
223,0.26
224,0.7
225,0.44
226,0.32
227,0.32
228,0.66
229,0.68
230,0.8
231,0.36
232,0.26
233,0.16
234,0.56
235,0.18
236,0.36
237,0.3
238,0.78
239,0.74
240,0.56
241,0.84
242,0.38
243,0.36
244,0.34
245,0.04
246,0.6
247,0.2
248,0.74
249,0.2
250,0.3
251,0.74
252,0.2
253,0.8
254,0.88
255,0.44
256,0.72
257,0.22
258,0.56
259,0.86
260,0.44
261,0.24
262,0.56
263,0.72
264,0.16
265,0.28
266,0.6
267,0.3
268,0.3
269,0.84
270,0.7
271,0.38
272,0.1
273,0.22
274,0.08
275,0.3
276,0.52
277,0.28
278,0.22
279,0.88
280,0.24
281,0.28
282,0.68
283,0.28
284,0.64
285,0.6
286,0.64
287,0.2
288,0.76
289,0.22
290,0.58
291,0.34
292,0.04
293,0.64
294,0.38
295,0.66
296,0.74
297,0.24
298,0.32
299,0.52
300,0.56
301,0.16
302,0.02
303,0.16
304,0.76
305,0.92
306,0.78
307,0.54
308,0.1
309,0.24
310,0.4
311,0.16
312,0.52
313,0.48
314,0.22
315,0.38
316,0.84
317,0.52
318,0.24
319,0.12
320,0.76
321,0.94
322,0.72
323,0.58
324,0.46
325,0.28
326,0.06
327,0.54
328,0.44
329,0.68
330,0.38
331,0.5
332,0.68
333,0.4
334,0.2
335,0.14
336,0.32
337,0.6
338,0.68
339,0.26
340,0.84
341,0.5
342,0.54
343,0.54
344,0.22
345,0.22
346,0.5
347,0.22
348,0.58
349,0.12
350,0.2
351,0.62
352,0.4
353,0.1
354,0.54
355,0.64
356,0.34
357,0.38
358,0.42
359,0.68
360,0.56
361,0.94
362,0.9
363,0.32
364,0.2
365,0.3
366,0.16
367,0.68
368,0.2
369,0.5
370,0.2
371,0.38
372,0.56
373,0.2
374,0.14
375,0.52
376,0.4
377,0.08
378,0.58
379,0.52
380,0.24
381,0.78
382,0.9
383,0.82
384,0.52
385,0.06
386,0.28
387,0.04
388,0.68
389,0.32
390,0.44
391,0.46
392,0.3
393,0.16
394,0.9
395,0.42
396,0.42
397,0.28
398,0.1
399,0.16
400,0.8
401,0.62
402,0.3
403,0.84
404,0.48
405,0.18
406,0.22
407,0.48
408,0.52
409,0.62
410,0.64
411,0.72
412,0.76
413,0.7
414,0.88
415,0.86
416,0.64
417,0.6
418,0.08
419,0.16
420,0.88
421,0.52
422,0.18
423,0.36
424,0.32
425,0.7
426,0.4
427,0.12
428,0.34
429,0.12
430,0.38
431,0.4
432,0.08
433,0.56
434,0.44
435,0.16
436,0.18
437,0.18
438,0.08
439,0.1
440,0.16
441,0.32
442,0.08
443,0.54
444,0.32
445,0.06
446,0.3
447,0.06
448,0.1
449,0.46
450,0.36
451,0.64
452,0.62
453,0.42
454,0.76
455,0.3
456,0.28
457,0.38
458,0.36
459,0.78
460,0.08
461,0.3
462,0.5
463,0.58
464,0.12
465,0.52
466,0.64
467,0.38
468,0.28
469,0.06
470,0.14
471,0.6
472,0.14
473,0.82
474,0.68
475,0.46
476,0.28
477,0.62
478,0.12
479,0.38
480,0.6
481,0.82
482,0.04
483,0.5
484,0.12
485,0.28
486,0.6
487,0.88
488,0.04
489,0.6
490,0.82
491,0.76
492,0.3
493,0.3
494,0.22
495,0.54
496,0.42
497,0.8
498,0.32
499,0.7
500,0.34
501,0.26
502,0.3
503,0.22
504,0.08
505,0.36
506,0.36
507,0.42
508,0.36
509,0.8
510,0.74
511,0.64
512,0.4
513,0.6
514,0.64
515,0.36
516,0.52
517,0.72
518,0.36
519,0.18
520,0.72
521,0.22
522,0.42
523,0.68
524,0.86
525,0.8
526,0.3
527,0.46
528,0.78
529,0.32
530,0.66
531,0.18
532,0.58
533,0.18
534,0.5
535,0.52
536,0.3
537,0.54
538,0.68
539,0.42
540,0.22
541,0.2
542,0.38
543,0.48
544,0.82
545,0.14
546,0.7
547,0.38
548,0.6
549,0.9
550,0.1
551,0.08
552,0.8
553,0.26
554,0.14
555,0.68
556,0.42
557,0.56
558,0.62
559,0.06
560,0.58
561,0.34
562,0.24
563,0.06
564,0.82
565,0.88
566,0.46
567,0.42
568,0.68
569,0.54
570,0.3
571,0.18
572,0.84
573,0.44
574,0.34
575,0.58
576,0.12
577,0.48
578,0.12
579,0.4
580,0.32
581,0.64
582,0.08
583,0.2
584,0.54
585,0.42
586,0.48
587,0.72
588,0.66
589,0.16
590,0.08
591,0.24
592,0.72
593,0.34
594,0.74
595,0.08
596,0.14
597,0.2
598,0.18
599,0.66
600,0.32
601,0.16
602,0.7
603,0.54
604,0.4
605,0.82
606,0.46
607,0.04
608,0.52
609,0.08
610,0.08
611,0.82
612,0.06
613,0.14
614,0.74
615,0.78
616,0.56
617,0.86
618,0.3
619,0.74
620,0.48
621,0.54
622,0.86
623,0.72
624,0.82
625,0.46
626,0.24
627,0.1
628,0.34
629,0.76
630,0.52
631,0.12
632,0.48
633,0.92
634,0.52
635,0.66
636,0.42
637,0.46
638,0.08
639,0.44
640,0.94
641,0.44
642,0.06
643,0.56
644,0.54
645,0.62
646,0.04
647,0.6
648,0.38
649,0.78
650,0.54
651,0.48
652,0.54
653,0.58
654,0.22
655,0.36
656,0.32
657,0.1
658,0.7
659,0.06
660,0.3
661,0.44
662,0.56
663,0.4
664,0.1
665,0.16
666,0.64
667,0.34
668,0.06
669,0.26
670,0.22
671,0.56
672,0.68
673,0.9
674,0.28
675,0.14
676,0.66
677,0.5
678,0.12
679,0.72
680,0.3
681,0.58
682,0.56
683,0.2
684,0.38
685,0.68
686,0.66
687,0.52
688,0.58
689,0.84
690,0.62
691,0.56
692,0.2
693,0.16
694,0.18
695,0.4
696,0.34
697,0.34
698,0.1
699,0.34
700,0.44
701,0.32
702,0.66
703,0.68
704,0.46
705,0.44
706,0.46
707,0.56
708,0.04
709,0.68
710,0.82
711,0.72
712,0.7
713,0.2
714,0.26
715,0.26
716,0.66
717,0.86
718,0.06
719,0.7
720,0.56
721,0.6
722,0.08
723,0.22
724,0.2
725,0.46
726,0.16
727,0.92
728,0.6
729,0.64
730,0.66
731,0.68
732,0.8
733,0.26
734,0.48
735,0.8
736,0.84
737,0.14
738,0.5
739,0.32
740,0.64
741,0.76
742,0.24
743,0.8
744,0.46
745,0.68
746,0.005
747,0.2
748,0.68
749,0.7
750,0.48
751,0.58
752,0.16
753,0.26
754,0.06
755,0.5
756,0.32
757,0.18
758,0.06
759,0.48
760,0.28
761,0.4
762,0.26
763,0.48
764,0.2
765,0.6
766,0.78
767,0.12
768,0.18
769,0.14
770,0.7
771,0.28
772,0.36
773,0.76
774,0.6
775,0.7
776,0.18
777,0.04
778,0.54
779,0.08
780,0.1
781,0.92
782,0.34
783,0.08
784,0.42
785,0.36
786,0.84
787,0.8
788,0.5
789,0.42
790,0.56
791,0.12
792,0.44
793,0.18
794,0.48
795,0.64
796,0.8
797,0.38
798,0.38
799,0.32
800,0.08
801,0.14
802,0.7
803,0.64
804,0.68
805,0.02
806,0.14
807,0.58
808,0.42
809,0.88
810,0.2
811,0.58
812,0.5
813,0.54
814,0.34
815,0.38
816,0.64
817,0.2
818,0.04
819,0.62
820,0.32
821,0.4
822,0.2
823,0.48
824,0.7
825,0.16
826,0.54
827,0.22
828,0.38
829,0.42
830,0.48
831,0.94
832,0.08
833,0.42
834,0.1
835,0.02
836,0.66
837,0.12
838,0.7
839,0.26
840,0.7
841,0.7
842,0.22
843,0.9
844,0.5
845,0.26
846,0.74
847,0.5
848,0.62
849,0.68
850,0.8
851,0.72
852,0.48
853,0.38
854,0.44
855,0.06
856,0.5
857,0.24
858,0.44
859,0.72
860,0.08
861,0.7
862,0.76
863,0.08
864,0.64
865,0.18
866,0.16
867,0.6
868,0.18
869,0.76
870,0.22
871,0.52
872,0.28
873,0.14
874,0.24
875,0.66
876,0.2
877,0.32
878,0.26
879,0.52
880,0.18
881,0.68
882,0.2
883,0.34
884,0.16
885,0.66
886,0.32
887,0.48
888,0.5
889,0.44
890,0.14
891,0.76
892,0.56
893,0.88
894,0.24
895,0.52
896,0.6
897,0.02
898,0.38
899,0.14
900,0.06
901,0.52
902,0.9
903,0.54
904,0.24
905,0.46
906,0.52
907,0.14
908,0.58
909,0.06
910,0.34
911,0.4
912,0.54
913,0.42
914,0.3
915,0.3
916,0.5
917,0.36
918,0.2
919,0.36
920,0.56
921,0.68
922,0.74
923,0.36
924,0.7
925,0.56
926,0.32
927,0.5
928,0.72
929,0.28
930,0.88
931,0.995
932,0.36
933,0.58
934,0.6
935,0.4
936,0.78
937,0.36
938,0.5
939,0.28
940,0.8
941,0.28
942,0.76
943,0.2
944,0.1
945,0.82
946,0.14
947,0.62
948,0.74
949,0.36
950,0.76
951,0.22
952,0.3
953,0.26
954,0.7
955,0.46
956,0.76
957,0.04
958,0.52
959,0.28
960,0.16
961,0.62
962,0.62
963,0.26
964,0.58
965,0.38
966,0.14
967,0.24
968,0.26
969,0.64
970,0.42
971,0.36
972,0.38
973,0.38
974,0.66
975,0.2
976,0.4
977,0.7
978,0.76
979,0.54
980,0.1
981,0.84
982,0.02
983,0.3
984,0.26
985,0.66
986,0.74
987,0.18
988,0.5
989,0.3
990,0.42
991,0.2
992,0.28
993,0.64
994,0.44
995,0.48
996,0.58
997,0.84
998,0.4
999,0.22
1000,0.88
1001,0.12
1002,0.24
1003,0.02
1004,0.32
1005,0.08
1006,0.6
1007,0.26
1008,0.68
1009,0.28
1010,0.26
1011,0.62
1012,0.52
1013,0.54
1014,0.04
1015,0.36
1016,0.005
1017,0.62
1018,0.7
1019,0.18
1020,0.58
1021,0.88
1022,0.34
1023,0.04
1024,0.74
1025,0.08
1026,0.5
1027,0.44
1028,0.6
1029,0.7
1030,0.64
1031,0.3
1032,0.14
1033,0.84
1034,0.66
1035,0.16
1036,0.42
1037,0.5
1038,0.88
1039,0.36
1040,0.66
1041,0.16
1042,0.64
1043,0.34
1044,0.44
1045,0.18
1046,0.7
1047,0.48
1048,0.32
1049,0.36
1050,0.1
1051,0.48
1052,0.3
1053,0.32
1054,0.6
1055,0.3
1056,0.46
1057,0.58
1058,0.72
1059,0.32
1060,0.8
1061,0.26
1062,0.26
1063,0.72
1064,0.08
1065,0.7
1066,0.26
1067,0.86
1068,0.08
1069,0.9
1070,0.76
1071,0.3
1072,0.34
1073,0.04
1074,0.005
1075,0.1
1076,0.9
1077,0.76
1078,0.1
1079,0.72
1080,0.78
1081,0.68
1082,0.16
1083,0.22
1084,0.36
1085,0.54
1086,0.66
1087,0.22
1088,0.34
1089,0.2
1090,0.86
1091,0.62
1092,0.26
1093,0.66
1094,0.56
1095,0.42
1096,0.2
1097,0.76
1098,0.62
1099,0.66
1100,0.1
1101,0.2
1102,0.58
1103,0.64
1104,0.3
1105,0.28
1106,0.54
1107,0.7
1108,0.1
1109,0.84
1110,0.68
1111,0.44
1112,0.76
1113,0.78
1114,0.2
1115,0.04
1116,0.72
1117,0.7
1118,0.4
1119,0.12
1120,0.34
1121,0.38
1122,0.66
1123,0.26
1124,0.7
1125,0.6
1126,0.8
1127,0.76
1128,0.16
1129,0.54
1130,0.86
1131,0.2
1132,0.68
1133,0.06
1134,0.44
1135,0.82
1136,0.62
1137,0.78
1138,0.8
1139,0.28
1140,0.44
1141,0.38
1142,0.7
1143,0.6
1144,0.74
1145,0.3
1146,0.64
1147,0.58
1148,0.66
1149,0.005
1150,0.5
1151,0.16
1152,0.06
1153,0.68
1154,0.84
1155,0.66
1156,0.76
1157,0.64
1158,0.1
1159,0.86
1160,0.18
1161,0.26
1162,0.06
1163,0.42
1164,0.38
1165,0.38
1166,0.72
1167,0.5
1168,0.96
1169,0.16
1170,0.52
1171,0.18
1172,0.22
1173,0.5
1174,0.1
1175,0.14
1176,0.005
1177,0.48
1178,0.76
1179,0.36
1180,0.34
1181,0.52
1182,0.06
1183,0.64
1184,0.32
1185,0.54
1186,0.36
1187,0.36
1188,0.2
1189,0.36
1190,0.26
1191,0.16
1192,0.44
1193,0.62
1194,0.52
1195,0.12
1196,0.66
1197,0.14
1198,0.66
1199,0.64
1200,0.24
1201,0.38
1202,0.5
1203,0.74
1204,0.5
1205,0.92
1206,0.52
1207,0.82
1208,0.9
1209,0.64
1210,0.18
1211,0.46
1212,0.42
1213,0.68
1214,0.46
1215,0.76
1216,0.8
1217,0.4
1218,0.24
1219,0.76
1220,0.14
1221,0.74
1222,0.4
1223,0.5
1224,0.58
1225,0.44
1226,0.56
1227,0.78
1228,0.18
1229,0.5
1230,0.32
1231,0.2
1232,0.12
1233,0.32
1234,0.72
1235,0.18
1236,0.34
1237,0.14
1238,0.32
1239,0.56
1240,0.12
1241,0.82
1242,0.68
1243,0.28
1244,0.38
1245,0.76
1246,0.82
1247,0.48
1248,0.72
1249,0.82
1250,0.64
1251,0.04
1252,0.36
1253,0.14
1254,0.12
1255,0.4
1256,0.1
1257,0.58
1258,0.02
1259,0.1
1260,0.9
1261,0.4
1262,0.62
1263,0.04
1264,0.16
1265,0.82
1266,0.54
1267,0.48
1268,0.12
1269,0.34
1270,0.54
1271,0.28
1272,0.2
1273,0.48
1274,0.56
1275,0.28
1276,0.3
1277,0.56
1278,0.08
1279,0.06
1280,0.64
1281,0.74
1282,0.88
1283,0.8
1284,0.78
1285,0.54
1286,0.24
1287,0.4
1288,0.36
1289,0.56
1290,0.16
1291,0.74
1292,0.48
1293,0.28
1294,0.32
1295,0.52
1296,0.58
1297,0.24
1298,0.2
1299,0.16
1300,0.34
1301,0.2
1302,0.14
1303,0.14
1304,0.5
1305,0.24
1306,0.04
1307,0.42
1308,0.7
1309,0.5
1310,0.86
1311,0.74
1312,0.58
1313,0.56
1314,0.9
1315,0.3
1316,0.54
1317,0.5
1318,0.76
1319,0.74
1320,0.2
1321,0.62
1322,0.9
1323,0.54
1324,0.58
1325,0.18
1326,0.18
1327,0.42
1328,0.2
1329,0.82
1330,0.72
1331,0.78
1332,0.2
1333,0.8
1334,0.84
1335,0.4
1336,0.74
1337,0.56
1338,0.14
1339,0.52
1340,0.42
1341,0.42
1342,0.68
1343,0.78
1344,0.8
1345,0.12
1346,0.06
1347,0.5
1348,0.72
1349,0.6
1350,0.16
1351,0.34
1352,0.18
1353,0.3
1354,0.48
1355,0.84
1356,0.36
1357,0.78
1358,0.46
1359,0.64
1360,0.3
1361,0.24
1362,0.56
1363,0.04
1364,0.14
1365,0.64
1366,0.16
1367,0.92
1368,0.68
1369,0.26
1370,0.4
1371,0.52
1372,0.22
1373,0.36
1374,0.26
1375,0.56
1376,0.62
1377,0.72
1378,0.7
1379,0.22
1380,0.36
1381,0.44
1382,0.04
1383,0.72
1384,0.3
1385,0.3
1386,0.18
1387,0.78
1388,0.08
1389,0.32
1390,0.28
1391,0.52
1392,0.84
1393,0.42
1394,0.52
1395,0.44
1396,0.06
1397,0.32
1398,0.58
1399,0.08
1400,0.1
1401,0.36
1402,0.14
1403,0.3
1404,0.22
1405,0.58
1406,0.08
1407,0.26
1408,0.88
1409,0.8
1410,0.7
1411,0.74
1412,0.64
1413,0.54
1414,0.4
1415,0.5
1416,0.2
1417,0.6
1418,0.3
1419,0.26
1420,0.4
1421,0.08
1422,0.1
1423,0.74
1424,0.36
1425,0.48
1426,0.86
1427,0.2
1428,0.66
1429,0.74
1430,0.34
1431,0.78
1432,0.26
1433,0.44
1434,0.16
1435,0.5
1436,0.62
1437,0.12
1438,0.08
1439,0.56
1440,0.08
1441,0.32
1442,0.7
1443,0.24
1444,0.1
1445,0.78
1446,0.2
1447,0.44
1448,0.62
1449,0.4
1450,0.06
1451,0.32
1452,0.14
1453,0.52
1454,0.06
1455,0.72
1456,0.46
1457,0.12
1458,0.8
1459,0.38
1460,0.52
1461,0.72
1462,0.62
1463,0.28
1464,0.26
1465,0.36
1466,0.8
1467,0.46
1468,0.46
1469,0.2
1470,0.005
1471,0.22
1472,0.74
1473,0.84
1474,0.52
1475,0.44
1476,0.18
1477,0.48
1478,0.58
1479,0.48
1480,0.78
1481,0.34
1482,0.36
1483,0.32
1484,0.38
1485,0.42
1486,0.32
1487,0.18
1488,0.8
1489,0.44
1490,0.16
1491,0.68
1492,0.44
1493,0.34
1494,0.52
1495,0.26
1496,0.38
1497,0.22
1498,0.74
1499,0.22
1500,0.66
1501,0.24
1502,0.32
1503,0.2
1504,0.72
1505,0.2
1506,0.48
1507,0.02
1508,0.3
1509,0.06
1510,0.2
1511,0.66
1512,0.48
1513,0.26
1514,0.48
1515,0.6
1516,0.76
1517,0.3
1518,0.32
1519,0.74
1520,0.14
1521,0.28
1522,0.94
1523,0.44
1524,0.52
1525,0.52
1526,0.52
1527,0.28
1528,0.42
1529,0.94
1530,0.64
1531,0.24
1532,0.34
1533,0.42
1534,0.18
1535,0.28
1536,0.32
1537,0.42
1538,0.56
1539,0.92
1540,0.24
1541,0.32
1542,0.2
1543,0.62
1544,0.1
1545,0.8
1546,0.64
1547,0.52
1548,0.68
1549,0.36
1550,0.46
1551,0.84
1552,0.58
1553,0.58
1554,0.54
1555,0.42
1556,0.36
1557,0.32
1558,0.12
1559,0.36
1560,0.06
1561,0.28
1562,0.4
1563,0.62
1564,0.5
1565,0.58
1566,0.12
1567,0.2
1568,0.6
1569,0.86
1570,0.32
1571,0.28
1572,0.46
1573,0.005
1574,0.56
1575,0.82
1576,0.38
1577,0.36
1578,0.16
1579,0.34
1580,0.26
1581,0.6
1582,0.42
1583,0.1
1584,0.4
1585,0.62
1586,0.005
1587,0.54
1588,0.16
1589,0.86
1590,0.1
1591,0.4
1592,0.28
1593,0.3
1594,0.52
1595,0.16
1596,0.8
1597,0.48
1598,0.2
1599,0.6
1600,0.1
1601,0.66
1602,0.22
1603,0.34
1604,0.42
1605,0.26
1606,0.3
1607,0.72
1608,0.24
1609,0.02
1610,0.66
1611,0.16
1612,0.44
1613,0.48
1614,0.52
1615,0.24
1616,0.86
1617,0.96
1618,0.08
1619,0.14
1620,0.66
1621,0.84
1622,0.58
1623,0.16
1624,0.06
1625,0.18
1626,0.6
1627,0.34
1628,0.9
1629,0.24
1630,0.4
1631,0.66
1632,0.36
1633,0.5
1634,0.16
1635,0.46
1636,0.28
1637,0.26
1638,0.68
1639,0.36
1640,0.06
1641,0.2
1642,0.4
1643,0.52
1644,0.74
1645,0.08
1646,0.22
1647,0.48
1648,0.84
1649,0.88
1650,0.54
1651,0.8
1652,0.36
1653,0.58
1654,0.22
1655,0.22
1656,0.72
1657,0.02
1658,0.38
1659,0.8
1660,0.76
1661,0.4
1662,0.54
1663,0.32
1664,0.34
1665,0.46
1666,0.06
1667,0.56
1668,0.66
1669,0.82
1670,0.48
1671,0.28
1672,0.34
1673,0.72
1674,0.5
1675,0.36
1676,0.88
1677,0.68
1678,0.32
1679,0.76
1680,0.76
1681,0.26
1682,0.54
1683,0.86
1684,0.04
1685,0.22
1686,0.46
1687,0.24
1688,0.04
1689,0.18
1690,0.02
1691,0.38
1692,0.22
1693,0.64
1694,0.62
1695,0.6
1696,0.42
1697,0.4
1698,0.5
1699,0.32
1700,0.54
1701,0.74
1702,0.62
1703,0.46
1704,0.64
1705,0.54
1706,0.08
1707,0.44
1708,0.5
1709,0.12
1710,0.54
1711,0.32
1712,0.82
1713,0.6
1714,0.46
1715,0.06
1716,0.34
1717,0.18
1718,0.84
1719,0.44
1720,0.14
1721,0.82
1722,0.74
1723,0.26
1724,0.38
1725,0.66
1726,0.18
1727,0.44
1728,0.7
1729,0.36
1730,0.08
1731,0.72
1732,0.08
1733,0.7
1734,0.36
1735,0.36
1736,0.62
1737,0.46
1738,0.84
1739,0.72
1740,0.16
1741,0.72
1742,0.74
1743,0.34
1744,0.08
1745,0.06
1746,0.76
1747,0.22
1748,0.14
1749,0.46
1750,0.94
1751,0.22
1752,0.14
1753,0.4
1754,0.44
1755,0.84
1756,0.42
1757,0.56
1758,0.38
1759,0.62
1760,0.52
1761,0.18
1762,0.22
1763,0.1
1764,0.48
1765,0.3
1766,0.42
1767,0.64
1768,0.22
1769,0.4
1770,0.1
1771,0.28
1772,0.06
1773,0.24
1774,0.66
1775,0.56
1776,0.34
1777,0.08
1778,0.28
1779,0.3
1780,0.18
1781,0.06
1782,0.58
1783,0.2
1784,0.14
1785,0.4
1786,0.34
1787,0.12
1788,0.24
1789,0.62
1790,0.26
1791,0.3
1792,0.72
1793,0.76
1794,0.04
1795,0.4
1796,0.26
1797,0.82
1798,0.4
1799,0.68
1800,0.56
1801,0.48
1802,0.2
1803,0.82
1804,0.14
1805,0.88
1806,0.14
1807,0.58
1808,0.68
1809,0.16
1810,0.005
1811,0.4
1812,0.04
1813,0.1
1814,0.34
1815,0.64
1816,0.4
1817,0.58
1818,0.08
1819,0.8
1820,0.64
1821,0.74
1822,0.2
1823,0.3
1824,0.2
1825,0.26
1826,0.42
1827,0.46
1828,0.2
1829,0.54
1830,0.3
1831,0.52
1832,0.62
1833,0.78
1834,0.34
1835,0.2
1836,0.38
1837,0.28
1838,0.42
1839,0.42
1840,0.76
1841,0.22
1842,0.3
1843,0.54
1844,0.16
1845,0.38
1846,0.48
1847,0.86
1848,0.62
1849,0.3
1850,0.48
1851,0.52
1852,0.18
1853,0.44
1854,0.12
1855,0.28
1856,0.16
1857,0.1
1858,0.46
1859,0.66
1860,0.5
1861,0.44
1862,0.42
1863,0.56
1864,0.26
1865,0.06
1866,0.7
1867,0.2
1868,0.68
1869,0.28
1870,0.12
1871,0.8
1872,0.16
1873,0.44
1874,0.62
1875,0.68
1876,0.8
1877,0.32
1878,0.18
1879,0.48
1880,0.22
1881,0.02
1882,0.34
1883,0.22
1884,0.86
1885,0.14
1886,0.72
1887,0.32
1888,0.66
1889,0.22
1890,0.6
1891,0.22
1892,0.3
1893,0.54
1894,0.38
1895,0.36
1896,0.36
1897,0.08
1898,0.28
1899,0.38
1900,0.26
1901,0.14
1902,0.54
1903,0.48
1904,0.54
1905,0.56
1906,0.1
1907,0.38
1908,0.1
1909,0.38
1910,0.46
1911,0.88
1912,0.5
1913,0.24
1914,0.4
1915,0.7
1916,0.44
1917,0.28
1918,0.14
1919,0.2
1920,0.56
1921,0.8
1922,0.3
1923,0.2
1924,0.8
1925,0.28
1926,0.32
1927,0.58
1928,0.78
1929,0.24
1930,0.4
1931,0.16
1932,0.66
1933,0.58
1934,0.52
1935,0.4
1936,0.22
1937,0.3
1938,0.16
1939,0.9
1940,0.62
1941,0.46
1942,0.12
1943,0.62
1944,0.44
1945,0.4
1946,0.42
1947,0.78
1948,0.8
1949,0.74
1950,0.24
1951,0.42
1952,0.42
1953,0.48
1954,0.18
1955,0.28
1956,0.36
1957,0.3
1958,0.48
1959,0.64
1960,0.46
1961,0.38
1962,0.4
1963,0.56
1964,0.1
1965,0.94
1966,0.28
1967,0.26
1968,0.82
1969,0.46
1970,0.5
1971,0.48
1972,0.24
1973,0.36
1974,0.38
1975,0.42
1976,0.34
1977,0.58
1978,0.3
1979,0.36
1980,0.52
1981,0.7
1982,0.44
1983,0.34
1984,0.78
1985,0.2
1986,0.38
1987,0.52
1988,0.48
1989,0.46
1990,0.46
1991,0.08
1992,0.56
1993,0.76
1994,0.18
1995,0.38
1996,0.36
1997,0.74
1998,0.86
1999,0.94
2000,0.26
2001,0.68
2002,0.68
2003,0.4
2004,0.02
2005,0.5
2006,0.36
2007,0.5
2008,0.56
2009,0.34
2010,0.54
2011,0.2
2012,0.12
2013,0.22
2014,0.12
2015,0.62
2016,0.02
2017,0.5
2018,0.44
2019,0.56
2020,0.72
2021,0.6
2022,0.8
2023,0.38
2024,0.86
2025,0.86
2026,0.08
2027,0.18
2028,0.12
2029,0.36
2030,0.48
2031,0.6
2032,0.38
2033,0.32
2034,0.52
2035,0.44
2036,0.14
2037,0.64
2038,0.2
2039,0.28
2040,0.18
2041,0.64
2042,0.06
2043,0.74
2044,0.28
2045,0.34
2046,0.06
2047,0.38
2048,0.08
2049,0.2
2050,0.18
2051,0.72
2052,0.16
2053,0.52
2054,0.4
2055,0.52
2056,0.5
2057,0.04
2058,0.54
2059,0.38
2060,0.76
2061,0.46
2062,0.32
2063,0.24
2064,0.5
2065,0.56
2066,0.72
2067,0.38
2068,0.6
2069,0.66
2070,0.24
2071,0.74
2072,0.06
2073,0.6
2074,0.66
2075,0.56
2076,0.58
2077,0.4
2078,0.42
2079,0.26
2080,0.48
2081,0.44
2082,0.6
2083,0.56
2084,0.48
2085,0.02
2086,0.14
2087,0.32
2088,0.66
2089,0.78
2090,0.58
2091,0.8
2092,0.26
2093,0.16
2094,0.58
2095,0.56
2096,0.8
2097,0.56
2098,0.4
2099,0.22
2100,0.4
2101,0.62
2102,0.82
2103,0.26
2104,0.8
2105,0.22
2106,0.84
2107,0.94
2108,0.42
2109,0.08
2110,0.52
2111,0.06
2112,0.08
2113,0.32
2114,0.22
2115,0.1
2116,0.64
2117,0.44
2118,0.46
2119,0.42
2120,0.6
2121,0.78
2122,0.3
2123,0.32
2124,0.12
2125,0.62
2126,0.96
2127,0.68
2128,0.26
2129,0.24
2130,0.78
2131,0.56
2132,0.34
2133,0.36
2134,0.46
2135,0.78
2136,0.66
2137,0.52
2138,0.6
2139,0.14
2140,0.22
2141,0.14
2142,0.8
2143,0.36
2144,0.78
2145,0.84
2146,0.62
2147,0.14
2148,0.22
2149,0.7
2150,0.42
2151,0.32
2152,0.2
2153,0.36
2154,0.04
2155,0.58
2156,0.5
2157,0.7
2158,0.16
2159,0.38
2160,0.54
2161,0.22
2162,0.62
2163,0.9
2164,0.56
2165,0.54
2166,0.18
2167,0.78
2168,0.82
2169,0.4
2170,0.48
2171,0.84
2172,0.66
2173,0.18
2174,0.28
2175,0.64
2176,0.64
2177,0.28
2178,0.56
2179,0.3
2180,0.54
2181,0.06
2182,0.24
2183,0.86
2184,0.08
2185,0.68
2186,0.1
2187,0.54
2188,0.74
2189,0.72
2190,0.28
2191,0.72
2192,0.06
2193,0.24
2194,0.46
2195,0.74
2196,0.2
2197,0.66
2198,0.22
2199,0.3
2200,0.44
2201,0.62
2202,0.22
2203,0.74
2204,0.22
2205,0.86
2206,0.8
2207,0.74
2208,0.68
2209,0.54
2210,0.3
2211,0.24
2212,0.44
2213,0.42
2214,0.44
2215,0.1
2216,0.54
2217,0.38
2218,0.44
2219,0.12
2220,0.76
2221,0.2
2222,0.06
2223,0.72
2224,0.64
2225,0.94
2226,0.32
2227,0.22
2228,0.12
2229,0.22
2230,0.14
2231,0.48
2232,0.34
2233,0.74
2234,0.44
2235,0.64
2236,0.36
2237,0.5
2238,0.14
2239,0.12
2240,0.46
2241,0.14
2242,0.18
2243,0.72
2244,0.58
2245,0.56
2246,0.22
2247,0.5
2248,0.4
2249,0.34
2250,0.46
2251,0.74
2252,0.02
2253,0.56
2254,0.56
2255,0.42
2256,0.1
2257,0.46
2258,0.9
2259,0.08
2260,0.52
2261,0.42
2262,0.08
2263,0.46
2264,0.28
2265,0.68
2266,0.16
2267,0.44
2268,0.28
2269,0.16
2270,0.14
2271,0.56
2272,0.4
2273,0.36
2274,0.18
2275,0.54
2276,0.82
2277,0.1
2278,0.18
2279,0.24
2280,0.64
2281,0.6
2282,0.74
2283,0.16
2284,0.3
2285,0.66
2286,0.66
2287,0.32
2288,0.62
2289,0.62
2290,0.38
2291,0.22
2292,0.02
2293,0.2
2294,0.6
2295,0.12
2296,0.46
2297,0.1
2298,0.86
2299,0.46
2300,0.04
2301,0.24
2302,0.38
2303,0.005
2304,0.02
2305,0.76
2306,0.68
2307,0.66
2308,0.18
2309,0.86
2310,0.8
2311,0.74
2312,0.4
2313,0.72
2314,0.36
2315,0.32
2316,0.94
2317,0.4
2318,0.62
2319,0.2
2320,0.1
2321,0.18
2322,0.2
2323,0.64
2324,0.02
2325,0.24
2326,0.74
2327,0.52
2328,0.5
2329,0.32
2330,0.68
2331,0.32
2332,0.46
2333,0.12
2334,0.14
2335,0.06
2336,0.54
2337,0.46
2338,0.16
2339,0.36
2340,0.44
2341,0.22
2342,0.46
2343,0.68
2344,0.26
2345,0.22
2346,0.14
2347,0.68
2348,0.44
2349,0.74
2350,0.76
2351,0.3
2352,0.36
2353,0.02
2354,0.36
2355,0.88
2356,0.56
2357,0.52
2358,0.44
2359,0.02
2360,0.92
2361,0.16
2362,0.52
2363,0.14
2364,0.66
2365,0.22
2366,0.04
2367,0.28
2368,0.12
2369,0.44
2370,0.24
2371,0.84
2372,0.76
2373,0.26
2374,0.56
2375,0.48
2376,0.72
2377,0.4
2378,0.48
2379,0.24
2380,0.52
2381,0.24
2382,0.14
2383,0.2
2384,0.52
2385,0.1
2386,0.56
2387,0.04
2388,0.72
2389,0.16
2390,0.44
2391,0.06
2392,0.18
2393,0.16
2394,0.26
2395,0.82
2396,0.38
2397,0.78
2398,0.42
2399,0.34
2400,0.52
2401,0.68
2402,0.48
2403,0.44
2404,0.12
2405,0.52
2406,0.46
2407,0.38
2408,0.58
2409,0.48
2410,0.4
2411,0.44
2412,0.02
2413,0.48
2414,0.58
2415,0.16
2416,0.12
2417,0.74
2418,0.54
2419,0.26
2420,0.54
2421,0.42
2422,0.08
2423,0.46
2424,0.28
2425,0.06
2426,0.32
2427,0.42
2428,0.04
2429,0.08
2430,0.38
2431,0.76
2432,0.74
2433,0.22
2434,0.18
2435,0.36
2436,0.22
2437,0.16
2438,0.62
2439,0.58
2440,0.62
2441,0.32
2442,0.1
2443,0.14
2444,0.52
2445,0.36
2446,0.32
2447,0.68
2448,0.26
2449,0.72
2450,0.48
2451,0.18
2452,0.48
2453,0.3
2454,0.66
2455,0.26
2456,0.5
2457,0.34
2458,0.72
2459,0.1
2460,0.5
2461,0.56
2462,0.62
2463,0.38
2464,0.42
2465,0.48
2466,0.08
2467,0.58
2468,0.1
2469,0.54
2470,0.44
2471,0.3
2472,0.2
2473,0.54
2474,0.78
2475,0.5
2476,0.44
2477,0.34
2478,0.64
2479,0.94
2480,0.34
2481,0.18
2482,0.64
2483,0.24
2484,0.56
2485,0.54
2486,0.42
2487,0.18
2488,0.46
2489,0.62
2490,0.9
2491,0.44
2492,0.6
2493,0.7
2494,0.32
2495,0.62
2496,0.9
2497,0.36
2498,0.32
2499,0.16
2500,0.46
2501,0.16
2502,0.42
2503,0.58
2504,0.06
2505,0.06
2506,0.16
2507,0.2
2508,0.2
2509,0.12
2510,0.52
2511,0.6
2512,0.04
2513,0.44
2514,0.3
2515,0.12
2516,0.74
2517,0.26
2518,0.46
2519,0.72
2520,0.005
2521,0.52
2522,0.74
2523,0.28
2524,0.5
2525,0.64
2526,0.58
2527,0.14
2528,0.44
2529,0.6
2530,0.14
2531,0.7
2532,0.88
2533,0.52
2534,0.5
2535,0.88
2536,0.44
2537,0.36
2538,0.54
2539,0.12
2540,0.64
2541,0.68
2542,0.52
2543,0.42
2544,0.26
2545,0.14
2546,0.76
2547,0.74
2548,0.22
2549,0.32
2550,0.02
2551,0.22
2552,0.22
2553,0.12
2554,0.26
2555,0.44
2556,0.1
2557,0.84
2558,0.66
2559,0.22
2560,0.72
2561,0.46
2562,0.26
2563,0.34
2564,0.24
2565,0.24
2566,0.22
2567,0.36
2568,0.76
2569,0.1
2570,0.24
2571,0.18
2572,0.22
2573,0.38
2574,0.52
2575,0.12
2576,0.02
2577,0.66
2578,0.14
2579,0.44
2580,0.72
2581,0.88
2582,0.44
2583,0.24
2584,0.66
2585,0.5
2586,0.68
2587,0.08
2588,0.76
2589,0.18
2590,0.42
2591,0.14
2592,0.6
2593,0.72
2594,0.4
2595,0.52
2596,0.4
2597,0.26
2598,0.86
2599,0.26
2600,0.56
2601,0.52
2602,0.64
2603,0.08
2604,0.44
2605,0.16
2606,0.78
2607,0.02
2608,0.06
2609,0.62
2610,0.84
2611,0.3
2612,0.52
2613,0.2
2614,0.26
2615,0.4
2616,0.6
2617,0.14
2618,0.22
2619,0.9
2620,0.08
2621,0.5
2622,0.54
2623,0.74
2624,0.52
2625,0.16
2626,0.68
2627,0.4
2628,0.06
2629,0.78
2630,0.42
2631,0.68
2632,0.78
2633,0.1
2634,0.4
2635,0.34
2636,0.02
2637,0.66
2638,0.82
2639,0.42
2640,0.12
2641,0.44
2642,0.86
2643,0.28
2644,0.46
2645,0.6
2646,0.74
2647,0.42
2648,0.1
2649,0.64
2650,0.86
2651,0.2
2652,0.84
2653,0.18
2654,0.32
2655,0.4
2656,0.88
2657,0.58
2658,0.28
2659,0.7
2660,0.8
2661,0.2
2662,0.26
2663,0.36
2664,0.74
2665,0.2
2666,0.08
2667,0.54
2668,0.6
2669,0.16
2670,0.7
2671,0.48
2672,0.54
2673,0.7
2674,0.28
2675,0.72
2676,0.6
2677,0.08
2678,0.44
2679,0.38
2680,0.16
2681,0.84
2682,0.1
2683,0.44
2684,0.32
2685,0.26
2686,0.8
2687,0.58
2688,0.84
2689,0.14
2690,0.32
2691,0.28
2692,0.12
2693,0.34
2694,0.26
2695,0.84
2696,0.38
2697,0.42
2698,0.44
2699,0.8
2700,0.38
2701,0.44
2702,0.62
2703,0.12
2704,0.64
2705,0.74
2706,0.56
2707,0.62
2708,0.84
2709,0.24
2710,0.3
2711,0.76
2712,0.46
2713,0.38
2714,0.02
2715,0.44
2716,0.8
2717,0.54
2718,0.6
2719,0.34
2720,0.24
2721,0.62
2722,0.5
2723,0.7
2724,0.68
2725,0.38
2726,0.64
2727,0.12
2728,0.22
2729,0.4
2730,0.08
2731,0.68
2732,0.42
2733,0.72
2734,0.34
2735,0.14
2736,0.84
2737,0.52
2738,0.76
2739,0.66
2740,0.1
2741,0.78
2742,0.38
2743,0.54
2744,0.58
2745,0.26
2746,0.44
2747,0.46
2748,0.26
2749,0.66
2750,0.14
2751,0.52
2752,0.52
2753,0.3
2754,0.4
2755,0.4
2756,0.4
2757,0.9
2758,0.16
2759,0.28
2760,0.34
2761,0.62
2762,0.58
2763,0.26
2764,0.22
2765,0.52
2766,0.24
2767,0.16
2768,0.34
2769,0.06
2770,0.68
2771,0.48
2772,0.08
2773,0.72
2774,0.14
2775,0.46
2776,0.54
2777,0.88
2778,0.62
2779,0.4
2780,0.74
2781,0.52
2782,0.68
2783,0.8
2784,0.38
2785,0.46
2786,0.16
2787,0.74
2788,0.38
2789,0.88
2790,0.76
2791,0.06
2792,0.82
2793,0.16
2794,0.34
2795,0.4
2796,0.24
2797,0.16
2798,0.28
2799,0.08
2800,0.38
2801,0.6
2802,0.22
2803,0.54
2804,0.44
2805,0.66
2806,0.68
2807,0.14
2808,0.58
2809,0.32
2810,0.16
2811,0.46
2812,0.52
2813,0.82
2814,0.7
2815,0.68
2816,0.22
2817,0.54
2818,0.1
2819,0.64
2820,0.32
2821,0.36
2822,0.42
2823,0.04
2824,0.64
2825,0.46
2826,0.3
2827,0.68
2828,0.04
2829,0.12
2830,0.18
2831,0.88
2832,0.6
2833,0.74
2834,0.3
2835,0.82
2836,0.18
2837,0.6
2838,0.48
2839,0.16
2840,0.52
2841,0.06
2842,0.34
2843,0.58
2844,0.62
2845,0.26
2846,0.34
2847,0.32
2848,0.38
2849,0.18
2850,0.34
2851,0.44
2852,0.44
2853,0.64
2854,0.14
2855,0.24
2856,0.32
2857,0.1
2858,0.14
2859,0.74
2860,0.72
2861,0.1
2862,0.74
2863,0.22
2864,0.04
2865,0.78
2866,0.5
2867,0.6
2868,0.16
2869,0.04
2870,0.3
2871,0.44
2872,0.56
2873,0.14
2874,0.06
2875,0.74
2876,0.36
2877,0.4
2878,0.1
2879,0.18
2880,0.04
2881,0.12
2882,0.34
2883,0.56
2884,0.8
2885,0.34
2886,0.68
2887,0.22
2888,0.86
2889,0.42
2890,0.58
2891,0.46
2892,0.18
2893,0.48
2894,0.78
2895,0.8
2896,0.48
2897,0.1
2898,0.22
2899,0.64
2900,0.42
2901,0.4
2902,0.22
2903,0.78
2904,0.54
2905,0.08
2906,0.34
2907,0.64
2908,0.12
2909,0.64
2910,0.66
2911,0.24
2912,0.38
2913,0.8
2914,0.44
2915,0.7
2916,0.58
2917,0.68
2918,0.66
2919,0.18
2920,0.22
2921,0.16
2922,0.005
2923,0.1
2924,0.44
2925,0.34
2926,0.48
2927,0.46
2928,0.68
2929,0.68
2930,0.88
2931,0.12
2932,0.08
2933,0.58
2934,0.66
2935,0.56
2936,0.72
2937,0.18
2938,0.24
2939,0.56
2940,0.24
2941,0.96
2942,0.04
2943,0.46
2944,0.78
2945,0.34
2946,0.1
2947,0.56
2948,0.16
2949,0.54
2950,0.8
2951,0.68
2952,0.82
2953,0.24
2954,0.7
2955,0.34
2956,0.02
2957,0.64
2958,0.76
2959,0.5
2960,0.08
2961,0.22
2962,0.58
2963,0.42
2964,0.88
2965,0.6
2966,0.86
2967,0.54
2968,0.42
2969,0.2
2970,0.52
2971,0.24
2972,0.6
2973,0.54
2974,0.3
2975,0.32
2976,0.36
2977,0.28
2978,0.88
2979,0.6
2980,0.3
2981,0.46
2982,0.34
2983,0.14
2984,0.54
2985,0.36
2986,0.42
2987,0.52
2988,0.24
2989,0.86
2990,0.84
2991,0.2
2992,0.78
2993,0.58
2994,0.58
2995,0.32
2996,0.32
2997,0.46
2998,0.3
2999,0.62
3000,0.16
3001,0.18
3002,0.6
3003,0.2
3004,0.66
3005,0.14
3006,0.42
3007,0.34
3008,0.12
3009,0.48
3010,0.64
3011,0.54
3012,0.58
3013,0.84
3014,0.62
3015,0.76
3016,0.6
3017,0.7
3018,0.26
3019,0.78
3020,0.84
3021,0.26
3022,0.02
3023,0.68
3024,0.42
3025,0.22
3026,0.14
3027,0.64
3028,0.98
3029,0.22
3030,0.94
3031,0.62
3032,0.32
3033,0.1
3034,0.38
3035,0.22
3036,0.82
3037,0.18
3038,0.36
3039,0.78
3040,0.46
3041,0.64
3042,0.24
3043,0.16
3044,0.06
3045,0.8
3046,0.22
3047,0.16
3048,0.46
3049,0.28
3050,0.8
3051,0.12
3052,0.58
3053,0.5
3054,0.58
3055,0.48
3056,0.66
3057,0.3
3058,0.72
3059,0.84
3060,0.3
3061,0.7
3062,0.52
3063,0.2
3064,0.44
3065,0.88
3066,0.46
3067,0.24
3068,0.68
3069,0.28
3070,0.3
3071,0.94
3072,0.44
3073,0.78
3074,0.46
3075,0.22
3076,0.38
3077,0.52
3078,0.6
3079,0.72
3080,0.64
3081,0.24
3082,0.2
3083,0.44
3084,0.04
3085,0.38
3086,0.12
3087,0.14
3088,0.26
3089,0.6
3090,0.8
3091,0.84
3092,0.3
3093,0.6
3094,0.72
3095,0.44
3096,0.16
3097,0.7
3098,0.66
3099,0.3
3100,0.56
3101,0.88
3102,0.64
3103,0.14
3104,0.32
3105,0.1
3106,0.28
3107,0.66
3108,0.18
3109,0.34
3110,0.82
3111,0.56
3112,0.5
3113,0.12
3114,0.68
3115,0.06
3116,0.32
3117,0.46
3118,0.48
3119,0.88
3120,0.42
3121,0.16
3122,0.66
3123,0.44
3124,0.16
3125,0.68
3126,0.6
3127,0.62
3128,0.34
3129,0.18
3130,0.44
3131,0.42
3132,0.72
3133,0.6
3134,0.14
3135,0.52
3136,0.52
3137,0.64
3138,0.04
3139,0.6
3140,0.14
3141,0.3
3142,0.48
3143,0.62
3144,0.76
3145,0.48
3146,0.28
3147,0.78
3148,0.5
3149,0.42
3150,0.56
3151,0.04
3152,0.46
3153,0.84
3154,0.44
3155,0.14
3156,0.52
3157,0.22
3158,0.12
3159,0.24
3160,0.36
3161,0.76
3162,0.6
3163,0.22
3164,0.34
3165,0.66
3166,0.5
3167,0.46
3168,0.58
3169,0.18
3170,0.68
3171,0.8
3172,0.2
3173,0.8
3174,0.26
3175,0.66
3176,0.48
3177,0.44
3178,0.58
3179,0.1
3180,0.16
3181,0.3
3182,0.005
3183,0.18
3184,0.66
3185,0.56
3186,0.3
3187,0.48
3188,0.6
3189,0.9
3190,0.8
3191,0.16
3192,0.56
3193,0.72
3194,0.08
3195,0.26
3196,0.06
3197,0.38
3198,0.78
3199,0.28
3200,0.38
3201,0.4
3202,0.2
3203,0.24
3204,0.8
3205,0.66
3206,0.62
3207,0.22
3208,0.34
3209,0.84
3210,0.7
3211,0.54
3212,0.34
3213,0.26
3214,0.3
3215,0.4
3216,0.34
3217,0.44
3218,0.76
3219,0.24
3220,0.94
3221,0.16
3222,0.36
3223,0.54
3224,0.04
3225,0.5
3226,0.24
3227,0.44
3228,0.14
3229,0.92
3230,0.12
3231,0.72
3232,0.38
3233,0.4
3234,0.86
3235,0.48
3236,0.66
3237,0.44
3238,0.44
3239,0.42
3240,0.54
3241,0.66
3242,0.36
3243,0.9
3244,0.52
3245,0.58
3246,0.52
3247,0.52
3248,0.68
3249,0.54
3250,0.04
3251,0.38
3252,0.44
3253,0.16
3254,0.32
3255,0.3
3256,0.6
3257,0.36
3258,0.7
3259,0.3
3260,0.06
3261,0.52
3262,0.22
3263,0.68
3264,0.74
3265,0.74
3266,0.2
3267,0.24
3268,0.22
3269,0.02
3270,0.58
3271,0.34
3272,0.48
3273,0.68
3274,0.62
3275,0.64
3276,0.72
3277,0.76
3278,0.38
3279,0.3
3280,0.5
3281,0.42
3282,0.8
3283,0.04
3284,0.7
3285,0.3
3286,0.28
3287,0.18
3288,0.3
3289,0.56
3290,0.5
3291,0.34
3292,0.08
3293,0.1
3294,0.86
3295,0.1
3296,0.42
3297,0.54
3298,0.66
3299,0.46
3300,0.64
3301,0.8
3302,0.34
3303,0.84
3304,0.08
3305,0.7
3306,0.58
3307,0.46
3308,0.72
3309,0.8
3310,0.64
3311,0.72
3312,0.48
3313,0.82
3314,0.52
3315,0.12
3316,0.36
3317,0.78
3318,0.18
3319,0.22
3320,0.2
3321,0.44
3322,0.005
3323,0.1
3324,0.24
3325,0.14
3326,0.64
3327,0.72
3328,0.26
3329,0.16
3330,0.24
3331,0.3
3332,0.48
3333,0.38
3334,0.64
3335,0.7
3336,0.12
3337,0.66
3338,0.4
3339,0.5
3340,0.7
3341,0.64
3342,0.68
3343,0.74
3344,0.58
3345,0.62
3346,0.44
3347,0.36
3348,0.66
3349,0.62
3350,0.46
3351,0.2
3352,0.44
3353,0.42
3354,0.52
3355,0.68
3356,0.1
3357,0.54
3358,0.26
3359,0.12
3360,0.2
3361,0.56
3362,0.1
3363,0.76
3364,0.42
3365,0.58
3366,0.14
3367,0.24
3368,0.16
3369,0.56
3370,0.36
3371,0.58
3372,0.72
3373,0.36
3374,0.08
3375,0.4
3376,0.22
3377,0.44
3378,0.5
3379,0.72
3380,0.34
3381,0.68
3382,0.46
3383,0.48
3384,0.24
3385,0.08
3386,0.58
3387,0.16
3388,0.6
3389,0.34
3390,0.82
3391,0.46
3392,0.14
3393,0.78
3394,0.7
3395,0.18
3396,0.28
3397,0.66
3398,0.72
3399,0.12
3400,0.66
3401,0.76
3402,0.48
3403,0.42
3404,0.54
3405,0.44
3406,0.6
3407,0.76
3408,0.18
3409,0.82
3410,0.4
3411,0.74
3412,0.18
3413,0.6
3414,0.44
3415,0.24
3416,0.84
3417,0.2
3418,0.24
3419,0.18
3420,0.56
3421,0.88
3422,0.48
3423,0.44
3424,0.62
3425,0.32
3426,0.34
3427,0.8
3428,0.18
3429,0.48
3430,0.5
3431,0.66
3432,0.16
3433,0.32
3434,0.18
3435,0.2
3436,0.6
3437,0.42
3438,0.28
3439,0.76
3440,0.26
3441,0.22
3442,0.28
3443,0.54
3444,0.6
3445,0.18
3446,0.16
3447,0.48
3448,0.28
3449,0.26
3450,0.06
3451,0.42
3452,0.3
3453,0.3
3454,0.34
3455,0.16
3456,0.24
3457,0.28
3458,0.52
3459,0.6
3460,0.04
3461,0.8
3462,0.46
3463,0.26
3464,0.78
3465,0.84
3466,0.56
3467,0.8
3468,0.36
3469,0.44
3470,0.18
3471,0.54
3472,0.24
3473,0.32
3474,0.14
3475,0.5
3476,0.14
3477,0.28
3478,0.5
3479,0.48
3480,0.48
3481,0.8
3482,0.78
3483,0.4
3484,0.72
3485,0.22
3486,0.5
3487,0.64
3488,0.84
3489,0.24
3490,0.48
3491,0.78
3492,0.6
3493,0.14
3494,0.48
3495,0.64
3496,0.46
3497,0.6
3498,0.08
3499,0.66
3500,0.34
3501,0.14
3502,0.56
3503,0.74
3504,0.1
3505,0.12
3506,0.68
3507,0.16
3508,0.34
3509,0.34
3510,0.84
3511,0.06
3512,0.1
3513,0.7
3514,0.44
3515,0.2
3516,0.6
3517,0.56
3518,0.74
3519,0.14
3520,0.82
3521,0.2
3522,0.38
3523,0.28
3524,0.5
3525,0.6
3526,0.6
3527,0.6
3528,0.32
3529,0.22
3530,0.48
3531,0.36
3532,0.66
3533,0.16
3534,0.32
3535,0.12
3536,0.5
3537,0.58
3538,0.4
3539,0.34
3540,0.14
3541,0.48
3542,0.32
3543,0.12
3544,0.16
3545,0.46
3546,0.78
3547,0.28
3548,0.12
3549,0.46
3550,0.3
3551,0.34
3552,0.7
3553,0.34
3554,0.9
3555,0.02
3556,0.44
3557,0.02
3558,0.24
3559,0.38
3560,0.64
3561,0.72
3562,0.005
3563,0.3
3564,0.4
3565,0.1
3566,0.02
3567,0.92
3568,0.4
3569,0.22
3570,0.52
3571,0.2
3572,0.22
3573,0.14
3574,0.64
3575,0.54
3576,0.86
3577,0.64
3578,0.54
3579,0.28
3580,0.54
3581,0.8
3582,0.04
3583,0.68
3584,0.34
3585,0.54
3586,0.26
3587,0.36
3588,0.38
3589,0.88
3590,0.46
3591,0.66
3592,0.44
3593,0.14
3594,0.66
3595,0.66
3596,0.3
3597,0.82
3598,0.12
3599,0.72
3600,0.58
3601,0.36
3602,0.5
3603,0.32
3604,0.72
3605,0.32
3606,0.2
3607,0.16
3608,0.08
3609,0.72
3610,0.06
3611,0.2
3612,0.16
3613,0.72
3614,0.26
3615,0.2
3616,0.4
3617,0.2
3618,0.58
3619,0.7
3620,0.3
3621,0.44
3622,0.1
3623,0.48
3624,0.3
3625,0.34
3626,0.62
3627,0.64
3628,0.52
3629,0.62
3630,0.54
3631,0.66
3632,0.78
3633,0.4
3634,0.82
3635,0.7
3636,0.96
3637,0.66
3638,0.62
3639,0.24
3640,0.58
3641,0.08
3642,0.76
3643,0.46
3644,0.42
3645,0.44
3646,0.58
3647,0.68
3648,0.76
3649,0.64
3650,0.18
3651,0.28
3652,0.34
3653,0.52
3654,0.34
3655,0.72
3656,0.82
3657,0.24
3658,0.46
3659,0.28
3660,0.3
3661,0.44
3662,0.3
3663,0.58
3664,0.84
3665,0.02
3666,0.66
3667,0.64
3668,0.66
3669,0.76
3670,0.5
3671,0.88
3672,0.3
3673,0.66
3674,0.04
3675,0.6
3676,0.94
3677,0.36
3678,0.66
3679,0.68
3680,0.04
3681,0.7
3682,0.58
3683,0.3
3684,0.22
3685,0.9
3686,0.62
3687,0.22
3688,0.44
3689,0.7
3690,0.64
3691,0.54
3692,0.32
3693,0.46
3694,0.96
3695,0.36
3696,0.2
3697,0.14
3698,0.44
3699,0.74
3700,0.9
3701,0.36
3702,0.54
3703,0.04
3704,0.52
3705,0.28
3706,0.82
3707,0.06
3708,0.64
3709,0.04
3710,0.24
3711,0.54
3712,0.6
3713,0.06
3714,0.24
3715,0.22
3716,0.1
3717,0.52
3718,0.1
3719,0.6
3720,0.34
3721,0.58
3722,0.74
3723,0.3
3724,0.42
3725,0.56
3726,0.94
3727,0.88
3728,0.8
3729,0.66
3730,0.64
3731,0.4
3732,0.98
3733,0.14
3734,0.36
3735,0.64
3736,0.76
3737,0.54
3738,0.06
3739,0.62
3740,0.14
3741,0.005
3742,0.48
3743,0.86
3744,0.44
3745,0.74
3746,0.24
3747,0.74
3748,0.52
3749,0.56
3750,0.74
3751,0.58
3752,0.38
3753,0.06
3754,0.8
3755,0.32
3756,0.62
3757,0.32
3758,0.28
3759,0.68
3760,0.22
3761,0.42
3762,0.48
3763,0.84
3764,0.76
3765,0.54
3766,0.02
3767,0.28
3768,0.04
3769,0.18
3770,0.26
3771,0.6
3772,0.16
3773,0.26
3774,0.1
3775,0.52
3776,0.08
3777,0.78
3778,0.8
3779,0.68
3780,0.28
3781,0.14
3782,0.1
3783,0.34
3784,0.06
3785,0.68
3786,0.78
3787,0.88
3788,0.22
3789,0.12
3790,0.8
3791,0.2
3792,0.52
3793,0.56
3794,0.54
3795,0.5
3796,0.34
3797,0.34
3798,0.66
3799,0.52
3800,0.7
3801,0.56
3802,0.3
3803,0.34
3804,0.48
3805,0.6
3806,0.4
3807,0.42
3808,0.36
3809,0.68
3810,0.94
3811,0.52
3812,0.4
3813,0.02
3814,0.8
3815,0.14
3816,0.24
3817,0.12
3818,0.66
3819,0.16
3820,0.16
3821,0.08
3822,0.6
3823,0.8
3824,0.66
3825,0.8
3826,0.7
3827,0.66
3828,0.1
3829,0.34
3830,0.46
3831,0.38
3832,0.72
3833,0.82
3834,0.34
3835,0.56
3836,0.4
3837,0.28
3838,0.6
3839,0.38
3840,0.54
3841,0.22
3842,0.62
3843,0.62
3844,0.3
3845,0.16
3846,0.32
3847,0.26
3848,0.64
3849,0.68
3850,0.64
3851,0.06
3852,0.74
3853,0.44
3854,0.2
3855,0.36
3856,0.26
3857,0.3
3858,0.32
3859,0.46
3860,0.62
3861,0.3
3862,0.38
3863,0.62
3864,0.28
3865,0.14
3866,0.3
3867,0.26
3868,0.86
3869,0.8
3870,0.32
3871,0.12
3872,0.7
3873,0.64
3874,0.46
3875,0.7
3876,0.16
3877,0.22
3878,0.36
3879,0.12
3880,0.04
3881,0.24
3882,0.9
3883,0.56
3884,0.04
3885,0.28
3886,0.56
3887,0.68
3888,0.66
3889,0.4
3890,0.52
3891,0.005
3892,0.44
3893,0.24
3894,0.6
3895,0.2
3896,0.78
3897,0.28
3898,0.58
3899,0.1
3900,0.4
3901,0.04
3902,0.5
3903,0.76
3904,0.12
3905,0.6
3906,0.36
3907,0.26
3908,0.96
3909,0.12
3910,0.32
3911,0.38
3912,0.28
3913,0.78
3914,0.12
3915,0.38
3916,0.4
3917,0.2
3918,0.14
3919,0.06
3920,0.1
3921,0.2
3922,0.4
3923,0.24
3924,0.62
3925,0.48
3926,0.58
3927,0.86
3928,0.78
3929,0.44
3930,0.84
3931,0.7
3932,0.1
3933,0.38
3934,0.24
3935,0.42
3936,0.52
3937,0.24
3938,0.58
3939,0.52
3940,0.82
3941,0.64
3942,0.1
3943,0.74
3944,0.18
3945,0.44
3946,0.1
3947,0.18
3948,0.78
3949,0.1
3950,0.54
3951,0.62
3952,0.4
3953,0.38
3954,0.86
3955,0.74
3956,0.84
3957,0.005
3958,0.32
3959,0.64
3960,0.74
3961,0.18
3962,0.36
3963,0.68
3964,0.76
3965,0.8
3966,0.72
3967,0.86
3968,0.54
3969,0.2
3970,0.04
3971,0.68
3972,0.44
3973,0.42
3974,0.46
3975,0.3
3976,0.34
3977,0.66
3978,0.14
3979,0.26
3980,0.62
3981,0.78
3982,0.9
3983,0.9
3984,0.36
3985,0.18
3986,0.44
3987,0.86
3988,0.6
3989,0.6
3990,0.58
3991,0.76
3992,0.16
3993,0.4
3994,0.44
3995,0.14
3996,0.44
3997,0.1
3998,0.08
3999,0.72
4000,0.12
4001,0.28
4002,0.26
4003,0.58
4004,0.74
4005,0.3
4006,0.66
4007,0.72
4008,0.66
4009,0.6
4010,0.2
4011,0.56
4012,0.62
4013,0.54
4014,0.46
4015,0.54
4016,0.08
4017,0.22
4018,0.34
4019,0.2
4020,0.58
4021,0.62
4022,0.34
4023,0.66
4024,0.22
4025,0.58
4026,0.96
4027,0.78
4028,0.2
4029,0.16
4030,0.52
4031,0.42
4032,0.56
4033,0.6
4034,0.84
4035,0.12
4036,0.52
4037,0.5
4038,0.3
4039,0.5
4040,0.64
4041,0.68
4042,0.3
4043,0.86
4044,0.06
4045,0.22
4046,0.08
4047,0.68
4048,0.64
4049,0.06
4050,0.22
4051,0.16
4052,0.66
4053,0.68
4054,0.42
4055,0.78
4056,0.6
4057,0.26
4058,0.12
4059,0.38
4060,0.24
4061,0.86
4062,0.52
4063,0.92
4064,0.9
4065,0.28
4066,0.84
4067,0.42
4068,0.12
4069,0.48
4070,0.5
4071,0.02
4072,0.58
4073,0.6
4074,0.1
4075,0.44
4076,0.14
4077,0.42
4078,0.78
4079,0.4
4080,0.56
4081,0.38
4082,0.64
4083,0.46
4084,0.5
4085,0.4
4086,0.52
4087,0.34
4088,0.42
4089,0.36
4090,0.24
4091,0.32
4092,0.18
4093,0.66
4094,0.44
4095,0.32
4096,0.3
4097,0.86
4098,0.86
4099,0.28
4100,0.66
4101,0.1
4102,0.54
4103,0.88
4104,0.36
4105,0.5
4106,0.82
4107,0.66
4108,0.66
4109,0.1
4110,0.82
4111,0.82
4112,0.8
4113,0.3
4114,0.46
4115,0.32
4116,0.74
4117,0.52
4118,0.7
4119,0.4
4120,0.5
4121,0.12
4122,0.72
4123,0.3
4124,0.64
4125,0.5
4126,0.18
4127,0.18
4128,0.1
4129,0.005
4130,0.32
4131,0.14
4132,0.06
4133,0.52
4134,0.24
4135,0.62
4136,0.1
4137,0.44
4138,0.54
4139,0.8
4140,0.58
4141,0.3
4142,0.06
4143,0.74
4144,0.68
4145,0.58
4146,0.66
4147,0.32
4148,0.28
4149,0.26
4150,0.46
4151,0.78
4152,0.74
4153,0.52
4154,0.26
4155,0.44
4156,0.64
4157,0.62
4158,0.86
4159,0.46
4160,0.52
4161,0.14
4162,0.44
4163,0.62
4164,0.16
4165,0.52
4166,0.32
4167,0.6
4168,0.52
4169,0.28
4170,0.48
4171,0.04
4172,0.58
4173,0.52
4174,0.16
4175,0.22
4176,0.56
4177,0.5
4178,0.1
4179,0.28
4180,0.64
4181,0.12
4182,0.54
4183,0.66
4184,0.62
4185,0.24
4186,0.38
4187,0.58
4188,0.08
4189,0.62
4190,0.4
4191,0.38
4192,0.88
4193,0.04
4194,0.78
4195,0.52
4196,0.8
4197,0.08
4198,0.08
4199,0.2
4200,0.58
4201,0.1
4202,0.1
4203,0.68
4204,0.32
4205,0.22
4206,0.86
4207,0.7
4208,0.08
4209,0.58
4210,0.76
4211,0.96
4212,0.54
4213,0.2
4214,0.7
4215,0.56
4216,0.58
4217,0.6
4218,0.68
4219,0.78
4220,0.46
4221,0.4
4222,0.52
4223,0.38
4224,0.16
4225,0.72
4226,0.52
4227,0.36
4228,0.26
4229,0.62
4230,0.22
4231,0.26
4232,0.9
4233,0.5
4234,0.24
4235,0.88
4236,0.44
4237,0.86
4238,0.22
4239,0.48
4240,0.36
4241,0.48
4242,0.04
4243,0.9
4244,0.84
4245,0.74
4246,0.24
4247,0.72
4248,0.58
4249,0.2
4250,0.54
4251,0.7
4252,0.4
4253,0.06
4254,0.3
4255,0.54
4256,0.16
4257,0.28
4258,0.44
4259,0.38
4260,0.7
4261,0.28
4262,0.72
4263,0.64
4264,0.54
4265,0.52
4266,0.26
4267,0.12
4268,0.68
4269,0.32
4270,0.54
4271,0.36
4272,0.78
4273,0.18
4274,0.6
4275,0.42
4276,0.26
4277,0.5
4278,0.72
4279,0.68
4280,0.74
4281,0.44
4282,0.02
4283,0.68
4284,0.18
4285,0.88
4286,0.56
4287,0.24
4288,0.04
4289,0.14
4290,0.2
4291,0.48
4292,0.64
4293,0.46
4294,0.3
4295,0.02
4296,0.82
4297,0.18
4298,0.08
4299,0.36
4300,0.64
4301,0.08
4302,0.5
4303,0.18
4304,0.7
4305,0.52
4306,0.46
4307,0.18
4308,0.8
4309,0.66
4310,0.54
4311,0.48
4312,0.14
4313,0.58
4314,0.94
4315,0.26
4316,0.72
4317,0.08
4318,0.32
4319,0.6
4320,0.02
4321,0.28
4322,0.32
4323,0.18
4324,0.7
4325,0.2
4326,0.72
4327,0.28
4328,0.68
4329,0.06
4330,0.46
4331,0.68
4332,0.04
4333,0.22
4334,0.46
4335,0.46
4336,0.3
4337,0.46
4338,0.16
4339,0.34
4340,0.98
4341,0.2
4342,0.52
4343,0.28
4344,0.2
4345,0.16
4346,0.72
4347,0.3
4348,0.3
4349,0.08
4350,0.6
4351,0.32
4352,0.56
4353,0.16
4354,0.16
4355,0.34
4356,0.8
4357,0.28
4358,0.72
4359,0.3
4360,0.78
4361,0.16
4362,0.06
4363,0.88
4364,0.54
4365,0.06
4366,0.38
4367,0.4
4368,0.38
4369,0.06
4370,0.94
4371,0.24
4372,0.32
4373,0.46
4374,0.16
4375,0.62
4376,0.32
4377,0.76
4378,0.2
4379,0.26
4380,0.48
4381,0.64
4382,0.48
4383,0.1
4384,0.72
4385,0.4
4386,0.34
4387,0.14
4388,0.12
4389,0.3
4390,0.32
4391,0.06
4392,0.36
4393,0.42
4394,0.44
4395,0.16
4396,0.08
4397,0.28
4398,0.5
4399,0.28
4400,0.32
4401,0.08
4402,0.46
4403,0.38
4404,0.2
4405,0.32
4406,0.52
4407,0.3
4408,0.82
4409,0.3
4410,0.14
4411,0.46
4412,0.68
4413,0.8
4414,0.84
4415,0.52
4416,0.16
4417,0.22
4418,0.76
4419,0.92
4420,0.24
4421,0.22
4422,0.18
4423,0.48
4424,0.62
4425,0.36
4426,0.58
4427,0.78
4428,0.48
4429,0.1
4430,0.24
4431,0.4
4432,0.66
4433,0.56
4434,0.04
4435,0.34
4436,0.2
4437,0.14
4438,0.34
4439,0.54
4440,0.1
4441,0.5
4442,0.68
4443,0.08
4444,0.62
4445,0.08
4446,0.22
4447,0.2
4448,0.26
4449,0.9
4450,0.18
4451,0.16
4452,0.78
4453,0.76
4454,0.22
4455,0.24
4456,0.74
4457,0.7
4458,0.36
4459,0.42
4460,0.36
4461,0.2
4462,0.2
4463,0.48
4464,0.12
4465,0.66
4466,0.78
4467,0.7
4468,0.22
4469,0.14
4470,0.32
4471,0.88
4472,0.14
4473,0.56
4474,0.4
4475,0.16
4476,0.3
4477,0.5
4478,0.04
4479,0.86
4480,0.38
4481,0.46
4482,0.14
4483,0.46
4484,0.2
4485,0.18
4486,0.64
4487,0.16
4488,0.48
4489,0.2
4490,0.32
4491,0.32
4492,0.12
4493,0.58
4494,0.16
4495,0.2
4496,0.18
4497,0.16
4498,0.44
4499,0.3
4500,0.68
4501,0.4
4502,0.84
4503,0.8
4504,0.92
4505,0.22
4506,0.76
4507,0.4
4508,0.34
4509,0.32
4510,0.72
4511,0.6
4512,0.98
4513,0.72
4514,0.72
4515,0.68
4516,0.86
4517,0.58
4518,0.06
4519,0.5
4520,0.48
4521,0.36
4522,0.9
4523,0.52
4524,0.14
4525,0.34
4526,0.38
4527,0.14
4528,0.12
4529,0.56
4530,0.56
4531,0.14
4532,0.22
4533,0.08
4534,0.44
4535,0.46
4536,0.7
4537,0.74
4538,0.32
4539,0.02
4540,0.16
4541,0.28
4542,0.72
4543,0.22
4544,0.06
4545,0.04
4546,0.52
4547,0.02
4548,0.12
4549,0.2
4550,0.2
4551,0.72
4552,0.58
4553,0.8
4554,0.64
4555,0.28
4556,0.54
4557,0.72
4558,0.22
4559,0.58
4560,0.4
4561,0.72
4562,0.3
4563,0.74
4564,0.46
4565,0.8
4566,0.74
4567,0.42
4568,0.16
4569,0.6
4570,0.64
4571,0.48
4572,0.14
4573,0.46
4574,0.6
4575,0.1
4576,0.12
4577,0.18
4578,0.3
4579,0.12
4580,0.62
4581,0.78
4582,0.76
4583,0.66
4584,0.66
4585,0.12
4586,0.66
4587,0.4
4588,0.52
4589,0.76
4590,0.66
4591,0.84
4592,0.1
4593,0.6
4594,0.12
4595,0.86
4596,0.44
4597,0.56
4598,0.6
4599,0.04
4600,0.56
4601,0.68
4602,0.06
4603,0.28
4604,0.4
4605,0.22
4606,0.22
4607,0.34
4608,0.1
4609,0.74
4610,0.005
4611,0.2
4612,0.46
4613,0.84
4614,0.28
4615,0.22
4616,0.62
4617,0.32
4618,0.36
4619,0.08
4620,0.38
4621,0.52
4622,0.64
4623,0.52
4624,0.88
4625,0.12
4626,0.5
4627,0.14
4628,0.66
4629,0.34
4630,0.4
4631,0.58
4632,0.34
4633,0.48
4634,0.32
4635,0.56
4636,0.005
4637,0.38
4638,0.68
4639,0.46
4640,0.32
4641,0.08
4642,0.8
4643,0.02
4644,0.1
4645,0.34
4646,0.14
4647,0.72
4648,0.08
4649,0.6
4650,0.64
4651,0.32
4652,0.76
4653,0.12
4654,0.46
4655,0.76
4656,0.36
4657,0.18
4658,0.005
4659,0.1
4660,0.8
4661,0.28
4662,0.16
4663,0.36
4664,0.44
4665,0.54
4666,0.4
4667,0.52
4668,0.26
4669,0.3
4670,0.04
4671,0.72
4672,0.58
4673,0.1
4674,0.5
4675,0.16
4676,0.56
4677,0.22
4678,0.56
4679,0.2
4680,0.14
4681,0.18
4682,0.84
4683,0.36
4684,0.36
4685,0.7
4686,0.18
4687,0.12
4688,0.64
4689,0.36
4690,0.4
4691,0.84
4692,0.88
4693,0.3
4694,0.36
4695,0.44
4696,0.22
4697,0.74
4698,0.08
4699,0.78
4700,0.42
4701,0.26
4702,0.04
4703,0.6
4704,0.52
4705,0.72
4706,0.86
4707,0.26
4708,0.4
4709,0.18
4710,0.36
4711,0.26
4712,0.48
4713,0.64
4714,0.34
4715,0.68
4716,0.86
4717,0.08
4718,0.88
4719,0.22
4720,0.24
4721,0.56
4722,0.6
4723,0.22
4724,0.78
4725,0.38
4726,0.2
4727,0.4
4728,0.6
4729,0.78
4730,0.38
4731,0.28
4732,0.4
4733,0.02
4734,0.56
4735,0.26
4736,0.34
4737,0.62
4738,0.62
4739,0.14
4740,0.54
4741,0.64
4742,0.52
4743,0.76
4744,0.2
4745,0.9
4746,0.26
4747,0.62
4748,0.76
4749,0.48
4750,0.54
4751,0.34
4752,0.36
4753,0.1
4754,0.28
4755,0.24
4756,0.74
4757,0.14
4758,0.78
4759,0.32
4760,0.66
4761,0.36
4762,0.38
4763,0.16
4764,0.44
4765,0.86
4766,0.68
4767,0.84
4768,0.2
4769,0.12
4770,0.1
4771,0.72
4772,0.34
4773,0.8
4774,0.24
4775,0.7
4776,0.38
4777,0.24
4778,0.08
4779,0.1
4780,0.42
4781,0.1
4782,0.62
4783,0.4
4784,0.8
4785,0.12
4786,0.1
4787,0.26
4788,0.58
4789,0.62
4790,0.78
4791,0.98
4792,0.24
4793,0.12
4794,0.12
4795,0.66
4796,0.42
4797,0.08
4798,0.06
4799,0.1
4800,0.64
4801,0.14
4802,0.86
4803,0.58
4804,0.44
4805,0.84
4806,0.58
4807,0.8
4808,0.6
4809,0.76
4810,0.36
4811,0.6
4812,0.6
4813,0.66
4814,0.42
4815,0.52
4816,0.3
4817,0.14
4818,0.5
4819,0.14
4820,0.6
4821,0.74
4822,0.72
4823,0.76
4824,0.72
4825,0.42
4826,0.56
4827,0.18
4828,0.32
4829,0.36
4830,0.36
4831,0.78
4832,0.18
4833,0.62
4834,0.74
4835,0.36
4836,0.48
4837,0.5
4838,0.22
4839,0.06
4840,0.72
4841,0.6
4842,0.36
4843,0.28
4844,0.76
4845,0.12
4846,0.72
4847,0.48
4848,0.6
4849,0.5
4850,0.38
4851,0.6
4852,0.54
4853,0.24
4854,0.12
4855,0.44
4856,0.26
4857,0.6
4858,0.52
4859,0.26
4860,0.52
4861,0.74
4862,0.3
4863,0.46
4864,0.26
4865,0.68
4866,0.78
4867,0.08
4868,0.68
4869,0.84
4870,0.46
4871,0.3
4872,0.24
4873,0.62
4874,0.34
4875,0.32
4876,0.34
4877,0.14
4878,0.78
4879,0.6
4880,0.7
4881,0.58
4882,0.76
4883,0.62
4884,0.7
4885,0.48
4886,0.54
4887,0.48
4888,0.2
4889,0.08
4890,0.74
4891,0.48
4892,0.38
4893,0.6
4894,0.7
4895,0.46
4896,0.7
4897,0.76
4898,0.06
4899,0.7
4900,0.12
4901,0.88
4902,0.38
4903,0.1
4904,0.68
4905,0.76
4906,0.56
4907,0.22
4908,0.56
4909,0.08
4910,0.14
4911,0.52
4912,0.22
4913,0.66
4914,0.48
4915,0.52
4916,0.82
4917,0.42
4918,0.46
4919,0.8
4920,0.78
4921,0.84
4922,0.005
4923,0.58
4924,0.4
4925,0.64
4926,0.38
4927,0.5
4928,0.14
4929,0.84
4930,0.42
4931,0.2
4932,0.78
4933,0.6
4934,0.18
4935,0.86
4936,0.64
4937,0.58
4938,0.36
4939,0.4
4940,0.22
4941,0.12
4942,0.88
4943,0.42
4944,0.72
4945,0.82
4946,0.56
4947,0.62
4948,0.74
4949,0.34
4950,0.9
4951,0.18
4952,0.28
4953,0.58
4954,0.18
4955,0.42
4956,0.94
4957,0.76
4958,0.54
4959,0.38
4960,0.72
4961,0.82
4962,0.68
4963,0.5
4964,0.92
4965,0.12
4966,0.54
4967,0.36
4968,0.26
4969,0.86
4970,0.84
4971,0.62
4972,0.76
4973,0.06
4974,0.2
4975,0.3
4976,0.14
4977,0.2
4978,0.9
4979,0.54
4980,0.18
4981,0.38
4982,0.14
4983,0.12
4984,0.52
4985,0.7
4986,0.78
4987,0.7
4988,0.76
4989,0.62
4990,0.02
4991,0.42
4992,0.14
4993,0.24
4994,0.26
4995,0.84
4996,0.82
4997,0.08
4998,0.56
4999,0.2
5000,0.36
5001,0.08
5002,0.74
5003,0.38
5004,0.02
5005,0.72
5006,0.3
5007,0.22
5008,0.34
5009,0.24
5010,0.36
5011,0.66
5012,0.3
5013,0.26
5014,0.88
5015,0.36
5016,0.08
5017,0.36
5018,0.52
5019,0.28
5020,0.32
5021,0.2
5022,0.72
5023,0.64
5024,0.02
5025,0.36
5026,0.06
5027,0.16
5028,0.14
5029,0.86
5030,0.52
5031,0.92
5032,0.42
5033,0.64
5034,0.64
5035,0.28
5036,0.6
5037,0.98
5038,0.28
5039,0.7
5040,0.42
5041,0.22
5042,0.32
5043,0.24
5044,0.82
5045,0.58
5046,0.24
5047,0.52
5048,0.26
5049,0.72
5050,0.52
5051,0.62
5052,0.06
5053,0.38
5054,0.34
5055,0.72
5056,0.28
5057,0.5
5058,0.78
5059,0.6
5060,0.02
5061,0.24
5062,0.24
5063,0.26
5064,0.3
5065,0.58
5066,0.56
5067,0.52
5068,0.48
5069,0.52
5070,0.58
5071,0.58
5072,0.62
5073,0.24
5074,0.42
5075,0.36
5076,0.64
5077,0.76
5078,0.14
5079,0.06
5080,0.36
5081,0.52
5082,0.56
5083,0.44
5084,0.04
5085,0.88
5086,0.6
5087,0.76
5088,0.36
5089,0.76
5090,0.32
5091,0.06
5092,0.72
5093,0.7
5094,0.16
5095,0.58
5096,0.12
5097,0.22
5098,0.26
5099,0.4
5100,0.32
5101,0.78
5102,0.62
5103,0.68
5104,0.64
5105,0.92
5106,0.06
5107,0.52
5108,0.6
5109,0.26
5110,0.62
5111,0.02
5112,0.68
5113,0.7
5114,0.6
5115,0.18
5116,0.74
5117,0.34
5118,0.72
5119,0.2
5120,0.82
5121,0.52
5122,0.06
5123,0.6
5124,0.2
5125,0.14
5126,0.54
5127,0.68
5128,0.58
5129,0.54
5130,0.48
5131,0.26
5132,0.26
5133,0.48
5134,0.34
5135,0.32
5136,0.54
5137,0.08
5138,0.06
5139,0.32
5140,0.4
5141,0.88
5142,0.84
5143,0.64
5144,0.24
5145,0.42
5146,0.2
5147,0.02
5148,0.42
5149,0.84
5150,0.48
5151,0.36
5152,0.08
5153,0.2
5154,0.56
5155,0.42
5156,0.54
5157,0.38
5158,0.58
5159,0.14
5160,0.32
5161,0.4
5162,0.64
5163,0.26
5164,0.68
5165,0.18
5166,0.005
5167,0.12
5168,0.48
5169,0.52
5170,0.64
5171,0.52
5172,0.62
5173,0.32
5174,0.52
5175,0.64
5176,0.82
5177,0.34
5178,0.46
5179,0.38
5180,0.54
5181,0.24
5182,0.22
5183,0.74
5184,0.46
5185,0.18
5186,0.48
5187,0.22
5188,0.56
5189,0.62
5190,0.4
5191,0.16
5192,0.54
5193,0.74
5194,0.84
5195,0.3
5196,0.18
5197,0.42
5198,0.82
5199,0.28
5200,0.06
5201,0.2
5202,0.38
5203,0.96
5204,0.2
5205,0.28
5206,0.34
5207,0.82
5208,0.54
5209,0.84
5210,0.78
5211,0.42
5212,0.32
5213,0.1
5214,0.44
5215,0.76
5216,0.36
5217,0.36
5218,0.86
5219,0.28
5220,0.3
5221,0.3
5222,0.6
5223,0.18
5224,0.68
5225,0.14
5226,0.1
5227,0.76
5228,0.36
5229,0.68
5230,0.46
5231,0.8
5232,0.64
5233,0.18
5234,0.3
5235,0.06
5236,0.44
5237,0.26
5238,0.18
5239,0.86
5240,0.1
5241,0.58
5242,0.7
5243,0.1
5244,0.4
5245,0.72
5246,0.24
5247,0.66
5248,0.58
5249,0.78
5250,0.08
5251,0.86
5252,0.38
5253,0.14
5254,0.4
5255,0.16
5256,0.7
5257,0.58
5258,0.16
5259,0.56
5260,0.46
5261,0.14
5262,0.64
5263,0.44
5264,0.16
5265,0.12
5266,0.72
5267,0.3
5268,0.7
5269,0.06
5270,0.1
5271,0.36
5272,0.32
5273,0.52
5274,0.34
5275,0.84
5276,0.24
5277,0.6
5278,0.48
5279,0.8
5280,0.22
5281,0.9
5282,0.2
5283,0.42
5284,0.24
5285,0.86
5286,0.48
5287,0.24
5288,0.12
5289,0.42
5290,0.24
5291,0.92
5292,0.36
5293,0.16
5294,0.34
5295,0.82
5296,0.24
5297,0.28
5298,0.16
5299,0.06
5300,0.72
5301,0.68
5302,0.58
5303,0.14
5304,0.26
5305,0.72
5306,0.12
5307,0.14
5308,0.12
5309,0.66
5310,0.58
5311,0.08
5312,0.24
5313,0.12
5314,0.22
5315,0.68
5316,0.58
5317,0.72
5318,0.52
5319,0.44
5320,0.36
5321,0.46
5322,0.38
5323,0.26
5324,0.34
5325,0.24
5326,0.34
5327,0.12
5328,0.38
5329,0.86
5330,0.74
5331,0.3
5332,0.86
5333,0.68
5334,0.32
5335,0.24
5336,0.88
5337,0.08
5338,0.56
5339,0.68
5340,0.56
5341,0.54
5342,0.12
5343,0.12
5344,0.32
5345,0.38
5346,0.06
5347,0.24
5348,0.34
5349,0.52
5350,0.12
5351,0.62
5352,0.52
5353,0.22
5354,0.76
5355,0.68
5356,0.24
5357,0.16
5358,0.22
5359,0.88
5360,0.54
5361,0.08
5362,0.86
5363,0.28
5364,0.22
5365,0.26
5366,0.64
5367,0.58
5368,0.02
5369,0.7
5370,0.38
5371,0.78
5372,0.14
5373,0.8
5374,0.12
5375,0.2
5376,0.2
5377,0.44
5378,0.78
5379,0.04
5380,0.62
5381,0.52
5382,0.06
5383,0.3
5384,0.22
5385,0.6
5386,0.3
5387,0.36
5388,0.04
5389,0.24
5390,0.66
5391,0.72
5392,0.44
5393,0.34
5394,0.58
5395,0.74
5396,0.22
5397,0.38
5398,0.12
5399,0.68
5400,0.5
5401,0.24
5402,0.84
5403,0.48
5404,0.24
5405,0.08
5406,0.22
5407,0.22
5408,0.32
5409,0.72
5410,0.26
5411,0.28
5412,0.46
5413,0.16
5414,0.12
5415,0.42
5416,0.34
5417,0.46
5418,0.4
5419,0.3
5420,0.14
5421,0.42
5422,0.38
5423,0.16
5424,0.8
5425,0.58
5426,0.02
5427,0.38
5428,0.48
5429,0.14
5430,0.54
5431,0.72
5432,0.42
5433,0.3
5434,0.68
5435,0.5
5436,0.34
5437,0.16
5438,0.56
5439,0.4
5440,0.54
5441,0.56
5442,0.22
5443,0.74
5444,0.3
5445,0.76
5446,0.4
5447,0.22
5448,0.72
5449,0.98
5450,0.74
5451,0.74
5452,0.58
5453,0.34
5454,0.02
5455,0.4
5456,0.08
5457,0.58
5458,0.64
5459,0.22
5460,0.24
5461,0.92
5462,0.92
5463,0.38
5464,0.46
5465,0.34
5466,0.46
5467,0.8
5468,0.58
5469,0.58
5470,0.26
5471,0.16
5472,0.74
5473,0.68
5474,0.62
5475,0.36
5476,0.26
5477,0.38
5478,0.2
5479,0.88
5480,0.94
5481,0.64
5482,0.48
5483,0.02
5484,0.76
5485,0.62
5486,0.48
5487,0.66
5488,0.06
5489,0.16
5490,0.78
5491,0.3
5492,0.48
5493,0.76
5494,0.38
5495,0.54
5496,0.94
5497,0.78
5498,0.32
5499,0.16
5500,0.72
5501,0.22
5502,0.9
5503,0.22
5504,0.74
5505,0.16
5506,0.68
5507,0.76
5508,0.28
5509,0.6
5510,0.28
5511,0.2
5512,0.28
5513,0.2
5514,0.32
5515,0.24
5516,0.54
5517,0.2
5518,0.44
5519,0.44
5520,0.14
5521,0.42
5522,0.66
5523,0.88
5524,0.52
5525,0.44
5526,0.88
5527,0.9
5528,0.42
5529,0.62
5530,0.44
5531,0.12
5532,0.92
5533,0.16
5534,0.68
5535,0.12
5536,0.26
5537,0.5
5538,0.66
5539,0.64
5540,0.82
5541,0.56
5542,0.48
5543,0.44
5544,0.74
5545,0.68
5546,0.6
5547,0.38
5548,0.08
5549,0.68
5550,0.42
5551,0.94
5552,0.14
5553,0.1
5554,0.32
5555,0.2
5556,0.12
5557,0.26
5558,0.66
5559,0.56
5560,0.6
5561,0.62
5562,0.76
5563,0.92
5564,0.48
5565,0.42
5566,0.6
5567,0.28
5568,0.18
5569,0.42
5570,0.94
5571,0.76
5572,0.2
5573,0.32
5574,0.86
5575,0.58
5576,0.5
5577,0.62
5578,0.44
5579,0.46
5580,0.56
5581,0.16
5582,0.24
5583,0.66
5584,0.22
5585,0.68
5586,0.84
5587,0.64
5588,0.7
5589,0.2
5590,0.72
5591,0.32
5592,0.54
5593,0.4
5594,0.3
5595,0.8
5596,0.36
5597,0.96
5598,0.52
5599,0.54
5600,0.4
5601,0.68
5602,0.5
5603,0.22
5604,0.2
5605,0.28
5606,0.08
5607,0.54
5608,0.58
5609,0.52
5610,0.38
5611,0.02
5612,0.66
5613,0.06
5614,0.56
5615,0.32
5616,0.24
5617,0.8
5618,0.48
5619,0.18
5620,0.26
5621,0.76
5622,0.46
5623,0.18
5624,0.74
5625,0.36
5626,0.76
5627,0.56
5628,0.72
5629,0.4
5630,0.66
5631,0.16
5632,0.14
5633,0.18
5634,0.66
5635,0.22
5636,0.9
5637,0.26
5638,0.12
5639,0.18
5640,0.24
5641,0.42
5642,0.14
5643,0.4
5644,0.68
5645,0.6
5646,0.36
5647,0.3
5648,0.68
5649,0.02
5650,0.06
5651,0.2
5652,0.76
5653,0.16
5654,0.24
5655,0.14
5656,0.56
5657,0.28
5658,0.54
5659,0.54
5660,0.02
5661,0.1
5662,0.6
5663,0.74
5664,0.26
5665,0.72
5666,0.74
5667,0.22
5668,0.64
5669,0.76
5670,0.26
5671,0.46
5672,0.54
5673,0.2
5674,0.4
5675,0.82
5676,0.7
5677,0.02
5678,0.58
5679,0.62
5680,0.3
5681,0.52
5682,0.3
5683,0.72
5684,0.82
5685,0.42
5686,0.16
5687,0.58
5688,0.12
5689,0.26
5690,0.86
5691,0.94
5692,0.44
5693,0.84
5694,0.38
5695,0.54
5696,0.62
5697,0.26
5698,0.54
5699,0.12
5700,0.92
5701,0.44
5702,0.06
5703,0.76
5704,0.06
5705,0.54
5706,0.7
5707,0.12
5708,0.6
5709,0.6
5710,0.6
5711,0.5
5712,0.12
5713,0.66
5714,0.44
5715,0.6
5716,0.18
5717,0.06
5718,0.56
5719,0.62
5720,0.16
5721,0.82
5722,0.38
5723,0.12
5724,0.3
5725,0.4
5726,0.6
5727,0.38
5728,0.36
5729,0.64
5730,0.26
5731,0.64
5732,0.44
5733,0.1
5734,0.32
5735,0.52
5736,0.36
5737,0.44
5738,0.26
5739,0.18
5740,0.38
5741,0.02
5742,0.22
5743,0.4
5744,0.64
5745,0.34
5746,0.24
5747,0.2
5748,0.82
5749,0.94
5750,0.52
5751,0.26
5752,0.26
5753,0.1
5754,0.08
5755,0.68
5756,0.3
5757,0.24
5758,0.18
5759,0.28
5760,0.34
5761,0.72
5762,0.86
5763,0.4
5764,0.36
5765,0.36
5766,0.92
5767,0.4
5768,0.76
5769,0.3
5770,0.46
5771,0.46
5772,0.18
5773,0.76
5774,0.18
5775,0.08
5776,0.42
5777,0.48
5778,0.62
5779,0.58
5780,0.58
5781,0.62
5782,0.46
5783,0.58
5784,0.3
5785,0.76
5786,0.6
5787,0.8
5788,0.5
5789,0.64
5790,0.3
5791,0.56
5792,0.34
5793,0.3
5794,0.3
5795,0.42
5796,0.52
5797,0.24
5798,0.26
5799,0.42
5800,0.68
5801,0.32
5802,0.4
5803,0.16
5804,0.14
5805,0.64
5806,0.28
5807,0.56
5808,0.42
5809,0.86
5810,0.46
5811,0.14
5812,0.72
5813,0.44
5814,0.02
5815,0.38
5816,0.34
5817,0.22
5818,0.26
5819,0.82
5820,0.18
5821,0.08
5822,0.6
5823,0.78
5824,0.52
5825,0.08
5826,0.76
5827,0.78
5828,0.86
5829,0.2
5830,0.38
5831,0.16
5832,0.34
5833,0.64
5834,0.54
5835,0.3
5836,0.28
5837,0.08
5838,0.08
5839,0.08
5840,0.64
5841,0.4
5842,0.58
5843,0.62
5844,0.88
5845,0.62
5846,0.34
5847,0.66
5848,0.6
5849,0.2
5850,0.52
5851,0.14
5852,0.52
5853,0.2
5854,0.38
5855,0.4
5856,0.1
5857,0.54
5858,0.62
5859,0.8
5860,0.2
5861,0.48
5862,0.18
5863,0.56
5864,0.82
5865,0.56
5866,0.46
5867,0.12
5868,0.38
5869,0.36
5870,0.7
5871,0.52
5872,0.24
5873,0.46
5874,0.66
5875,0.14
5876,0.42
5877,0.72
5878,0.74
5879,0.44
5880,0.74
5881,0.12
5882,0.54
5883,0.6
5884,0.38
5885,0.7
5886,0.26
5887,0.02
5888,0.44
5889,0.38
5890,0.64
5891,0.66
5892,0.36
5893,0.48
5894,0.6
5895,0.6
5896,0.8
5897,0.58
5898,0.28
5899,0.54
5900,0.42
5901,0.76
5902,0.28
5903,0.26
5904,0.68
5905,0.84
5906,0.62
5907,0.56
5908,0.58
5909,0.22
5910,0.74
5911,0.04
5912,0.62
5913,0.54
5914,0.46
5915,0.22
5916,0.54
5917,0.52
5918,0.22
5919,0.2
5920,0.42
5921,0.14
5922,0.2
5923,0.14
5924,0.2
5925,0.6
5926,0.64
5927,0.24
5928,0.3
5929,0.44
5930,0.66
5931,0.02
5932,0.16
5933,0.32
5934,0.12
5935,0.16
5936,0.78
5937,0.06
5938,0.38
5939,0.14
5940,0.12
5941,0.26
5942,0.56
5943,0.52
5944,0.92
5945,0.7
5946,0.52
5947,0.86
5948,0.82
5949,0.66
5950,0.64
5951,0.9
5952,0.36
5953,0.52
5954,0.7
5955,0.6
5956,0.36
5957,0.56
5958,0.68
5959,0.7
5960,0.32
5961,0.56
5962,0.26
5963,0.46
5964,0.68
5965,0.16
5966,0.3
5967,0.68
5968,0.32
5969,0.64
5970,0.26
5971,0.92
5972,0.4
5973,0.7
5974,0.92
5975,0.68
5976,0.14
5977,0.46
5978,0.14
5979,0.22
5980,0.44
5981,0.36
5982,0.36
5983,0.74
5984,0.56
5985,0.7
5986,0.06
5987,0.36
5988,0.5
5989,0.76
5990,0.8
5991,0.38
5992,0.3
5993,0.42
5994,0.1
5995,0.48
5996,0.86
5997,0.68
5998,0.26
5999,0.26
6000,0.34
6001,0.94
6002,0.24
6003,0.08
6004,0.28
6005,0.42
6006,0.04
6007,0.38
6008,0.74
6009,0.44
6010,0.06
6011,0.74
6012,0.08
6013,0.32
6014,0.1
6015,0.16
6016,0.18
6017,0.06
6018,0.56
6019,0.82
6020,0.54
6021,0.32
6022,0.52
6023,0.6
6024,0.84
6025,0.24
6026,0.6
6027,0.52
6028,0.68
6029,0.4
6030,0.72
6031,0.32
6032,0.14
6033,0.32
6034,0.1
6035,0.02
6036,0.76
6037,0.42
6038,0.8
6039,0.22
6040,0.42
6041,0.62
6042,0.04
6043,0.2
6044,0.12
6045,0.4
6046,0.18
6047,0.22
6048,0.14
6049,0.52
6050,0.16
6051,0.84
6052,0.42
6053,0.32
6054,0.64
6055,0.02
6056,0.8
6057,0.32
6058,0.6
6059,0.5
6060,0.36
6061,0.18
6062,0.94
6063,0.6
6064,0.02
6065,0.02
6066,0.36
6067,0.74
6068,0.56
6069,0.32
6070,0.28
6071,0.64
6072,0.88
6073,0.56
6074,0.72
6075,0.76
6076,0.42
6077,0.22
6078,0.36
6079,0.36
6080,0.14
6081,0.2
6082,0.74
6083,0.54
6084,0.56
6085,0.34
6086,0.6
6087,0.08
6088,0.32
6089,0.26
6090,0.94
6091,0.36
6092,0.58
6093,0.6
6094,0.46
6095,0.12
6096,0.64
6097,0.88
6098,0.12
6099,0.42
6100,0.5
6101,0.6
6102,0.62
6103,0.12
6104,0.52
6105,0.1
6106,0.38
6107,0.74
6108,0.04
6109,0.44
6110,0.22
6111,0.62
6112,0.04
6113,0.28
6114,0.8
6115,0.06
6116,0.64
6117,0.42
6118,0.72
6119,0.24
6120,0.28
6121,0.72
6122,0.9
6123,0.6
6124,0.3
6125,0.56
6126,0.46
6127,0.3
6128,0.3
6129,0.5
6130,0.16
6131,0.58
6132,0.48
6133,0.34
6134,0.56
6135,0.18
6136,0.16
6137,0.52
6138,0.88
6139,0.68
6140,0.26
6141,0.26
6142,0.58
6143,0.04
6144,0.18
6145,0.18
6146,0.44
6147,0.42
6148,0.5
6149,0.44
6150,0.42
6151,0.56
6152,0.26
6153,0.46
6154,0.78
6155,0.18
6156,0.28
6157,0.36
6158,0.62
6159,0.26
6160,0.6
6161,0.28
6162,0.66
6163,0.36
6164,0.2
6165,0.06
6166,0.44
6167,0.68
6168,0.64
6169,0.28
6170,0.02
6171,0.74
6172,0.32
6173,0.3
6174,0.08
6175,0.48
6176,0.28
6177,0.48
6178,0.34
6179,0.08
6180,0.34
6181,0.82
6182,0.38
6183,0.32
6184,0.4
6185,0.74
6186,0.58
6187,0.28
6188,0.84
6189,0.5
6190,0.08
6191,0.26
6192,0.66
6193,0.72
6194,0.18
6195,0.78
6196,0.74
6197,0.62
6198,0.74
6199,0.06
6200,0.74
6201,0.36
6202,0.26
6203,0.5
6204,0.34
6205,0.62
6206,0.8
6207,0.62
6208,0.08
6209,0.3
6210,0.76
6211,0.38
6212,0.58
6213,0.14
6214,0.74
6215,0.08
6216,0.22
6217,0.44
6218,0.7
6219,0.34
6220,0.64
6221,0.56
6222,0.14
6223,0.1
6224,0.76
6225,0.24
6226,0.28
6227,0.96
6228,0.36
6229,0.26
6230,0.86
6231,0.62
6232,0.42
6233,0.4
6234,0.52
6235,0.12
6236,0.6
6237,0.36
6238,0.04
6239,0.14
6240,0.16
6241,0.32
6242,0.7
6243,0.78
6244,0.5
6245,0.24
6246,0.32
6247,0.22
6248,0.48
6249,0.52
6250,0.56
6251,0.12
6252,0.54
6253,0.38
6254,0.72
6255,0.5
6256,0.6
6257,0.8
6258,0.18
6259,0.46
6260,0.46
6261,0.88
6262,0.2
6263,0.72
6264,0.86
6265,0.24
6266,0.48
6267,0.38
6268,0.36
6269,0.06
6270,0.38
6271,0.7
6272,0.7
6273,0.72
6274,0.72
6275,0.06
6276,0.62
6277,0.42
6278,0.22
6279,0.54
6280,0.28
6281,0.24
6282,0.7
6283,0.04
6284,0.48
6285,0.72
6286,0.56
6287,0.1
6288,0.7
6289,0.28
6290,0.7
6291,0.32
6292,0.06
6293,0.46
6294,0.56
6295,0.2
6296,0.52
6297,0.18
6298,0.62
6299,0.3
6300,0.48
6301,0.8
6302,0.42
6303,0.78
6304,0.18
6305,0.26
6306,0.92
6307,0.42
6308,0.68
6309,0.48
6310,0.24
6311,0.54
6312,0.28
6313,0.68
6314,0.3
6315,0.54
6316,0.18
6317,0.24
6318,0.9
6319,0.22
6320,0.22
6321,0.28
6322,0.06
6323,0.64
6324,0.28
6325,0.28
6326,0.74
6327,0.1
6328,0.88
6329,0.92
6330,0.8
6331,0.26
6332,0.22
6333,0.3
6334,0.08
6335,0.3
6336,0.66
6337,0.26
6338,0.72
6339,0.16
6340,0.28
6341,0.3
6342,0.74
6343,0.36
6344,0.68
6345,0.02
6346,0.54
6347,0.54
6348,0.04
6349,0.4
6350,0.28
6351,0.54
6352,0.4
6353,0.36
6354,0.1
6355,0.005
6356,0.66
6357,0.16
6358,0.44
6359,0.44
6360,0.46
6361,0.38
6362,0.06
6363,0.44
6364,0.74
6365,0.76
6366,0.34
6367,0.2
6368,0.42
6369,0.62
6370,0.24
6371,0.62
6372,0.64
6373,0.28
6374,0.56
6375,0.8
6376,0.74
6377,0.28
6378,0.78
6379,0.38
6380,0.18
6381,0.4
6382,0.16
6383,0.76
6384,0.68
6385,0.7
6386,0.32
6387,0.16
6388,0.14
6389,0.3
6390,0.1
6391,0.58
6392,0.28
6393,0.56
6394,0.18
6395,0.64
6396,0.3
6397,0.22
6398,0.58
6399,0.52
6400,0.48
6401,0.08
6402,0.7
6403,0.8
6404,0.46
6405,0.12
6406,0.34
6407,0.12
6408,0.16
6409,0.36
6410,0.88
6411,0.5
6412,0.1
6413,0.32
6414,0.2
6415,0.82
6416,0.16
6417,0.5
6418,0.6
6419,0.6
6420,0.58
6421,0.52
6422,0.08
6423,0.46
6424,0.22
6425,0.7
6426,0.32
6427,0.42
6428,0.28
6429,0.32
6430,0.74
6431,0.22
6432,0.56
6433,0.64
6434,0.34
6435,0.34
6436,0.52
6437,0.38
6438,0.7
6439,0.4
6440,0.1
6441,0.64
6442,0.26
6443,0.08
6444,0.08
6445,0.62
6446,0.12
6447,0.66
6448,0.2
6449,0.28
6450,0.3
6451,0.6
6452,0.54
6453,0.3
6454,0.68
6455,0.36
6456,0.26
6457,0.18
6458,0.2
6459,0.52
6460,0.84
6461,0.38
6462,0.3
6463,0.16
6464,0.26
6465,0.48
6466,0.58
6467,0.38
6468,0.28
6469,0.3
6470,0.28
6471,0.36
6472,0.44
6473,0.62
6474,0.62
6475,0.48
6476,0.72
6477,0.18
6478,0.78
6479,0.26
6480,0.54
6481,0.62
6482,0.44
6483,0.46
6484,0.5
6485,0.16
6486,0.46
6487,0.7
6488,0.52
6489,0.56
6490,0.72
6491,0.56
6492,0.34
6493,0.18
6494,0.64
6495,0.5
6496,0.76
6497,0.8
6498,0.24
6499,0.76
6500,0.32
6501,0.48
6502,0.24
6503,0.16
6504,0.7
6505,0.08
6506,0.5
6507,0.42
6508,0.28
6509,0.12
6510,0.14
6511,0.36
6512,0.28
6513,0.7
6514,0.08
6515,0.18
6516,0.6
6517,0.5
6518,0.78
6519,0.84
6520,0.86
6521,0.52
6522,0.54
6523,0.8
6524,0.68
6525,0.12
6526,0.68
6527,0.24
6528,0.34
6529,0.08
6530,0.08
6531,0.66
6532,0.26
6533,0.22
6534,0.02
6535,0.32
6536,0.72
6537,0.58
6538,0.44
6539,0.2
6540,0.34
6541,0.28
6542,0.72
6543,0.3
6544,0.04
6545,0.16
6546,0.06
6547,0.1
6548,0.34
6549,0.44
6550,0.5
6551,0.54
6552,0.6
6553,0.56
6554,0.38
6555,0.7
6556,0.5
6557,0.52
6558,0.62
6559,0.54
6560,0.12
6561,0.18
6562,0.32
6563,0.7
6564,0.88
6565,0.66
6566,0.82
6567,0.42
6568,0.72
6569,0.1
6570,0.18
6571,0.62
6572,0.32
6573,0.06
6574,0.38
6575,0.9
6576,0.54
6577,0.08
6578,0.46
6579,0.16
6580,0.72
6581,0.2
6582,0.86
6583,0.98
6584,0.06
6585,0.4
6586,0.62
6587,0.24
6588,0.62
6589,0.66
6590,0.26
6591,0.24
6592,0.56
6593,0.1
6594,0.08
6595,0.08
6596,0.68
6597,0.66
6598,0.56
6599,0.38
6600,0.48
6601,0.5
6602,0.18
6603,0.9
6604,0.52
6605,0.3
6606,0.76
6607,0.46
6608,0.44
6609,0.4
6610,0.24
6611,0.76
6612,0.32
6613,0.18
6614,0.08
6615,0.5
6616,0.2
6617,0.7
6618,0.38
6619,0.52
6620,0.52
6621,0.58
6622,0.16
6623,0.7
6624,0.58
6625,0.44
6626,0.26
6627,0.68
6628,0.92
6629,0.24
6630,0.58
6631,0.18
6632,0.4
6633,0.9
6634,0.56
6635,0.62
6636,0.18
6637,0.78
6638,0.5
6639,0.1
6640,0.72
6641,0.32
6642,0.6
6643,0.32
6644,0.56
6645,0.5
6646,0.84
6647,0.22
6648,0.74
6649,0.56
6650,0.18
6651,0.36
6652,0.34
6653,0.18
6654,0.56
6655,0.2
6656,0.62
6657,0.92
6658,0.74
6659,0.14
6660,0.22
6661,0.16
6662,0.54
6663,0.46
6664,0.52
6665,0.68
6666,0.7
6667,0.42
6668,0.52
6669,0.22
6670,0.78
6671,0.22
6672,0.1
6673,0.64
6674,0.7
6675,0.28
6676,0.54
6677,0.52
6678,0.44
6679,0.18
6680,0.42
6681,0.32
6682,0.6
6683,0.52
6684,0.8
6685,0.32
6686,0.62
6687,0.1
6688,0.54
6689,0.5
6690,0.76
6691,0.54
6692,0.28
6693,0.28
6694,0.2
6695,0.88
6696,0.42
6697,0.54
6698,0.68
6699,0.4
6700,0.2
6701,0.56
6702,0.1
6703,0.76
6704,0.16
6705,0.82
6706,0.1
6707,0.56
6708,0.52
6709,0.06
6710,0.18
6711,0.74
6712,0.48
6713,0.14
6714,0.42
6715,0.84
6716,0.42
6717,0.42
6718,0.88
6719,0.16
6720,0.6
6721,0.66
6722,0.86
6723,0.44
6724,0.42
6725,0.8
6726,0.82
6727,0.04
6728,0.18
6729,0.4
6730,0.38
6731,0.62
6732,0.44
6733,0.84
6734,0.42
6735,0.72
6736,0.48
6737,0.48
6738,0.66
6739,0.1
6740,0.72
6741,0.74
6742,0.06
6743,0.14
6744,0.42
6745,0.56
6746,0.2
6747,0.5
6748,0.9
6749,0.72
6750,0.58
6751,0.36
6752,0.72
6753,0.54
6754,0.48
6755,0.4
6756,0.08
6757,0.86
6758,0.18
6759,0.12
6760,0.24
6761,0.02
6762,0.7
6763,0.5
6764,0.44
6765,0.14
6766,0.3
6767,0.66
6768,0.74
6769,0.76
6770,0.14
6771,0.38
6772,0.4
6773,0.56
6774,0.94
6775,0.54
6776,0.54
6777,0.24
6778,0.6
6779,0.46
6780,0.28
6781,0.46
6782,0.3
6783,0.26
6784,0.32
6785,0.2
6786,0.48
6787,0.44
6788,0.64
6789,0.68
6790,0.48
6791,0.84
6792,0.68
6793,0.24
6794,0.04
6795,0.16
6796,0.02
6797,0.7
6798,0.88
6799,0.72
6800,0.46
6801,0.24
6802,0.2
6803,0.48
6804,0.64
6805,0.12
6806,0.64
6807,0.64
6808,0.18
6809,0.6
6810,0.3
6811,0.12
6812,0.18
6813,0.28
6814,0.86
6815,0.34
6816,0.88
6817,0.68
6818,0.28
6819,0.56
6820,0.54
6821,0.74
6822,0.7
6823,0.6
6824,0.24
6825,0.08
6826,0.72
6827,0.3
6828,0.6
6829,0.52
6830,0.56
6831,0.38
6832,0.24
6833,0.12
6834,0.34
6835,0.26
6836,0.28
6837,0.26
6838,0.46
6839,0.88
6840,0.08
6841,0.42
6842,0.22
6843,0.56
6844,0.12
6845,0.32
6846,0.46
6847,0.54
6848,0.52
6849,0.7
6850,0.94
6851,0.54
6852,0.38
6853,0.3
6854,0.82
6855,0.66
6856,0.86
6857,0.5
6858,0.78
6859,0.36
6860,0.62
6861,0.76
6862,0.26
6863,0.7
6864,0.4
6865,0.54
6866,0.14
6867,0.24
6868,0.86
6869,0.82
6870,0.26
6871,0.62
6872,0.82
6873,0.24
6874,0.3
6875,0.7
6876,0.4
6877,0.2
6878,0.74
6879,0.46
6880,0.84
6881,0.44
6882,0.5
6883,0.82
6884,0.76
6885,0.04
6886,0.2
6887,0.4
6888,0.6
6889,0.22
6890,0.22
6891,0.08
6892,0.02
6893,0.52
6894,0.4
6895,0.26
6896,0.32
6897,0.66
6898,0.56
6899,0.74
6900,0.66
6901,0.78
6902,0.88
6903,0.66
6904,0.48
6905,0.54
6906,0.44
6907,0.64
6908,0.1
6909,0.42
6910,0.66
6911,0.4
6912,0.3
6913,0.3
6914,0.58
6915,0.72
6916,0.84
6917,0.54
6918,0.52
6919,0.8
6920,0.42
6921,0.18
6922,0.46
6923,0.58
6924,0.12
6925,0.16
6926,0.08
6927,0.005
6928,0.18
6929,0.24
6930,0.24
6931,0.54
6932,0.5
6933,0.32
6934,0.16
6935,0.6
6936,0.6
6937,0.74
6938,0.58
6939,0.68
6940,0.34
6941,0.76
6942,0.54
6943,0.16
6944,0.42
6945,0.3
6946,0.76
6947,0.34
6948,0.14
6949,0.38
6950,0.16
6951,0.06
6952,0.54
6953,0.82
6954,0.74
6955,0.1
6956,0.88
6957,0.24
6958,0.06
6959,0.38
6960,0.12
6961,0.28
6962,0.84
6963,0.18
6964,0.08
6965,0.78
6966,0.96
6967,0.46
6968,0.74
6969,0.36
6970,0.32
6971,0.96
6972,0.26
6973,0.06
6974,0.54
6975,0.32
6976,0.26
6977,0.2
6978,0.26
6979,0.18
6980,0.64
6981,0.64
6982,0.78
6983,0.46
6984,0.24
6985,0.32
6986,0.28
6987,0.2
6988,0.66
6989,0.26
6990,0.48
6991,0.12
6992,0.8
6993,0.86
6994,0.26
6995,0.2
6996,0.64
6997,0.52
6998,0.86
6999,0.62
7000,0.005
7001,0.68
7002,0.34
7003,0.6
7004,0.24
7005,0.38
7006,0.1
7007,0.54
7008,0.22
7009,0.9
7010,0.1
7011,0.04
7012,0.66
7013,0.52
7014,0.54
7015,0.76
7016,0.24
7017,0.14
7018,0.76
7019,0.44
7020,0.76
7021,0.82
7022,0.36
7023,0.46
7024,0.66
7025,0.86
7026,0.34
7027,0.78
7028,0.96
7029,0.8
7030,0.66
7031,0.76
7032,0.28
7033,0.78
7034,0.82
7035,0.12
7036,0.2
7037,0.18
7038,0.7
7039,0.48
7040,0.2
7041,0.5
7042,0.62
7043,0.26
7044,0.68
7045,0.38
7046,0.66
7047,0.9
7048,0.08
7049,0.3
7050,0.1
7051,0.02
7052,0.74
7053,0.46
7054,0.24
7055,0.48
7056,0.4
7057,0.4
7058,0.4
7059,0.18
7060,0.08
7061,0.02
7062,0.78
7063,0.64
7064,0.42
7065,0.74
7066,0.5
7067,0.04
7068,0.72
7069,0.48
7070,0.32
7071,0.38
7072,0.36
7073,0.62
7074,0.38
7075,0.22
7076,0.54
7077,0.78
7078,0.42
7079,0.12
7080,0.38
7081,0.48
7082,0.4
7083,0.66
7084,0.1
7085,0.6
7086,0.46
7087,0.92
7088,0.56
7089,0.26
7090,0.54
7091,0.54
7092,0.5
7093,0.28
7094,0.74
7095,0.28
7096,0.34
7097,0.64
7098,0.68
7099,0.68
7100,0.5
7101,0.56
7102,0.22
7103,0.68
7104,0.28
7105,0.48
7106,0.38
7107,0.18
7108,0.08
7109,0.5
7110,0.2
7111,0.62
7112,0.5
7113,0.3
7114,0.2
7115,0.46
7116,0.04
7117,0.34
7118,0.36
7119,0.98
7120,0.14
7121,0.48
7122,0.5
7123,0.36
7124,0.92
7125,0.26
7126,0.16
7127,0.52
7128,0.3
7129,0.6
7130,0.04
7131,0.86
7132,0.7
7133,0.18
7134,0.4
7135,0.38
7136,0.52
7137,0.42
7138,0.42
7139,0.86
7140,0.2
7141,0.28
7142,0.46
7143,0.26
7144,0.4
7145,0.18
7146,0.76
7147,0.32
7148,0.2
7149,0.1
7150,0.28
7151,0.08
7152,0.32
7153,0.12
7154,0.9
7155,0.32
7156,0.36
7157,0.64
7158,0.22
7159,0.14
7160,0.72
7161,0.7
7162,0.14
7163,0.22
7164,0.28
7165,0.76
7166,0.86
7167,0.6
7168,0.06
7169,0.16
7170,0.18
7171,0.5
7172,0.08
7173,0.12
7174,0.12
7175,0.68
7176,0.2
7177,0.26
7178,0.64
7179,0.22
7180,0.48
7181,0.5
7182,0.48
7183,0.72
7184,0.54
7185,0.84
7186,0.54
7187,0.4
7188,0.3
7189,0.68
7190,0.22
7191,0.04
7192,0.32
7193,0.42
7194,0.24
7195,0.18
7196,0.76
7197,0.58
7198,0.32
7199,0.48
7200,0.74
7201,0.1
7202,0.24
7203,0.12
7204,0.12
7205,0.02
7206,0.4
7207,0.34
7208,0.66
7209,0.3
7210,0.84
7211,0.72
7212,0.18
7213,0.64
7214,0.3
7215,0.52
7216,0.24
7217,0.88
7218,0.5
7219,0.26
7220,0.68
7221,0.62
7222,0.7
7223,0.04
7224,0.38
7225,0.56
7226,0.24
7227,0.84
7228,0.7
7229,0.3
7230,0.7
7231,0.28
7232,0.1
7233,0.62
7234,0.48
7235,0.26
7236,0.72
7237,0.12
7238,0.54
7239,0.18
7240,0.4
7241,0.6
7242,0.68
7243,0.44
7244,0.28
7245,0.3
7246,0.22
7247,0.28
7248,0.68
7249,0.4
7250,0.38
7251,0.84
7252,0.44
7253,0.2
7254,0.04
7255,0.08
7256,0.1
7257,0.56
7258,0.42
7259,0.32
7260,0.42
7261,0.28
7262,0.66
7263,0.6
7264,0.6
7265,0.66
7266,0.52
7267,0.16
7268,0.1
7269,0.48
7270,0.3
7271,0.58
7272,0.42
7273,0.4
7274,0.22
7275,0.54
7276,0.8
7277,0.26
7278,0.64
7279,0.52
7280,0.64
7281,0.26
7282,0.68
7283,0.02
7284,0.54
7285,0.38
7286,0.76
7287,0.68
7288,0.7
7289,0.92
7290,0.56
7291,0.78
7292,0.54
7293,0.2
7294,0.48
7295,0.42
7296,0.76
7297,0.14
7298,0.22
7299,0.76
7300,0.52
7301,0.18
7302,0.34
7303,0.38
7304,0.88
7305,0.08
7306,0.24
7307,0.3
7308,0.72
7309,0.38
7310,0.6
7311,0.48
7312,0.76
7313,0.56
7314,0.26
7315,0.46
7316,0.22
7317,0.8
7318,0.2
7319,0.48
7320,0.72
7321,0.44
7322,0.42
7323,0.84
7324,0.14
7325,0.26
7326,0.82
7327,0.18
7328,0.44
7329,0.005
7330,0.78
7331,0.28
7332,0.8
7333,0.54
7334,0.2
7335,0.04
7336,0.78
7337,0.64
7338,0.82
7339,0.8
7340,0.42
7341,0.36
7342,0.46
7343,0.86
7344,0.54
7345,0.52
7346,0.82
7347,0.04
7348,0.4
7349,0.62
7350,0.16
7351,0.14
7352,0.82
7353,0.54
7354,0.7
7355,0.3
7356,0.26
7357,0.66
7358,0.86
7359,0.62
7360,0.28
7361,0.3
7362,0.4
7363,0.6
7364,0.18
7365,0.6
7366,0.7
7367,0.72
7368,0.28
7369,0.22
7370,0.34
7371,0.3
7372,0.005
7373,0.44
7374,0.52
7375,0.56
7376,0.5
7377,0.28
7378,0.2
7379,0.32
7380,0.2
7381,0.16
7382,0.52
7383,0.58
7384,0.62
7385,0.42
7386,0.62
7387,0.3
7388,0.9
7389,0.34
7390,0.66
7391,0.5
7392,0.4
7393,0.62
7394,0.64
7395,0.04
7396,0.32
7397,0.18
7398,0.2
7399,0.4
7400,0.56
7401,0.68
7402,0.76
7403,0.32
7404,0.54
7405,0.72
7406,0.84
7407,0.06
7408,0.68
7409,0.34
7410,0.24
7411,0.76
7412,0.42
7413,0.72
7414,0.46
7415,0.46
7416,0.26
7417,0.34
7418,0.6
7419,0.26
7420,0.32
7421,0.9
7422,0.5
7423,0.88
7424,0.1
7425,0.06
7426,0.28
7427,0.42
7428,0.14
7429,0.5
7430,0.16
7431,0.28
7432,0.88
7433,0.2
7434,0.24
7435,0.22
7436,0.62
7437,0.52
7438,0.64
7439,0.4
7440,0.18
7441,0.66
7442,0.76
7443,0.56
7444,0.06
7445,0.6
7446,0.44
7447,0.14
7448,0.82
7449,0.26
7450,0.8
7451,0.9
7452,0.56
7453,0.1
7454,0.48
7455,0.46
7456,0.08
7457,0.16
7458,0.82
7459,0.1
7460,0.36
7461,0.42
7462,0.52
7463,0.86
7464,0.18
7465,0.3
7466,0.08
7467,0.38
7468,0.1
7469,0.44
7470,0.6
7471,0.46
7472,0.12
7473,0.12
7474,0.84
7475,0.8
7476,0.5
7477,0.5
7478,0.58
7479,0.88
7480,0.46
7481,0.1
7482,0.86
7483,0.86
7484,0.62
7485,0.58
7486,0.18
7487,0.12
7488,0.26
7489,0.14
7490,0.36
7491,0.26
7492,0.5
7493,0.38
7494,0.48
7495,0.84
7496,0.48
7497,0.34
7498,0.86
7499,0.14
7500,0.62
7501,0.32
7502,0.28
7503,0.14
7504,0.28
7505,0.74
7506,0.16
7507,0.6
7508,0.14
7509,0.2
7510,0.36
7511,0.36
7512,0.82
7513,0.4
7514,0.4
7515,0.2
7516,0.6
7517,0.34
7518,0.46
7519,0.58
7520,0.18
7521,0.14
7522,0.24
7523,0.62
7524,0.72
7525,0.48
7526,0.12
7527,0.62
7528,0.18
7529,0.32
7530,0.26
7531,0.66
7532,0.64
7533,0.64
7534,0.42
7535,0.54
7536,0.32
7537,0.6
7538,0.5
7539,0.34
7540,0.4
7541,0.14
7542,0.2
7543,0.06
7544,0.16
7545,0.44
7546,0.46
7547,0.38
7548,0.36
7549,0.88
7550,0.34
7551,0.62
7552,0.76
7553,0.34
7554,0.16
7555,0.54
7556,0.48
7557,0.22
7558,0.22
7559,0.62
7560,0.44
7561,0.36
7562,0.24
7563,0.2
7564,0.3
7565,0.7
7566,0.12
7567,0.76
7568,0.18
7569,0.2
7570,0.42
7571,0.3
7572,0.36
7573,0.2
7574,0.56
7575,0.2
7576,0.46
7577,0.12
7578,0.36
7579,0.54
7580,0.1
7581,0.2
7582,0.72
7583,0.76
7584,0.62
7585,0.14
7586,0.005
7587,0.68
7588,0.16
7589,0.82
7590,0.34
7591,0.2
7592,0.02
7593,0.72
7594,0.72
7595,0.5
7596,0.62
7597,0.16
7598,0.4
7599,0.78
7600,0.5
7601,0.24
7602,0.26
7603,0.4
7604,0.66
7605,0.2
7606,0.14
7607,0.82
7608,0.44
7609,0.48
7610,0.08
7611,0.62
7612,0.36
7613,0.28
7614,0.04
7615,0.56
7616,0.6
7617,0.8
7618,0.2
7619,0.36
7620,0.22
7621,0.2
7622,0.52
7623,0.46
7624,0.04
7625,0.58
7626,0.16
7627,0.74
7628,0.64
7629,0.66
7630,0.42
7631,0.22
7632,0.16
7633,0.34
7634,0.5
7635,0.52
7636,0.16
7637,0.52
7638,0.18
7639,0.38
7640,0.12
7641,0.82
7642,0.2
7643,0.28
7644,0.82
7645,0.56
7646,0.2
7647,0.08
7648,0.14
7649,0.18
7650,0.14
7651,0.42
7652,0.3
7653,0.18
7654,0.44
7655,0.1
7656,0.42
7657,0.54
7658,0.24
7659,0.08
7660,0.72
7661,0.42
7662,0.12
7663,0.52
7664,0.5
7665,0.16
7666,0.64
7667,0.36
7668,0.64
7669,0.44
7670,0.46
7671,0.68
7672,0.24
7673,0.08
7674,0.26
7675,0.5
7676,0.08
7677,0.32
7678,0.2
7679,0.36
7680,0.18
7681,0.9
7682,0.5
7683,0.42
7684,0.92
7685,0.56
7686,0.9
7687,0.26
7688,0.52
7689,0.1
7690,0.86
7691,0.66
7692,0.34
7693,0.18
7694,0.12
7695,0.48
7696,0.32
7697,0.34
7698,0.68
7699,0.4
7700,0.54
7701,0.06
7702,0.28
7703,0.66
7704,0.64
7705,0.4
7706,0.26
7707,0.46
7708,0.12
7709,0.02
7710,0.32
7711,0.9
7712,0.12
7713,0.12
7714,0.46
7715,0.6
7716,0.7
7717,0.56
7718,0.18
7719,0.36
7720,0.24
7721,0.44
7722,0.5
7723,0.6
7724,0.34
7725,0.84
7726,0.08
7727,0.66
7728,0.4
7729,0.3
7730,0.12
7731,0.4
7732,0.36
7733,0.28
7734,0.18
7735,0.34
7736,0.58
7737,0.44
7738,0.9
7739,0.22
7740,0.36
7741,0.48
7742,0.9
7743,0.36
7744,0.08
7745,0.66
7746,0.22
7747,0.6
7748,0.44
7749,0.48
7750,0.3
7751,0.52
7752,0.8
7753,0.5
7754,0.54
7755,0.88
7756,0.58
7757,0.38
7758,0.48
7759,0.64
7760,0.4
7761,0.64
7762,0.28
7763,0.34
7764,0.54
7765,0.78
7766,0.68
7767,0.78
7768,0.48
7769,0.64
7770,0.08
7771,0.52
7772,0.5
7773,0.06
7774,0.24
7775,0.34
7776,0.44
7777,0.88
7778,0.76
7779,0.42
7780,0.46
7781,0.58
7782,0.82
7783,0.6
7784,0.14
7785,0.12
7786,0.38
7787,0.7
7788,0.48
7789,0.1
7790,0.72
7791,0.76
7792,0.18
7793,0.16
7794,0.9
7795,0.2
7796,0.14
7797,0.34
7798,0.28
7799,0.6
7800,0.3
7801,0.04
7802,0.12
7803,0.32
7804,0.44
7805,0.18
7806,0.08
7807,0.78
7808,0.18
7809,0.48
7810,0.02
7811,0.14
7812,0.82
7813,0.82
7814,0.12
7815,0.74
7816,0.06
7817,0.18
7818,0.82
7819,0.08
7820,0.42
7821,0.42
7822,0.68
7823,0.64
7824,0.18
7825,0.54
7826,0.42
7827,0.04
7828,0.6
7829,0.46
7830,0.14
7831,0.06
7832,0.18
7833,0.84
7834,0.46
7835,0.78
7836,0.44
7837,0.52
7838,0.74
7839,0.12
7840,0.14
7841,0.82
7842,0.6
7843,0.72
7844,0.06
7845,0.36
7846,0.72
7847,0.62
7848,0.58
7849,0.48
7850,0.84
7851,0.18
7852,0.02
7853,0.62
7854,0.46
7855,0.88
7856,0.28
7857,0.48
7858,0.42
7859,0.16
7860,0.16
7861,0.58
7862,0.88
7863,0.54
7864,0.34
7865,0.44
7866,0.3
7867,0.28
7868,0.54
7869,0.64
7870,0.34
7871,0.06
7872,0.78
7873,0.8
7874,0.6
7875,0.36
7876,0.32
7877,0.26
7878,0.16
7879,0.26
7880,0.46
7881,0.46
7882,0.32
7883,0.28
7884,0.52
7885,0.44
7886,0.62
7887,0.78
7888,0.32
7889,0.64
7890,0.22
7891,0.14
7892,0.84
7893,0.74
7894,0.44
7895,0.38
7896,0.76
7897,0.36
7898,0.5
7899,0.16
7900,0.3
7901,0.56
7902,0.06
7903,0.36
7904,0.56
7905,0.1
7906,0.22
7907,0.12
7908,0.56
7909,0.62
7910,0.32
7911,0.84
7912,0.24
7913,0.68
7914,0.48
7915,0.16
7916,0.14
7917,0.6
7918,0.7
7919,0.26
7920,0.22
7921,0.86
7922,0.12
7923,0.56
7924,0.14
7925,0.68
7926,0.02
7927,0.7
7928,0.24
7929,0.26
7930,0.92
7931,0.24
7932,0.44
7933,0.7
7934,0.6
7935,0.66
7936,0.42
7937,0.08
7938,0.3
7939,0.12
7940,0.26
7941,0.38
7942,0.2
7943,0.38
7944,0.98
7945,0.46
7946,0.28
7947,0.48
7948,0.6
7949,0.42
7950,0.54
7951,0.4
7952,0.36
7953,0.56
7954,0.76
7955,0.5
7956,0.76
7957,0.22
7958,0.7
7959,0.14
7960,0.64
7961,0.38
7962,0.44
7963,0.16
7964,0.64
7965,0.44
7966,0.005
7967,0.82
7968,0.06
7969,0.92
7970,0.2
7971,0.74
7972,0.44
7973,0.42
7974,0.6
7975,0.64
7976,0.74
7977,0.42
7978,0.08
7979,0.26
7980,0.32
7981,0.06
7982,0.5
7983,0.44
7984,0.5
7985,0.42
7986,0.52
7987,0.54
7988,0.7
7989,0.42
7990,0.22
7991,0.16
7992,0.08
7993,0.72
7994,0.34
7995,0.54
7996,0.4
7997,0.18
7998,0.42
7999,0.5
8000,0.16
8001,0.4
8002,0.1
8003,0.44
8004,0.3
8005,0.74
8006,0.12
8007,0.32
8008,0.9
8009,0.12
8010,0.58
8011,0.18
8012,0.52
8013,0.34
8014,0.52
8015,0.78
8016,0.22
8017,0.12
8018,0.64
8019,0.9
8020,0.16
8021,0.52
8022,0.52
8023,0.48
8024,0.82
8025,0.14
8026,0.06
8027,0.16
8028,0.62
8029,0.38
8030,0.76
8031,0.48
8032,0.24
8033,0.38
8034,0.64
8035,0.12
8036,0.5
8037,0.28
8038,0.1
8039,0.24
8040,0.22
8041,0.68
8042,0.72
8043,0.74
8044,0.52
8045,0.24
8046,0.32
8047,0.04
8048,0.14
8049,0.4
8050,0.34
8051,0.2
8052,0.7
8053,0.24
8054,0.2
8055,0.64
8056,0.32
8057,0.56
8058,0.22
8059,0.36
8060,0.74
8061,0.24
8062,0.62
8063,0.52
8064,0.32
8065,0.68
8066,0.62
8067,0.52
8068,0.32
8069,0.2
8070,0.34
8071,0.44
8072,0.06
8073,0.74
8074,0.12
8075,0.4
8076,0.5
8077,0.24
8078,0.76
8079,0.8
8080,0.32
8081,0.12
8082,0.44
8083,0.14
8084,0.24
8085,0.84
8086,0.36
8087,0.4
8088,0.24
8089,0.34
8090,0.24
8091,0.4
8092,0.76
8093,0.82
8094,0.1
8095,0.32
8096,0.8
8097,0.64
8098,0.74
8099,0.26
8100,0.06
8101,0.2
8102,0.1
8103,0.32
8104,0.68
8105,0.1
8106,0.22
8107,0.5
8108,0.58
8109,0.62
8110,0.94
8111,0.02
8112,0.62
8113,0.42
8114,0.46
8115,0.66
8116,0.52
8117,0.72
8118,0.44
8119,0.28
8120,0.04
8121,0.56
8122,0.26
8123,0.42
8124,0.6
8125,0.06
8126,0.06
8127,0.18
8128,0.16
8129,0.56
8130,0.74
8131,0.38
8132,0.005
8133,0.36
8134,0.84
8135,0.3
8136,0.34
8137,0.2
8138,0.46
8139,0.22
8140,0.56
8141,0.22
8142,0.22
8143,0.28
8144,0.24
8145,0.78
8146,0.24
8147,0.4
8148,0.72
8149,0.02
8150,0.78
8151,0.38
8152,0.8
8153,0.26
8154,0.005
8155,0.76
8156,0.44
8157,0.68
8158,0.005
8159,0.28
8160,0.48
8161,0.14
8162,0.1
8163,0.76
8164,0.54
8165,0.74
8166,0.44
8167,0.22
8168,0.7
8169,0.28
8170,0.58
8171,0.42
8172,0.04
8173,0.92
8174,0.38
8175,0.48
8176,0.46
8177,0.64
8178,0.02
8179,0.64
8180,0.7
8181,0.82
8182,0.18
8183,0.16
8184,0.64
8185,0.64
8186,0.36
8187,0.18
8188,0.3
8189,0.12
8190,0.82
8191,0.82
8192,0.38
8193,0.66
8194,0.1
8195,0.6
8196,0.74
8197,0.22
8198,0.32
8199,0.7
8200,0.22
8201,0.8
8202,0.94
8203,0.24
8204,0.78
8205,0.28
8206,0.48
8207,0.8
8208,0.5
8209,0.02
8210,0.62
8211,0.34
8212,0.2
8213,0.14
8214,0.68
8215,0.3
8216,0.82
8217,0.7
8218,0.34
8219,0.2
8220,0.24
8221,0.74
8222,0.8
8223,0.74
8224,0.9
8225,0.18
8226,0.38
8227,0.68
8228,0.42
8229,0.3
8230,0.58
8231,0.58
8232,0.76
8233,0.3
8234,0.06
8235,0.06
8236,0.64
8237,0.52
8238,0.58
8239,0.5
8240,0.4
8241,0.42
8242,0.32
8243,0.5
8244,0.74
8245,0.7
8246,0.42
8247,0.58
8248,0.22
8249,0.08
8250,0.12
8251,0.28
8252,0.64
8253,0.68
8254,0.58
8255,0.18
8256,0.42
8257,0.54
8258,0.24
8259,0.34
8260,0.46
8261,0.26
8262,0.46
8263,0.86
8264,0.14
8265,0.22
8266,0.62
8267,0.22
8268,0.34
8269,0.68
8270,0.7
8271,0.68
8272,0.4
8273,0.06
8274,0.66
8275,0.58
8276,0.32
8277,0.4
8278,0.46
8279,0.84
8280,0.08
8281,0.08
8282,0.12
8283,0.76
8284,0.52
8285,0.4
8286,0.1
8287,0.14
8288,0.54
8289,0.24
8290,0.7
8291,0.6
8292,0.44
8293,0.74
8294,0.04
8295,0.58
8296,0.44
8297,0.46
8298,0.74
8299,0.66
8300,0.38
8301,0.06
8302,0.06
8303,0.64
8304,0.48
8305,0.68
8306,0.22
8307,0.48
8308,0.32
8309,0.86
8310,0.32
8311,0.48
8312,0.68
8313,0.36
8314,0.04
8315,0.32
8316,0.1
8317,0.58
8318,0.32
8319,0.1
8320,0.8
8321,0.32
8322,0.14
8323,0.44
8324,0.58
8325,0.42
8326,0.66
8327,0.14
8328,0.4
8329,0.4
8330,0.78
8331,0.72
8332,0.12
8333,0.74
8334,0.66
8335,0.62
8336,0.32
8337,0.005
8338,0.46
8339,0.38
8340,0.32
8341,0.28
8342,0.16
8343,0.005
8344,0.28
8345,0.3
8346,0.14
8347,0.5
8348,0.54
8349,0.2
8350,0.16
8351,0.16
8352,0.74
8353,0.88
8354,0.28
8355,0.3
8356,0.38
8357,0.6
8358,0.86
8359,0.4
8360,0.54
8361,0.18
8362,0.42
8363,0.1
8364,0.82
8365,0.38
8366,0.54
8367,0.1
8368,0.1
8369,0.58
8370,0.3
8371,0.3
8372,0.78
8373,0.18
8374,0.06
8375,0.08
8376,0.64
8377,0.28
8378,0.46
8379,0.6
8380,0.32
8381,0.64
8382,0.66
8383,0.78
8384,0.38
8385,0.26
8386,0.56
8387,0.62
8388,0.7
8389,0.32
8390,0.68
8391,0.24
8392,0.24
8393,0.12
8394,0.3
8395,0.76
8396,0.62
8397,0.26
8398,0.54
8399,0.34
8400,0.34
8401,0.46
8402,0.7
8403,0.42
8404,0.56
8405,0.32
8406,0.52
8407,0.32
8408,0.4
8409,0.4
8410,0.72
8411,0.46
8412,0.56
8413,0.72
8414,0.64
8415,0.68
8416,0.3
8417,0.42
8418,0.58
8419,0.4
8420,0.72
8421,0.5
8422,0.76
8423,0.54
8424,0.82
8425,0.14
8426,0.56
8427,0.12
8428,0.7
8429,0.02
8430,0.42
8431,0.44
8432,0.56
8433,0.2
8434,0.34
8435,0.005
8436,0.14
8437,0.38
8438,0.3
8439,0.18
8440,0.44
8441,0.28
8442,0.78
8443,0.74
8444,0.72
8445,0.78
8446,0.46
8447,0.16
8448,0.56
8449,0.5
8450,0.16
8451,0.3
8452,0.52
8453,0.24
8454,0.12
8455,0.68
8456,0.98
8457,0.56
8458,0.56
8459,0.62
8460,0.4
8461,0.74
8462,0.8
8463,0.4
8464,0.46
8465,0.4
8466,0.24
8467,0.04
8468,0.34
8469,0.52
8470,0.44
8471,0.36
8472,0.16
8473,0.5
8474,0.16
8475,0.56
8476,0.32
8477,0.14
8478,0.12
8479,0.66
8480,0.54
8481,0.04
8482,0.28
8483,0.14
8484,0.2
8485,0.04
8486,0.14
8487,0.66
8488,0.28
8489,0.74
8490,0.68
8491,0.62
8492,0.84
8493,0.86
8494,0.12
8495,0.18
8496,0.5
8497,0.22
8498,0.72
8499,0.3
8500,0.52
8501,0.18
8502,0.44
8503,0.92
8504,0.48
8505,0.32
8506,0.62
8507,0.16
8508,0.02
8509,0.42
8510,0.32
8511,0.26
8512,0.36
8513,0.32
8514,0.2
8515,0.64
8516,0.68
8517,0.4
8518,0.52
8519,0.4
8520,0.42
8521,0.04
8522,0.08
8523,0.24
8524,0.72
8525,0.22
8526,0.24
8527,0.52
8528,0.16
8529,0.68
8530,0.6
8531,0.76
8532,0.82
8533,0.38
8534,0.56
8535,0.58
8536,0.2
8537,0.24
8538,0.22
8539,0.28
8540,0.5
8541,0.64
8542,0.4
8543,0.14
8544,0.4
8545,0.32
8546,0.3
8547,0.16
8548,0.76
8549,0.02
8550,0.78
8551,0.5
8552,0.7
8553,0.62
8554,0.38
8555,0.04
8556,0.76
8557,0.22
8558,0.32
8559,0.2
8560,0.08
8561,0.22
8562,0.1
8563,0.46
8564,0.7
8565,0.58
8566,0.76
8567,0.58
8568,0.94
8569,0.44
8570,0.3
8571,0.3
8572,0.8
8573,0.36
8574,0.28
8575,0.6
8576,0.24
8577,0.34
8578,0.64
8579,0.42
8580,0.86
8581,0.52
8582,0.7
8583,0.66
8584,0.76
8585,0.12
8586,0.66
8587,0.005
8588,0.22
8589,0.72
8590,0.14
8591,0.16
8592,0.62
8593,0.02
8594,0.38
8595,0.42
8596,0.64
8597,0.54
8598,0.62
8599,0.28
8600,0.58
8601,0.4
8602,0.14
8603,0.12
8604,0.64
8605,0.22
8606,0.86
8607,0.74
8608,0.72
8609,0.18
8610,0.3
8611,0.72
8612,0.26
8613,0.32
8614,0.12
8615,0.82
8616,0.62
8617,0.52
8618,0.04
8619,0.66
8620,0.74
8621,0.32
8622,0.6
8623,0.2
8624,0.8
8625,0.3
8626,0.46
8627,0.08
8628,0.16
8629,0.42
8630,0.7
8631,0.6
8632,0.94
8633,0.72
8634,0.8
8635,0.1
8636,0.005
8637,0.1
8638,0.52
8639,0.16
8640,0.42
8641,0.42
8642,0.42
8643,0.1
8644,0.6
8645,0.26
8646,0.14
8647,0.38
8648,0.44
8649,0.1
8650,0.42
8651,0.4
8652,0.56
8653,0.3
8654,0.86
8655,0.36
8656,0.28
8657,0.44
8658,0.1
8659,0.04
8660,0.3
8661,0.2
8662,0.54
8663,0.6
8664,0.42
8665,0.36
8666,0.08
8667,0.7
8668,0.62
8669,0.32
8670,0.66
8671,0.66
8672,0.94
8673,0.36
8674,0.92
8675,0.3
8676,0.2
8677,0.04
8678,0.6
8679,0.6
8680,0.54
8681,0.72
8682,0.88
8683,0.6
8684,0.76
8685,0.8
8686,0.54
8687,0.44
8688,0.74
8689,0.08
8690,0.2
8691,0.28
8692,0.54
8693,0.32
8694,0.26
8695,0.52
8696,0.44
8697,0.28
8698,0.04
8699,0.12
8700,0.5
8701,0.1
8702,0.9
8703,0.52
8704,0.36
8705,0.44
8706,0.46
8707,0.24
8708,0.16
8709,0.38
8710,0.26
8711,0.02
8712,0.02
8713,0.2
8714,0.74
8715,0.24
8716,0.8
8717,0.72
8718,0.2
8719,0.38
8720,0.78
8721,0.38
8722,0.04
8723,0.16
8724,0.62
8725,0.2
8726,0.36
8727,0.26
8728,0.56
8729,0.46
8730,0.24
8731,0.6
8732,0.36
8733,0.62
8734,0.34
8735,0.64
8736,0.9
8737,0.22
8738,0.66
8739,0.26
8740,0.28
8741,0.12
8742,0.12
8743,0.22
8744,0.44
8745,0.4
8746,0.66
8747,0.4
8748,0.26
8749,0.2
8750,0.1
8751,0.28
8752,0.52
8753,0.74
8754,0.6
8755,0.64
8756,0.86
8757,0.34
8758,0.56
8759,0.64
8760,0.22
8761,0.34
8762,0.26
8763,0.4
8764,0.76
8765,0.56
8766,0.38
8767,0.04
8768,0.22
8769,0.54
8770,0.38
8771,0.42
8772,0.6
8773,0.72
8774,0.56
8775,0.06
8776,0.86
8777,0.7
8778,0.26
8779,0.6
8780,0.32
8781,0.34
8782,0.6
8783,0.32
8784,0.22
8785,0.16
8786,0.52
8787,0.16
8788,0.34
8789,0.4
8790,0.66
8791,0.32
8792,0.48
8793,0.34
8794,0.52
8795,0.48
8796,0.44
8797,0.48
8798,0.68
8799,0.56
8800,0.38
8801,0.7
8802,0.58
8803,0.6
8804,0.42
8805,0.48
8806,0.4
8807,0.6
8808,0.06
8809,0.14
8810,0.4
8811,0.74
8812,0.62
8813,0.38
8814,0.38
8815,0.06
8816,0.18
8817,0.56
8818,0.12
8819,0.16
8820,0.3
8821,0.88
8822,0.32
8823,0.12
8824,0.16
8825,0.16
8826,0.16
8827,0.4
8828,0.22
8829,0.56
8830,0.54
8831,0.76
8832,0.64
8833,0.6
8834,0.34
8835,0.5
8836,0.28
8837,0.34
8838,0.64
8839,0.8
8840,0.2
8841,0.08
8842,0.3
8843,0.5
8844,0.34
8845,0.34
8846,0.36
8847,0.26
8848,0.68
8849,0.24
8850,0.1
8851,0.76
8852,0.18
8853,0.6
8854,0.54
8855,0.52
8856,0.38
8857,0.84
8858,0.14
8859,0.4
8860,0.2
8861,0.62
8862,0.78
8863,0.1
8864,0.78
8865,0.6
8866,0.34
8867,0.68
8868,0.64
8869,0.92
8870,0.88
8871,0.44
8872,0.24
8873,0.26
8874,0.8
8875,0.48
8876,0.64
8877,0.2
8878,0.5
8879,0.54
8880,0.4
8881,0.08
8882,0.46
8883,0.6
8884,0.9
8885,0.26
8886,0.6
8887,0.9
8888,0.66
8889,0.04
8890,0.66
8891,0.56
8892,0.28
8893,0.42
8894,0.3
8895,0.8
8896,0.6
8897,0.22
8898,0.22
8899,0.44
8900,0.54
8901,0.58
8902,0.68
8903,0.18
8904,0.36
8905,0.26
8906,0.08
8907,0.48
8908,0.28
8909,0.92
8910,0.58
8911,0.48
8912,0.44
8913,0.14
8914,0.3
8915,0.28
8916,0.7
8917,0.64
8918,0.64
8919,0.54
8920,0.68
8921,0.28
8922,0.06
8923,0.66
8924,0.52
8925,0.12
8926,0.6
8927,0.8
8928,0.32
8929,0.52
8930,0.8
8931,0.22
8932,0.18
8933,0.78
8934,0.12
8935,0.6
8936,0.38
8937,0.3
8938,0.94
8939,0.18
8940,0.08
8941,0.78
8942,0.68
8943,0.44
8944,0.18
8945,0.08
8946,0.7
8947,0.06
8948,0.76
8949,0.56
8950,0.44
8951,0.005
8952,0.62
8953,0.28
8954,0.5
8955,0.8
8956,0.7
8957,0.12
8958,0.56
8959,0.88
8960,0.38
8961,0.24
8962,0.76
8963,0.44
8964,0.5
8965,0.24
8966,0.18
8967,0.28
8968,0.44
8969,0.28
8970,0.36
8971,0.02
8972,0.92
8973,0.92
8974,0.52
8975,0.36
8976,0.66
8977,0.14
8978,0.42
8979,0.1
8980,0.36
8981,0.48
8982,0.2
8983,0.74
8984,0.38
8985,0.18
8986,0.64
8987,0.42
8988,0.24
8989,0.6
8990,0.88
8991,0.22
8992,0.02
8993,0.26
8994,0.52
8995,0.78
8996,0.26
8997,0.62
8998,0.22
8999,0.94
9000,0.1
9001,0.56
9002,0.44
9003,0.42
9004,0.74
9005,0.26
9006,0.52
9007,0.66
9008,0.62
9009,0.78
9010,0.68
9011,0.22
9012,0.52
9013,0.42
9014,0.54
9015,0.56
9016,0.36
9017,0.28
9018,0.4
9019,0.44
9020,0.46
9021,0.1
9022,0.26
9023,0.14
9024,0.7
9025,0.18
9026,0.56
9027,0.8
9028,0.92
9029,0.12
9030,0.76
9031,0.26
9032,0.46
9033,0.26
9034,0.7
9035,0.18
9036,0.84
9037,0.4
9038,0.62
9039,0.44
9040,0.14
9041,0.56
9042,0.88
9043,0.76
9044,0.52
9045,0.4
9046,0.6
9047,0.1
9048,0.12
9049,0.18
9050,0.24
9051,0.72
9052,0.76
9053,0.24
9054,0.52
9055,0.58
9056,0.4
9057,0.48
9058,0.04
9059,0.04
9060,0.3
9061,0.16
9062,0.22
9063,0.22
9064,0.1
9065,0.1
9066,0.62
9067,0.62
9068,0.3
9069,0.2
9070,0.14
9071,0.14
9072,0.4
9073,0.56
9074,0.56
9075,0.9
9076,0.3
9077,0.42
9078,0.52
9079,0.4
9080,0.48
9081,0.48
9082,0.32
9083,0.7
9084,0.04
9085,0.64
9086,0.26
9087,0.52
9088,0.48
9089,0.32
9090,0.64
9091,0.76
9092,0.44
9093,0.06
9094,0.22
9095,0.36
9096,0.24
9097,0.4
9098,0.62
9099,0.18
9100,0.26
9101,0.66
9102,0.28
9103,0.18
9104,0.58
9105,0.9
9106,0.36
9107,0.2
9108,0.68
9109,0.78
9110,0.28
9111,0.08
9112,0.04
9113,0.48
9114,0.32
9115,0.74
9116,0.12
9117,0.1
9118,0.5
9119,0.72
9120,0.4
9121,0.18
9122,0.52
9123,0.74
9124,0.54
9125,0.62
9126,0.42
9127,0.14
9128,0.54
9129,0.9
9130,0.84
9131,0.56
9132,0.52
9133,0.48
9134,0.58
9135,0.54
9136,0.24
9137,0.2
9138,0.48
9139,0.38
9140,0.66
9141,0.42
9142,0.78
9143,0.64
9144,0.56
9145,0.4
9146,0.04
9147,0.24
9148,0.54
9149,0.4
9150,0.08
9151,0.64
9152,0.12
9153,0.7
9154,0.18
9155,0.48
9156,0.9
9157,0.64
9158,0.66
9159,0.32
9160,0.54
9161,0.16
9162,0.52
9163,0.08
9164,0.18
9165,0.12
9166,0.42
9167,0.88
9168,0.4
9169,0.22
9170,0.58
9171,0.14
9172,0.74
9173,0.1
9174,0.1
9175,0.76
9176,0.24
9177,0.38
9178,0.52
9179,0.04
9180,0.56
9181,0.54
9182,0.6
9183,0.48
9184,0.2
9185,0.74
9186,0.22
9187,0.4
9188,0.26
9189,0.9
9190,0.56
9191,0.66
9192,0.38
9193,0.72
9194,0.32
9195,0.2
9196,0.08
9197,0.74
9198,0.08
9199,0.44
9200,0.22
9201,0.66
9202,0.28
9203,0.12
9204,0.38
9205,0.44
9206,0.26
9207,0.42
9208,0.88
9209,0.32
9210,0.7
9211,0.3
9212,0.54
9213,0.38
9214,0.26
9215,0.7
9216,0.24
9217,0.32
9218,0.68
9219,0.66
9220,0.46
9221,0.6
9222,0.16
9223,0.48
9224,0.76
9225,0.82
9226,0.54
9227,0.16
9228,0.4
9229,0.04
9230,0.4
9231,0.18
9232,0.38
9233,0.66
9234,0.22
9235,0.64
9236,0.34
9237,0.6
9238,0.14
9239,0.48
9240,0.5
9241,0.34
9242,0.38
9243,0.46
9244,0.7
9245,0.36
9246,0.64
9247,0.18
9248,0.68
9249,0.34
9250,0.7
9251,0.92
9252,0.5
9253,0.36
9254,0.54
9255,0.48
9256,0.48
9257,0.86
9258,0.56
9259,0.56
9260,0.56
9261,0.58
9262,0.58
9263,0.64
9264,0.46
9265,0.9
9266,0.26
9267,0.58
9268,0.18
9269,0.46
9270,0.04
9271,0.8
9272,0.84
9273,0.14
9274,0.68
9275,0.8
9276,0.04
9277,0.26
9278,0.84
9279,0.26
9280,0.3
9281,0.04
9282,0.16
9283,0.18
9284,0.06
9285,0.1
9286,0.42
9287,0.46
9288,0.54
9289,0.9
9290,0.42
9291,0.005
9292,0.58
9293,0.26
9294,0.22
9295,0.08
9296,0.5
9297,0.36
9298,0.28
9299,0.32
9300,0.44
9301,0.28
9302,0.62
9303,0.46
9304,0.12
9305,0.14
9306,0.38
9307,0.6
9308,0.16
9309,0.62
9310,0.82
9311,0.32
9312,0.4
9313,0.66
9314,0.56
9315,0.08
9316,0.82
9317,0.36
9318,0.54
9319,0.34
9320,0.38
9321,0.34
9322,0.12
9323,0.32
9324,0.62
9325,0.5
9326,0.5
9327,0.56
9328,0.14
9329,0.2
9330,0.72
9331,0.82
9332,0.5
9333,0.6
9334,0.82
9335,0.22
9336,0.36
9337,0.08
9338,0.34
9339,0.14
9340,0.48
9341,0.64
9342,0.18
9343,0.54
9344,0.12
9345,0.78
9346,0.4
9347,0.34
9348,0.1
9349,0.42
9350,0.16
9351,0.3
9352,0.5
9353,0.64
9354,0.66
9355,0.12
9356,0.26
9357,0.38
9358,0.66
9359,0.74
9360,0.28
9361,0.6
9362,0.32
9363,0.72
9364,0.22
9365,0.8
9366,0.14
9367,0.24
9368,0.3
9369,0.3
9370,0.32
9371,0.44
9372,0.72
9373,0.22
9374,0.6
9375,0.48
9376,0.18
9377,0.84
9378,0.16
9379,0.18
9380,0.42
9381,0.52
9382,0.78
9383,0.66
9384,0.4
9385,0.68
9386,0.46
9387,0.18
9388,0.56
9389,0.42
9390,0.42
9391,0.62
9392,0.42
9393,0.86
9394,0.78
9395,0.46
9396,0.44
9397,0.18
9398,0.28
9399,0.24
9400,0.34
9401,0.8
9402,0.48
9403,0.52
9404,0.7
9405,0.34
9406,0.86
9407,0.24
9408,0.5
9409,0.32
9410,0.62
9411,0.16
9412,0.6
9413,0.84
9414,0.6
9415,0.46
9416,0.26
9417,0.94
9418,0.32
9419,0.5
9420,0.3
9421,0.82
9422,0.06
9423,0.64
9424,0.72
9425,0.58
9426,0.2
9427,0.48
9428,0.62
9429,0.06
9430,0.58
9431,0.3
9432,0.44
9433,0.2
9434,0.2
9435,0.38
9436,0.14
9437,0.52
9438,0.28
9439,0.32
9440,0.6
9441,0.2
9442,0.8
9443,0.72
9444,0.92
9445,0.64
9446,0.56
9447,0.06
9448,0.3
9449,0.14
9450,0.5
9451,0.04
9452,0.22
9453,0.14
9454,0.66
9455,0.52
9456,0.32
9457,0.08
9458,0.68
9459,0.56
9460,0.6
9461,0.54
9462,0.38
9463,0.1
9464,0.34
9465,0.52
9466,0.16
9467,0.6
9468,0.22
9469,0.34
9470,0.62
9471,0.62
9472,0.7
9473,0.2
9474,0.62
9475,0.04
9476,0.28
9477,0.6
9478,0.34
9479,0.08
9480,0.04
9481,0.56
9482,0.36
9483,0.58
9484,0.86
9485,0.74
9486,0.08
9487,0.44
9488,0.28
9489,0.6
9490,0.3
9491,0.34
9492,0.82
9493,0.34
9494,0.38
9495,0.1
9496,0.12
9497,0.74
9498,0.58
9499,0.68
9500,0.54
9501,0.42
9502,0.88
9503,0.22
9504,0.66
9505,0.6
9506,0.54
9507,0.1
9508,0.16
9509,0.8
9510,0.78
9511,0.32
9512,0.2
9513,0.68
9514,0.4
9515,0.36
9516,0.72
9517,0.66
9518,0.18
9519,0.72
9520,0.24
9521,0.52
9522,0.32
9523,0.24
9524,0.66
9525,0.22
9526,0.58
9527,0.3
9528,0.54
9529,0.12
9530,0.48
9531,0.66
9532,0.62
9533,0.06
9534,0.26
9535,0.42
9536,0.14
9537,0.8
9538,0.14
9539,0.74
9540,0.5
9541,0.54
9542,0.34
9543,0.46
9544,0.34
9545,0.26
9546,0.72
9547,0.28
9548,0.38
9549,0.26
9550,0.14
9551,0.58
9552,0.78
9553,0.76
9554,0.3
9555,0.4
9556,0.3
9557,0.74
9558,0.54
9559,0.4
9560,0.22
9561,0.7
9562,0.42
9563,0.005
9564,0.58
9565,0.12
9566,0.26
9567,0.5
9568,0.82
9569,0.3
9570,0.42
9571,0.34
9572,0.2
9573,0.76
9574,0.52
9575,0.9
9576,0.78
9577,0.6
9578,0.12
9579,0.42
9580,0.46
9581,0.68
9582,0.4
9583,0.8
9584,0.3
9585,0.68
9586,0.82
9587,0.84
9588,0.3
9589,0.46
9590,0.14
9591,0.54
9592,0.34
9593,0.24
9594,0.22
9595,0.26
9596,0.66
9597,0.26
9598,0.2
9599,0.3
9600,0.16
9601,0.32
9602,0.6
9603,0.32
9604,0.66
9605,0.32
9606,0.56
9607,0.14
9608,0.08
9609,0.78
9610,0.6
9611,0.7
9612,0.2
9613,0.22
9614,0.14
9615,0.8
9616,0.44
9617,0.76
9618,0.54
9619,0.54
9620,0.12
9621,0.62
9622,0.14
9623,0.44
9624,0.22
9625,0.18
9626,0.16
9627,0.6
9628,0.3
9629,0.18
9630,0.68
9631,0.7
9632,0.14
9633,0.24
9634,0.92
9635,0.42
9636,0.4
9637,0.7
9638,0.56
9639,0.12
9640,0.16
9641,0.3
9642,0.3
9643,0.62
9644,0.54
9645,0.64
9646,0.28
9647,0.18
9648,0.38
9649,0.3
9650,0.66
9651,0.28
9652,0.24
9653,0.62
9654,0.34
9655,0.58
9656,0.26
9657,0.42
9658,0.04
9659,0.56
9660,0.52
9661,0.54
9662,0.72
9663,0.68
9664,0.12
9665,0.5
9666,0.48
9667,0.32
9668,0.12
9669,0.34
9670,0.82
9671,0.68
9672,0.3
9673,0.04
9674,0.42
9675,0.66
9676,0.24
9677,0.56
9678,0.82
9679,0.32
9680,0.32
9681,0.66
9682,0.54
9683,0.24
9684,0.58
9685,0.54
9686,0.5
9687,0.58
9688,0.2
9689,0.48
9690,0.26
9691,0.58
9692,0.38
9693,0.4
9694,0.26
9695,0.24
9696,0.88
9697,0.16
9698,0.36
9699,0.7
9700,0.58
9701,0.78
9702,0.9
9703,0.76
9704,0.4
9705,0.34
9706,0.72
9707,0.32
9708,0.3
9709,0.66
9710,0.78
9711,0.06
9712,0.84
9713,0.12
9714,0.86
9715,0.2
9716,0.06
9717,0.28
9718,0.44
9719,0.34
9720,0.16
9721,0.34
9722,0.32
9723,0.36
9724,0.84
9725,0.18
9726,0.74
9727,0.64
9728,0.36
9729,0.48
9730,0.28
9731,0.7
9732,0.38
9733,0.38
9734,0.54
9735,0.42
9736,0.1
9737,0.74
9738,0.66
9739,0.74
9740,0.34
9741,0.68
9742,0.14
9743,0.06
9744,0.58
9745,0.42
9746,0.96
9747,0.68
9748,0.56
9749,0.86
9750,0.38
9751,0.18
9752,0.42
9753,0.46
9754,0.76
9755,0.32
9756,0.54
9757,0.22
9758,0.34
9759,0.42
9760,0.48
9761,0.28
9762,0.26
9763,0.62
9764,0.28
9765,0.82
9766,0.22
9767,0.64
9768,0.16
9769,0.3
9770,0.38
9771,0.48
9772,0.68
9773,0.06
9774,0.3
9775,0.24
9776,0.4
9777,0.88
9778,0.92
9779,0.44
9780,0.6
9781,0.8
9782,0.78
9783,0.56
9784,0.44
9785,0.76
9786,0.72
9787,0.82
9788,0.36
9789,0.1
9790,0.58
9791,0.76
9792,0.22
9793,0.4
9794,0.36
9795,0.5
9796,0.32
9797,0.66
9798,0.2
9799,0.88
9800,0.74
9801,0.24
9802,0.2
9803,0.06
9804,0.78
9805,0.78
9806,0.38
9807,0.02
9808,0.74
9809,0.56
9810,0.54
9811,0.32
9812,0.78
9813,0.66
9814,0.58
9815,0.38
9816,0.44
9817,0.28
9818,0.26
9819,0.5
9820,0.1
9821,0.56
9822,0.1
9823,0.72
9824,0.32
9825,0.66
9826,0.18
9827,0.56
9828,0.84
9829,0.72
9830,0.5
9831,0.32
9832,0.08
9833,0.74
9834,0.26
9835,0.48
9836,0.84
9837,0.08
9838,0.56
9839,0.34
9840,0.76
9841,0.7
9842,0.28
9843,0.04
9844,0.78
9845,0.34
9846,0.64
9847,0.6
9848,0.16
9849,0.62
9850,0.6
9851,0.6
9852,0.64
9853,0.76
9854,0.22
9855,0.34
9856,0.48
9857,0.1
9858,0.12
9859,0.52
9860,0.1
9861,0.26
9862,0.34
9863,0.7
9864,0.12
9865,0.26
9866,0.14
9867,0.2
9868,0.12
9869,0.14
9870,0.42
9871,0.46
9872,0.5
9873,0.4
9874,0.66
9875,0.26
9876,0.58
9877,0.48
9878,0.56
9879,0.52
9880,0.76
9881,0.94
9882,0.32
9883,0.54
9884,0.06
9885,0.84
9886,0.7
9887,0.26
9888,0.46
9889,0.8
9890,0.5
9891,0.64
9892,0.08
9893,0.8
9894,0.52
9895,0.22
9896,0.3
9897,0.1
9898,0.16
9899,0.16
9900,0.2
9901,0.6
9902,0.74
9903,0.3
9904,0.16
9905,0.78
9906,0.22
9907,0.34
9908,0.38
9909,0.46
9910,0.76
9911,0.48
9912,0.52
9913,0.32
9914,0.84
9915,0.16
9916,0.24
9917,0.56
9918,0.28
9919,0.44
9920,0.78
9921,0.66
9922,0.84
9923,0.26
9924,0.1
9925,0.08
9926,0.82
9927,0.44
9928,0.36
9929,0.88
9930,0.72
9931,0.38
9932,0.12
9933,0.32
9934,0.42
9935,0.34
9936,0.3
9937,0.74
9938,0.12
9939,0.58
9940,0.3
9941,0.56
9942,0.54
9943,0.62
9944,0.3
9945,0.72
9946,0.04
9947,0.56
9948,0.48
9949,0.4
9950,0.78
9951,0.58
9952,0.22
9953,0.1
9954,0.42
9955,0.06
9956,0.8
9957,0.2
9958,0.16
9959,0.24
9960,0.22
9961,0.16
9962,0.18
9963,0.46
9964,0.46
9965,0.58
9966,0.92
9967,0.06
9968,0.46
9969,0.14
9970,0.48
9971,0.28
9972,0.64
9973,0.34
9974,0.22
9975,0.28
9976,0.86
9977,0.62
9978,0.48
9979,0.2
9980,0.78
9981,0.82
9982,0.5
9983,0.46
9984,0.14
9985,0.52
9986,0.62
9987,0.24
9988,0.06
9989,0.54
9990,0.14
9991,0.46
9992,0.58
9993,0.62
9994,0.26
9995,0.4
9996,0.38
9997,0.72
9998,0.38
9999,0.22
10000,0.24
10001,0.2
10002,0.36
10003,0.68
10004,0.1
10005,0.44
10006,0.24
10007,0.72
10008,0.14
10009,0.92
10010,0.38
10011,0.62
10012,0.34
10013,0.16
10014,0.7
10015,0.74
10016,0.36
10017,0.18
10018,0.58
10019,0.24
10020,0.76
10021,0.22
10022,0.64
10023,0.88
10024,0.58
10025,0.68
10026,0.3
10027,0.24
10028,0.78
10029,0.32
10030,0.54
10031,0.06
10032,0.2
10033,0.36
10034,0.24
10035,0.54
10036,0.64
10037,0.54
10038,0.48
10039,0.18
10040,0.86
10041,0.82
10042,0.48
10043,0.58
10044,0.68
10045,0.66
10046,0.68
10047,0.12
10048,0.72
10049,0.88
10050,0.54
10051,0.62
10052,0.04
10053,0.4
10054,0.08
10055,0.52
10056,0.88
10057,0.48
10058,0.18
10059,0.34
10060,0.26
10061,0.7
10062,0.02
10063,0.12
10064,0.76
10065,0.12
10066,0.26
10067,0.56
10068,0.12
10069,0.62
10070,0.56
10071,0.36
10072,0.6
10073,0.86
10074,0.34
10075,0.58
10076,0.82
10077,0.46
10078,0.58
10079,0.3
10080,0.22
10081,0.66
10082,0.72
10083,0.22
10084,0.5
10085,0.34
10086,0.46
10087,0.44
10088,0.42
10089,0.16
10090,0.56
10091,0.36
10092,0.86
10093,0.24
10094,0.26
10095,0.5
10096,0.32
10097,0.54
10098,0.18
10099,0.28
10100,0.3
10101,0.62
10102,0.32
10103,0.38
10104,0.82
10105,0.4
10106,0.32
10107,0.16
10108,0.4
10109,0.48
10110,0.98
10111,0.88
10112,0.28
10113,0.16
10114,0.22
10115,0.82
10116,0.06
10117,0.1
10118,0.68
10119,0.2
10120,0.5
10121,0.48
10122,0.24
10123,0.38
10124,0.62
10125,0.32
10126,0.74
10127,0.2
10128,0.7
10129,0.26
10130,0.1
10131,0.12
10132,0.76
10133,0.74
10134,0.42
10135,0.18
10136,0.14
10137,0.42
10138,0.32
10139,0.8
10140,0.42
10141,0.24
10142,0.36
10143,0.34
10144,0.62
10145,0.72
10146,0.68
10147,0.6
10148,0.18
10149,0.82
10150,0.6
10151,0.14
10152,0.42
10153,0.52
10154,0.76
10155,0.04
10156,0.56
10157,0.88
10158,0.42
10159,0.02
10160,0.28
10161,0.2
10162,0.44
10163,0.72
10164,0.16
10165,0.22
10166,0.12
10167,0.12
10168,0.2
10169,0.34
10170,0.42
10171,0.86
10172,0.36
10173,0.78
10174,0.54
10175,0.34
10176,0.24
10177,0.12
10178,0.42
10179,0.1
10180,0.34
10181,0.74
10182,0.4
10183,0.12
10184,0.24
10185,0.86
10186,0.36
10187,0.68
10188,0.76
10189,0.48
10190,0.56
10191,0.48
10192,0.24
10193,0.74
10194,0.6
10195,0.44
10196,0.64
10197,0.56
10198,0.48
10199,0.2
10200,0.26
10201,0.18
10202,0.36
10203,0.06
10204,0.62
10205,0.48
10206,0.54
10207,0.58
10208,0.22
10209,0.68
10210,0.76
10211,0.78
10212,0.06
10213,0.64
10214,0.62
10215,0.12
10216,0.72
10217,0.8
10218,0.08
10219,0.1
10220,0.26
10221,0.46
10222,0.24
10223,0.76
10224,0.22
10225,0.32
10226,0.72
10227,0.6
10228,0.92
10229,0.1
10230,0.38
10231,0.26
10232,0.8
10233,0.52
10234,0.46
10235,0.12
10236,0.74
10237,0.52
10238,0.54
10239,0.5
10240,0.44
10241,0.42
10242,0.66
10243,0.38
10244,0.5
10245,0.48
10246,0.08
10247,0.44
10248,0.34
10249,0.12
10250,0.76
10251,0.46
10252,0.16
10253,0.38
10254,0.58
10255,0.52
10256,0.46
10257,0.6
10258,0.04
10259,0.9
10260,0.06
10261,0.56
10262,0.74
10263,0.34
10264,0.62
10265,0.68
10266,0.18
10267,0.34
10268,0.28
10269,0.14
10270,0.52
10271,0.68
10272,0.62
10273,0.16
10274,0.62
10275,0.52
10276,0.72
10277,0.24
10278,0.34
10279,0.5
10280,0.16
10281,0.66
10282,0.24
10283,0.46
10284,0.68
10285,0.14
10286,0.4
10287,0.72
10288,0.64
10289,0.8
10290,0.66
10291,0.34
10292,0.14
10293,0.38
10294,0.34
10295,0.72
10296,0.76
10297,0.04
10298,0.66
10299,0.18
10300,0.64
10301,0.68
10302,0.86
10303,0.005
10304,0.34
10305,0.18
10306,0.2
10307,0.22
10308,0.58
10309,0.9
10310,0.58
10311,0.68
10312,0.76
10313,0.14
10314,0.38
10315,0.52
10316,0.2
10317,0.46
10318,0.62
10319,0.04
10320,0.44
10321,0.14
10322,0.52
10323,0.76
10324,0.08
10325,0.44
10326,0.74
10327,0.48
10328,0.64
10329,0.66
10330,0.54
10331,0.48
10332,0.9
10333,0.62
10334,0.02
10335,0.14
10336,0.14
10337,0.38
10338,0.44
10339,0.12
10340,0.52
10341,0.44
10342,0.58
10343,0.16
10344,0.58
10345,0.34
10346,0.38
10347,0.48
10348,0.58
10349,0.58
10350,0.28
10351,0.76
10352,0.18
10353,0.28
10354,0.9
10355,0.1
10356,0.38
10357,0.72
10358,0.3
10359,0.64
10360,0.82
10361,0.42
10362,0.44
10363,0.46
10364,0.88
10365,0.48
10366,0.8
10367,0.34
10368,0.7
10369,0.88
10370,0.4
10371,0.74
10372,0.5
10373,0.02
10374,0.46
10375,0.36
10376,0.64
10377,0.24
10378,0.66
10379,0.64
10380,0.46
10381,0.5
10382,0.26
10383,0.14
10384,0.3
10385,0.64
10386,0.52
10387,0.56
10388,0.04
10389,0.32
10390,0.32
10391,0.2
10392,0.78
10393,0.44
10394,0.86
10395,0.52
10396,0.32
10397,0.26
10398,0.5
10399,0.56
10400,0.32
10401,0.84
10402,0.94
10403,0.2
10404,0.76
10405,0.68
10406,0.14
10407,0.8
10408,0.8
10409,0.36
10410,0.72
10411,0.54
10412,0.42
10413,0.24
10414,0.28
10415,0.36
10416,0.4
10417,0.5
10418,0.34
10419,0.8
10420,0.74
10421,0.1
10422,0.38
10423,0.78
10424,0.62
10425,0.48
10426,0.34
10427,0.72
10428,0.08
10429,0.68
10430,0.76
10431,0.76
10432,0.62
10433,0.8
10434,0.4
10435,0.6
10436,0.82
10437,0.2
10438,0.38
10439,0.32
10440,0.74
10441,0.5
10442,0.52
10443,0.16
10444,0.64
10445,0.32
10446,0.58
10447,0.82
10448,0.9
10449,0.46
10450,0.54
10451,0.54
10452,0.26
10453,0.66
10454,0.08
10455,0.84
10456,0.54
10457,0.5
10458,0.34
10459,0.22
10460,0.78
10461,0.38
10462,0.5
10463,0.34
10464,0.08
10465,0.22
10466,0.8
10467,0.32
10468,0.72
10469,0.4
10470,0.76
10471,0.34
10472,0.46
10473,0.3
10474,0.94
10475,0.26
10476,0.1
10477,0.08
10478,0.32
10479,0.84
10480,0.86
10481,0.12
10482,0.44
10483,0.82
10484,0.3
10485,0.04
10486,0.82
10487,0.88
10488,0.5
10489,0.26
10490,0.66
10491,0.44
10492,0.72
10493,0.22
10494,0.18
10495,0.82
10496,0.16
10497,0.52
10498,0.2
10499,0.32
10500,0.12
10501,0.5
10502,0.54
10503,0.22
10504,0.32
10505,0.98
10506,0.64
10507,0.26
10508,0.42
10509,0.4
10510,0.4
10511,0.5
10512,0.64
10513,0.6
10514,0.26
10515,0.76
10516,0.12
10517,0.6
10518,0.54
10519,0.26
10520,0.38
10521,0.28
10522,0.58
10523,0.3
10524,0.26
10525,0.08
10526,0.42
10527,0.48
10528,0.38
10529,0.38
10530,0.12
10531,0.18
10532,0.66
10533,0.9
10534,0.4
10535,0.44
10536,0.8
10537,0.78
10538,0.48
10539,0.04
10540,0.02
10541,0.9
10542,0.08
10543,0.06
10544,0.38
10545,0.04
10546,0.34
10547,0.24
10548,0.3
10549,0.86
10550,0.82
10551,0.12
10552,0.16
10553,0.54
10554,0.44
10555,0.22
10556,0.5
10557,0.32
10558,0.52
10559,0.44
10560,0.66
10561,0.2
10562,0.78
10563,0.72
10564,0.24
10565,0.32
10566,0.26
10567,0.58
10568,0.14
10569,0.56
10570,0.46
10571,0.78
10572,0.78
10573,0.82
10574,0.38
10575,0.84
10576,0.6
10577,0.8
10578,0.56
10579,0.22
10580,0.04
10581,0.2
10582,0.8
10583,0.3
10584,0.44
10585,0.2
10586,0.28
10587,0.44
10588,0.2
10589,0.72
10590,0.24
10591,0.34
10592,0.12
10593,0.22
10594,0.46
10595,0.1
10596,0.12
10597,0.44
10598,0.28
10599,0.26
10600,0.64
10601,0.72
10602,0.92
10603,0.16
10604,0.58
10605,0.06
10606,0.02
10607,0.54
10608,0.32
10609,0.58
10610,0.86
10611,0.78
10612,0.12
10613,0.1
10614,0.04
10615,0.66
10616,0.58
10617,0.26
10618,0.16
10619,0.28
10620,0.6
10621,0.18
10622,0.36
10623,0.36
10624,0.36
10625,0.18
10626,0.18
10627,0.74
10628,0.3
10629,0.08
10630,0.3
10631,0.38
10632,0.72
10633,0.84
10634,0.06
10635,0.28
10636,0.18
10637,0.9
10638,0.8
10639,0.38
10640,0.4
10641,0.22
10642,0.28
10643,0.28
10644,0.46
10645,0.18
10646,0.16
10647,0.2
10648,0.48
10649,0.54
10650,0.46
10651,0.12
10652,0.44
10653,0.26
10654,0.56
10655,0.16
10656,0.78
10657,0.5
10658,0.56
10659,0.08
10660,0.64
10661,0.4
10662,0.08
10663,0.5
10664,0.72
10665,0.48
10666,0.34
10667,0.24
10668,0.06
10669,0.44
10670,0.34
10671,0.5
10672,0.44
10673,0.42
10674,0.7
10675,0.005
10676,0.76
10677,0.06
10678,0.5
10679,0.22
10680,0.62
10681,0.76
10682,0.14
10683,0.86
10684,0.5
10685,0.04
10686,0.18
10687,0.74
10688,0.26
10689,0.38
10690,0.84
10691,0.66
10692,0.06
10693,0.2
10694,0.18
10695,0.18
10696,0.74
10697,0.2
10698,0.36
10699,0.38
10700,0.44
10701,0.72
10702,0.08
10703,0.54
10704,0.62
10705,0.56
10706,0.54
10707,0.16
10708,0.26
10709,0.7
10710,0.46
10711,0.6
10712,0.2
10713,0.44
10714,0.44
10715,0.3
10716,0.62
10717,0.94
10718,0.64
10719,0.08
10720,0.16
10721,0.34
10722,0.28
10723,0.56
10724,0.86
10725,0.5
10726,0.48
10727,0.58
10728,0.78
10729,0.2
10730,0.02
10731,0.08
10732,0.5
10733,0.04
10734,0.36
10735,0.78
10736,0.44
10737,0.36
10738,0.66
10739,0.46
10740,0.3
10741,0.66
10742,0.08
10743,0.74
10744,0.64
10745,0.14
10746,0.66
10747,0.32
10748,0.2
10749,0.54
10750,0.84
10751,0.68
10752,0.46
10753,0.32
10754,0.18
10755,0.72
10756,0.8
10757,0.14
10758,0.38
10759,0.02
10760,0.68
10761,0.66
10762,0.22
10763,0.2
10764,0.7
10765,0.12
10766,0.62
10767,0.74
10768,0.16
10769,0.1
10770,0.66
10771,0.14
10772,0.02
10773,0.56
10774,0.52
10775,0.52
10776,0.22
10777,0.8
10778,0.32
10779,0.68
10780,0.06
10781,0.66
10782,0.28
10783,0.48
10784,0.22
10785,0.3
10786,0.2
10787,0.9
10788,0.38
10789,0.2
10790,0.26
10791,0.7
10792,0.88
10793,0.34
10794,0.68
10795,0.12
10796,0.38
10797,0.3
10798,0.88
10799,0.56
10800,0.62
10801,0.68
10802,0.72
10803,0.58
10804,0.8
10805,0.48
10806,0.04
10807,0.68
10808,0.62
10809,0.5
10810,0.6
10811,0.14
10812,0.14
10813,0.5
10814,0.42
10815,0.36
10816,0.1
10817,0.32
10818,0.84
10819,0.62
10820,0.54
10821,0.76
10822,0.88
10823,0.48
10824,0.22
10825,0.46
10826,0.56
10827,0.38
10828,0.46
10829,0.84
10830,0.42
10831,0.5
10832,0.44
10833,0.1
10834,0.1
10835,0.06
10836,0.22
10837,0.58
10838,0.36
10839,0.46
10840,0.66
10841,0.64
10842,0.12
10843,0.22
10844,0.54
10845,0.28
10846,0.52
10847,0.52
10848,0.1
10849,0.6
10850,0.14
10851,0.32
10852,0.84
10853,0.6
10854,0.48
10855,0.38
10856,0.82
10857,0.44
10858,0.44
10859,0.96
10860,0.34
10861,0.62
10862,0.36
10863,0.24
10864,0.54
10865,0.32
10866,0.22
10867,0.1
10868,0.12
10869,0.74
10870,0.18
10871,0.6
10872,0.4
10873,0.22
10874,0.84
10875,0.5
10876,0.34
10877,0.18
10878,0.44
10879,0.14
10880,0.54
10881,0.1
10882,0.34
10883,0.4
10884,0.3
10885,0.42
10886,0.52
10887,0.82
10888,0.78
10889,0.42
10890,0.3
10891,0.08
10892,0.16
10893,0.34
10894,0.18
10895,0.3
10896,0.38
10897,0.72
10898,0.58
10899,0.44
10900,0.54
10901,0.36
10902,0.34
10903,0.22
10904,0.54
10905,0.4
10906,0.4
10907,0.1
10908,0.6
10909,0.46
10910,0.48
10911,0.08
10912,0.42
10913,0.78
10914,0.4
10915,0.18
10916,0.54
10917,0.34
10918,0.2
10919,0.7
10920,0.005
10921,0.38
10922,0.02
10923,0.2
10924,0.86
10925,0.18
10926,0.32
10927,0.18
10928,0.5
10929,0.32
10930,0.06
10931,0.18
10932,0.42
10933,0.26
10934,0.26
10935,0.7
10936,0.8
10937,0.34
10938,0.2
10939,0.36
10940,0.88
10941,0.68
10942,0.42
10943,0.36
10944,0.64
10945,0.26
10946,0.26
10947,0.6
10948,0.1
10949,0.46
10950,0.42
10951,0.5
10952,0.44
10953,0.78
10954,0.74
10955,0.6
10956,0.36
10957,0.1
10958,0.6
10959,0.28
10960,0.4
10961,0.44
10962,0.82
10963,0.46
10964,0.32
10965,0.88
10966,0.08
10967,0.42
10968,0.36
10969,0.42
10970,0.04
10971,0.74
10972,0.24
10973,0.36
10974,0.94
10975,0.62
10976,0.86
10977,0.58
10978,0.02
10979,0.28
10980,0.26
10981,0.2
10982,0.62
10983,0.46
10984,0.24
10985,0.66
10986,0.44
10987,0.1
10988,0.58
10989,0.3
10990,0.46
10991,0.42
10992,0.64
10993,0.64
10994,0.08
10995,0.34
10996,0.8
10997,0.1
10998,0.26
10999,0.2
11000,0.32
11001,0.36
11002,0.52
11003,0.62
11004,0.1
11005,0.06
11006,0.72
11007,0.52
11008,0.6
11009,0.5
11010,0.38
11011,0.4
11012,0.78
11013,0.48
11014,0.74
11015,0.44
11016,0.16
11017,0.18
11018,0.22
11019,0.12
11020,0.22
11021,0.54
11022,0.64
11023,0.36
11024,0.5
11025,0.76
11026,0.58
11027,0.86
11028,0.16
11029,0.58
11030,0.72
11031,0.68
11032,0.36
11033,0.68
11034,0.64
11035,0.6
11036,0.6
11037,0.68
11038,0.12
11039,0.6
11040,0.3
11041,0.38
11042,0.76
11043,0.38
11044,0.92
11045,0.74
11046,0.64
11047,0.16
11048,0.44
11049,0.44
11050,0.34
11051,0.58
11052,0.36
11053,0.2
11054,0.14
11055,0.38
11056,0.48
11057,0.46
11058,0.54
11059,0.38
11060,0.26
11061,0.52
11062,0.12
11063,0.46
11064,0.82
11065,0.68
11066,0.56
11067,0.62
11068,0.42
11069,0.04
11070,0.02
11071,0.78
11072,0.12
11073,0.24
11074,0.34
11075,0.32
11076,0.4
11077,0.66
11078,0.62
11079,0.54
11080,0.74
11081,0.5
11082,0.84
11083,0.54
11084,0.5
11085,0.12
11086,0.38
11087,0.42
11088,0.34
11089,0.58
11090,0.72
11091,0.06
11092,0.18
11093,0.5
11094,0.26
11095,0.3
11096,0.6
11097,0.56
11098,0.08
11099,0.52
11100,0.36
11101,0.76
11102,0.14
11103,0.34
11104,0.66
11105,0.52
11106,0.04
11107,0.56
11108,0.82
11109,0.56
11110,0.48
11111,0.48
11112,0.52
11113,0.94
11114,0.42
11115,0.3
11116,0.46
11117,0.72
11118,0.68
11119,0.7
11120,0.34
11121,0.48
11122,0.4
11123,0.38
11124,0.06
11125,0.48
11126,0.84
11127,0.46
11128,0.26
11129,0.82
11130,0.4
11131,0.24
11132,0.38
11133,0.74
11134,0.72
11135,0.4
11136,0.56
11137,0.84
11138,0.3
11139,0.4
11140,0.26
11141,0.68
11142,0.24
11143,0.76
11144,0.72
11145,0.42
11146,0.84
11147,0.06
11148,0.14
11149,0.46
11150,0.66
11151,0.78
11152,0.28
11153,0.12
11154,0.62
11155,0.24
11156,0.7
11157,0.68
11158,0.24
11159,0.74
11160,0.22
11161,0.24
11162,0.8
11163,0.56
11164,0.64
11165,0.86
11166,0.12
11167,0.22
11168,0.14
11169,0.16
11170,0.3
11171,0.82
11172,0.66
11173,0.68
11174,0.44
11175,0.6
11176,0.76
11177,0.82
11178,0.42
11179,0.02
11180,0.54
11181,0.46
11182,0.48
11183,0.72
11184,0.7
11185,0.56
11186,0.34
11187,0.74
11188,0.28
11189,0.14
11190,0.52
11191,0.22
11192,0.36
11193,0.34
11194,0.46
11195,0.6
11196,0.54
11197,0.78
11198,0.14
11199,0.74
11200,0.14
11201,0.12
11202,0.14
11203,0.64
11204,0.32
11205,0.42
11206,0.14
11207,0.42
11208,0.12
11209,0.54
11210,0.44
11211,0.46
11212,0.22
11213,0.36
11214,0.78
11215,0.84
11216,0.18
11217,0.18
11218,0.32
11219,0.32
11220,0.3
11221,0.86
11222,0.54
11223,0.74
11224,0.9
11225,0.12
11226,0.68
11227,0.08
11228,0.48
11229,0.78
11230,0.84
11231,0.5
11232,0.5
11233,0.18
11234,0.52
11235,0.18
11236,0.04
11237,0.12
11238,0.46
11239,0.6
11240,0.54
11241,0.44
11242,0.72
11243,0.68
11244,0.8
11245,0.06
11246,0.46
11247,0.44
11248,0.62
11249,0.68
11250,0.3
11251,0.26
11252,0.24
11253,0.32
11254,0.28
11255,0.4
11256,0.6
11257,0.18
11258,0.28
11259,0.12
11260,0.64
11261,0.66
11262,0.52
11263,0.46
11264,0.84
11265,0.28
11266,0.56
11267,0.5
11268,0.26
11269,0.64
11270,0.12
11271,0.14
11272,0.52
11273,0.52
11274,0.56
11275,0.14
11276,0.06
11277,0.44
11278,0.14
11279,0.56
11280,0.82
11281,0.86
11282,0.78
11283,0.08
11284,0.74
11285,0.7
11286,0.16
11287,0.58
11288,0.02
11289,0.48
11290,0.6
11291,0.62
11292,0.58
11293,0.36
11294,0.52
11295,0.28
11296,0.56
11297,0.62
11298,0.86
11299,0.32
11300,0.74
11301,0.9
11302,0.22
11303,0.36
11304,0.3
11305,0.16
11306,0.54
11307,0.52
11308,0.82
11309,0.74
11310,0.64
11311,0.005
11312,0.34
11313,0.52
11314,0.52
11315,0.5
11316,0.4
11317,0.66
11318,0.48
11319,0.38
11320,0.72
11321,0.44
11322,0.04
11323,0.52
11324,0.88
11325,0.58
11326,0.4
11327,0.34
11328,0.5
11329,0.56
11330,0.32
11331,0.9
11332,0.32
11333,0.42
11334,0.52
11335,0.62
11336,0.34
11337,0.58
11338,0.06
11339,0.54
11340,0.88
11341,0.68
11342,0.02
11343,0.72
11344,0.18
11345,0.24
11346,0.64
11347,0.38
11348,0.3
11349,0.44
11350,0.7
11351,0.16
11352,0.24
11353,0.48
11354,0.58
11355,0.32
11356,0.64
11357,0.62
11358,0.28
11359,0.56
11360,0.16
11361,0.7
11362,0.08
11363,0.44
11364,0.28
11365,0.46
11366,0.12
11367,0.02
11368,0.7
11369,0.62
11370,0.2
11371,0.62
11372,0.62
11373,0.42
11374,0.78
11375,0.42
11376,0.26
11377,0.02
11378,0.48
11379,0.56
11380,0.12
11381,0.26
11382,0.38
11383,0.16
11384,0.3
11385,0.74
11386,0.24
11387,0.62
11388,0.86
11389,0.52
11390,0.24
11391,0.66
11392,0.4
11393,0.22
11394,0.34
11395,0.42
11396,0.52
11397,0.04
11398,0.42
11399,0.32
11400,0.34
11401,0.58
11402,0.28
11403,0.08
11404,0.2
11405,0.9
11406,0.4
11407,0.22
11408,0.4
11409,0.92
11410,0.8
11411,0.92
11412,0.72
11413,0.56
11414,0.42
11415,0.18
11416,0.86
11417,0.74
11418,0.64
11419,0.28
11420,0.28
11421,0.6
11422,0.34
11423,0.32
11424,0.54
11425,0.1
11426,0.1
11427,0.5
11428,0.54
11429,0.34
11430,0.88
11431,0.38
11432,0.66
11433,0.74
11434,0.14
11435,0.68
11436,0.76
11437,0.32
11438,0.6
11439,0.46
11440,0.54
11441,0.2
11442,0.56
11443,0.6
11444,0.32
11445,0.5
11446,0.34
11447,0.52
11448,0.8
11449,0.88
11450,0.82
11451,0.42
11452,0.66
11453,0.68
11454,0.88
11455,0.24
11456,0.42
11457,0.44
11458,0.08
11459,0.16
11460,0.12
11461,0.68
11462,0.14
11463,0.1
11464,0.52
11465,0.78
11466,0.24
11467,0.5
11468,0.7
11469,0.58
11470,0.68
11471,0.78
11472,0.34
11473,0.06
11474,0.06
11475,0.76
11476,0.28
11477,0.48
11478,0.08
11479,0.9
11480,0.06
11481,0.26
11482,0.24
11483,0.56
11484,0.46
11485,0.78
11486,0.42
11487,0.66
11488,0.34
11489,0.54
11490,0.54
11491,0.38
11492,0.48
11493,0.56
11494,0.5
11495,0.18
11496,0.92
11497,0.08
11498,0.48
11499,0.26
11500,0.86
11501,0.44
11502,0.46
11503,0.94
11504,0.22
11505,0.2
11506,0.86
11507,0.44
11508,0.2
11509,0.58
11510,0.5
11511,0.32
11512,0.06
11513,0.54
11514,0.14
11515,0.68
11516,0.36
11517,0.22
11518,0.56
11519,0.22
11520,0.32
11521,0.12
11522,0.16
11523,0.22
11524,0.62
11525,0.12
11526,0.24
11527,0.5
11528,0.76
11529,0.66
11530,0.86
11531,0.58
11532,0.3
11533,0.28
11534,0.18
11535,0.34
11536,0.42
11537,0.44
11538,0.14
11539,0.72
11540,0.18
11541,0.48
11542,0.3
11543,0.52
11544,0.16
11545,0.3
11546,0.1
11547,0.68
11548,0.14
11549,0.14
11550,0.64
11551,0.72
11552,0.52
11553,0.22
11554,0.44
11555,0.36
11556,0.24
11557,0.54
11558,0.36
11559,0.24
11560,0.14
11561,0.16
11562,0.38
11563,0.18
11564,0.62
11565,0.64
11566,0.1
11567,0.36
11568,0.7
11569,0.82
11570,0.28
11571,0.44
11572,0.68
11573,0.4
11574,0.08
11575,0.02
11576,0.38
11577,0.64
11578,0.4
11579,0.58
11580,0.26
11581,0.76
11582,0.1
11583,0.16
11584,0.28
11585,0.7
11586,0.32
11587,0.68
11588,0.84
11589,0.16
11590,0.74
11591,0.18
11592,0.8
11593,0.62
11594,0.36
11595,0.48
11596,0.26
11597,0.14
11598,0.56
11599,0.5
11600,0.16
11601,0.1
11602,0.66
11603,0.82
11604,0.52
11605,0.6
11606,0.16
11607,0.28
11608,0.14
11609,0.92
11610,0.06
11611,0.74
11612,0.2
11613,0.8
11614,0.1
11615,0.28
11616,0.32
11617,0.04
11618,0.44
11619,0.44
11620,0.76
11621,0.82
11622,0.6
11623,0.72
11624,0.34
11625,0.84
11626,0.36
11627,0.56
11628,0.58
11629,0.36
11630,0.02
11631,0.58
11632,0.26
11633,0.68
11634,0.5
11635,0.26
11636,0.7
11637,0.24
11638,0.6
11639,0.9
11640,0.28
11641,0.22
11642,0.64
11643,0.96
11644,0.22
11645,0.26
11646,0.3
11647,0.005
11648,0.1
11649,0.3
11650,0.86
11651,0.2
11652,0.28
11653,0.26
11654,0.18
11655,0.54
11656,0.4
11657,0.08
11658,0.82
11659,0.64
11660,0.56
11661,0.38
11662,0.18
11663,0.32
11664,0.22
11665,0.2
11666,0.82
11667,0.22
11668,0.06
11669,0.84
11670,0.32
11671,0.32
11672,0.72
11673,0.62
11674,0.18
11675,0.38
11676,0.12
11677,0.48
11678,0.12
11679,0.68
11680,0.12
11681,0.32
11682,0.6
11683,0.26
11684,0.44
11685,0.82
11686,0.22
11687,0.78
11688,0.66
11689,0.2
11690,0.54
11691,0.2
11692,0.06
11693,0.78
11694,0.28
11695,0.38
11696,0.12
11697,0.24
11698,0.32
11699,0.48
11700,0.88
11701,0.14
11702,0.28
11703,0.76
11704,0.76
11705,0.78
11706,0.8
11707,0.6
11708,0.26
11709,0.28
11710,0.16
11711,0.84
11712,0.88
11713,0.24
11714,0.12
11715,0.06
11716,0.04
11717,0.16
11718,0.22
11719,0.3
11720,0.86
11721,0.74
11722,0.66
11723,0.12
11724,0.42
11725,0.5
11726,0.42
11727,0.32
11728,0.82
11729,0.56
11730,0.32
11731,0.56
11732,0.52
11733,0.68
11734,0.46
11735,0.3
11736,0.14
11737,0.46
11738,0.42
11739,0.88
11740,0.72
11741,0.52
11742,0.38
11743,0.26
11744,0.08
11745,0.3
11746,0.6
11747,0.78
11748,0.38
11749,0.8
11750,0.2
11751,0.58
11752,0.22
11753,0.58
11754,0.72
11755,0.54
11756,0.4
11757,0.84
11758,0.6
11759,0.62
11760,0.18
11761,0.52
11762,0.68
11763,0.18
11764,0.46
11765,0.04
11766,0.72
11767,0.1
11768,0.56
11769,0.7
11770,0.18
11771,0.66
11772,0.32
11773,0.16
11774,0.22
11775,0.4
11776,0.68
11777,0.76
11778,0.2
11779,0.04
11780,0.88
11781,0.52
11782,0.005
11783,0.6
11784,0.1
11785,0.24
11786,0.22
11787,0.58
11788,0.68
11789,0.34
11790,0.5
11791,0.4
11792,0.66
11793,0.26
11794,0.54
11795,0.24
11796,0.64
11797,0.7
11798,0.1
11799,0.76
11800,0.28
11801,0.44
11802,0.12
11803,0.64
11804,0.1
11805,0.28
11806,0.3
11807,0.86
11808,0.36
11809,0.66
11810,0.68
11811,0.58
11812,0.56
11813,0.7
11814,0.7
11815,0.6
11816,0.6
11817,0.54
11818,0.5
11819,0.8
11820,0.78
11821,0.08
11822,0.12
11823,0.8
11824,0.62
11825,0.42
11826,0.06
11827,0.12
11828,0.02
11829,0.6
11830,0.28
11831,0.72
11832,0.12
11833,0.14
11834,0.58
11835,0.48
11836,0.46
11837,0.68
11838,0.28
11839,0.04
11840,0.28
11841,0.14
11842,0.3
11843,0.68
11844,0.52
11845,0.18
11846,0.14
11847,0.48
11848,0.16
11849,0.68
11850,0.84
11851,0.6
11852,0.44
11853,0.8
11854,0.2
11855,0.5
11856,0.1
11857,0.56
11858,0.44
11859,0.16
11860,0.54
11861,0.56
11862,0.18
11863,0.8
11864,0.52
11865,0.52
11866,0.66
11867,0.46
11868,0.14
11869,0.78
11870,0.14
11871,0.44
11872,0.34
11873,0.6
11874,0.74
11875,0.3
11876,0.46
11877,0.72
11878,0.46
11879,0.34
11880,0.52
11881,0.12
11882,0.24
11883,0.26
11884,0.08
11885,0.62
11886,0.62
11887,0.9
11888,0.5
11889,0.5
11890,0.32
11891,0.36
11892,0.26
11893,0.36
11894,0.44
11895,0.68
11896,0.22
11897,0.36
11898,0.52
11899,0.68
11900,0.34
11901,0.14
11902,0.54
11903,0.16
11904,0.6
11905,0.7
11906,0.66
11907,0.08
11908,0.14
11909,0.72
11910,0.22
11911,0.48
11912,0.36
11913,0.64
11914,0.66
11915,0.2
11916,0.52
11917,0.18
11918,0.88
11919,0.42
11920,0.48
11921,0.4
11922,0.16
11923,0.7
11924,0.16
11925,0.8
11926,0.54
11927,0.22
11928,0.38
11929,0.12
11930,0.66
11931,0.7
11932,0.14
11933,0.38
11934,0.18
11935,0.4
11936,0.82
11937,0.66
11938,0.12
11939,0.18
11940,0.48
11941,0.66
11942,0.54
11943,0.38
11944,0.56
11945,0.44
11946,0.26
11947,0.42
11948,0.14
11949,0.56
11950,0.32
11951,0.38
11952,0.82
11953,0.08
11954,0.42
11955,0.34
11956,0.18
11957,0.7
11958,0.1
11959,0.2
11960,0.62
11961,0.82
11962,0.56
11963,0.86
11964,0.28
11965,0.54
11966,0.26
11967,0.46
11968,0.46
11969,0.24
11970,0.72
11971,0.48
11972,0.54
11973,0.4
11974,0.66
11975,0.64
11976,0.06
11977,0.22
11978,0.5
11979,0.88
11980,0.36
11981,0.1
11982,0.18
11983,0.34
11984,0.38
11985,0.52
11986,0.24
11987,0.06
11988,0.22
11989,0.64
11990,0.56
11991,0.18
11992,0.3
11993,0.34
11994,0.5
11995,0.12
11996,0.54
11997,0.64
11998,0.36
11999,0.7
12000,0.84
12001,0.24
12002,0.54
12003,0.2
12004,0.46
12005,0.32
12006,0.24
12007,0.4
12008,0.52
12009,0.88
12010,0.34
12011,0.26
12012,0.08
12013,0.76
12014,0.42
12015,0.58
12016,0.86
12017,0.26
12018,0.42
12019,0.7
12020,0.88
12021,0.72
12022,0.18
12023,0.28
12024,0.1
12025,0.66
12026,0.6
12027,0.34
12028,0.74
12029,0.12
12030,0.26
12031,0.7
12032,0.58
12033,0.5
12034,0.28
12035,0.46
12036,0.46
12037,0.24
12038,0.52
12039,0.62
12040,0.7
12041,0.1
12042,0.84
12043,0.94
12044,0.7
12045,0.38
12046,0.8
12047,0.84
12048,0.84
12049,0.48
12050,0.7
12051,0.56
12052,0.28
12053,0.22
12054,0.46
12055,0.18
12056,0.68
12057,0.34
12058,0.54
12059,0.4
12060,0.12
12061,0.14
12062,0.5
12063,0.44
12064,0.22
12065,0.62
12066,0.14
12067,0.52
12068,0.64
12069,0.34
12070,0.86
12071,0.76
12072,0.42
12073,0.78
12074,0.36
12075,0.5
12076,0.78
12077,0.62
12078,0.48
12079,0.88
12080,0.56
12081,0.36
12082,0.48
12083,0.34
12084,0.54
12085,0.76
12086,0.78
12087,0.58
12088,0.22
12089,0.58
12090,0.46
12091,0.54
12092,0.06
12093,0.12
12094,0.48
12095,0.82
12096,0.42
12097,0.52
12098,0.88
12099,0.16
12100,0.08
12101,0.58
12102,0.12
12103,0.34
12104,0.62
12105,0.48
12106,0.5
12107,0.26
12108,0.005
12109,0.1
12110,0.58
12111,0.92
12112,0.22
12113,0.6
12114,0.12
12115,0.42
12116,0.8
12117,0.24
12118,0.18
12119,0.48
12120,0.48
12121,0.3
12122,0.72
12123,0.44
12124,0.38
12125,0.3
12126,0.24
12127,0.62
12128,0.56
12129,0.76
12130,0.16
12131,0.76
12132,0.74
12133,0.82
12134,0.84
12135,0.68
12136,0.38
12137,0.86
12138,0.26
12139,0.68
12140,0.66
12141,0.82
12142,0.72
12143,0.14
12144,0.24
12145,0.54
12146,0.62
12147,0.74
12148,0.6
12149,0.58
12150,0.4
12151,0.38
12152,0.66
12153,0.32
12154,0.24
12155,0.44
12156,0.42
12157,0.4
12158,0.7
12159,0.8
12160,0.1
12161,0.22
12162,0.34
12163,0.62
12164,0.74
12165,0.12
12166,0.32
12167,0.7
12168,0.6
12169,0.56
12170,0.08
12171,0.6
12172,0.78
12173,0.44
12174,0.96
12175,0.7
12176,0.84
12177,0.2
12178,0.72
12179,0.28
12180,0.38
12181,0.68
12182,0.72
12183,0.36
12184,0.04
12185,0.2
12186,0.6
12187,0.84
12188,0.44
12189,0.5
12190,0.54
12191,0.42
12192,0.68
12193,0.22
12194,0.66
12195,0.34
12196,0.68
12197,0.38
12198,0.78
12199,0.56
12200,0.62
12201,0.14
12202,0.52
12203,0.8
12204,0.16
12205,0.12
12206,0.72
12207,0.64
12208,0.76
12209,0.32
12210,0.16
12211,0.54
12212,0.66
12213,0.2
12214,0.42
12215,0.4
12216,0.28
12217,0.24
12218,0.92
12219,0.18
12220,0.92
12221,0.7
12222,0.54
12223,0.88
12224,0.12
12225,0.36
12226,0.08
12227,0.36
12228,0.58
12229,0.38
12230,0.76
12231,0.26
12232,0.12
12233,0.4
12234,0.52
12235,0.1
12236,0.66
12237,0.44
12238,0.82
12239,0.26
12240,0.74
12241,0.3
12242,0.78
12243,0.14
12244,0.62
12245,0.32
12246,0.72
12247,0.3
12248,0.18
12249,0.52
12250,0.7
12251,0.06
12252,0.54
12253,0.74
12254,0.16
12255,0.54
12256,0.44
12257,0.22
12258,0.56
12259,0.58
12260,0.54
12261,0.4
12262,0.22
12263,0.3
12264,0.48
12265,0.62
12266,0.62
12267,0.4
12268,0.12
12269,0.46
12270,0.6
12271,0.82
12272,0.52
12273,0.34
12274,0.62
12275,0.62
12276,0.18
12277,0.54
12278,0.44
12279,0.02
12280,0.42
12281,0.3
12282,0.78
12283,0.06
12284,0.34
12285,0.42
12286,0.36
12287,0.005
12288,0.52
12289,0.54
12290,0.22
12291,0.22
12292,0.32
12293,0.2
12294,0.06
12295,0.8
12296,0.36
12297,0.16
12298,0.16
12299,0.06
12300,0.28
12301,0.66
12302,0.62
12303,0.76
12304,0.36
12305,0.8
12306,0.2
12307,0.48
12308,0.92
12309,0.72
12310,0.46
12311,0.06
12312,0.4
12313,0.04
12314,0.28
12315,0.12
12316,0.84
12317,0.36
12318,0.5
12319,0.68
12320,0.54
12321,0.48
12322,0.74
12323,0.46
12324,0.66
12325,0.64
12326,0.58
12327,0.02
12328,0.42
12329,0.28
12330,0.36
12331,0.1
12332,0.82
12333,0.68
12334,0.54
12335,0.74
12336,0.6
12337,0.2
12338,0.4
12339,0.56
12340,0.24
12341,0.68
12342,0.32
12343,0.82
12344,0.82
12345,0.68
12346,0.82
12347,0.6
12348,0.22
12349,0.38
12350,0.48
12351,0.68
12352,0.5
12353,0.18
12354,0.36
12355,0.56
12356,0.16
12357,0.32
12358,0.4
12359,0.34
12360,0.66
12361,0.2
12362,0.82
12363,0.38
12364,0.72
12365,0.76
12366,0.42
12367,0.54
12368,0.94
12369,0.38
12370,0.76
12371,0.82
12372,0.34
12373,0.38
12374,0.62
12375,0.58
12376,0.18
12377,0.5
12378,0.44
12379,0.64
12380,0.08
12381,0.06
12382,0.16
12383,0.54
12384,0.6
12385,0.5
12386,0.6
12387,0.28
12388,0.64
12389,0.9
12390,0.56
12391,0.18
12392,0.9
12393,0.64
12394,0.28
12395,0.48
12396,0.36
12397,0.4
12398,0.62
12399,0.26
12400,0.58
12401,0.68
12402,0.48
12403,0.88
12404,0.5
12405,0.58
12406,0.1
12407,0.06
12408,0.26
12409,0.74
12410,0.7
12411,0.68
12412,0.52
12413,0.02
12414,0.18
12415,0.1
12416,0.3
12417,0.08
12418,0.52
12419,0.56
12420,0.54
12421,0.64
12422,0.6
12423,0.04
12424,0.64
12425,0.4
12426,0.4
12427,0.04
12428,0.82
12429,0.42
12430,0.26
12431,0.66
12432,0.18
12433,0.34
12434,0.04
12435,0.88
12436,0.7
12437,0.58
12438,0.56
12439,0.22
12440,0.24
12441,0.88
12442,0.22
12443,0.28
12444,0.94
12445,0.7
12446,0.18
12447,0.24
12448,0.62
12449,0.56
12450,0.18
12451,0.84
12452,0.46
12453,0.94
12454,0.28
12455,0.16
12456,0.16
12457,0.06
12458,0.5
12459,0.02
12460,0.6
12461,0.08
12462,0.22
12463,0.38
12464,0.32
12465,0.7
12466,0.74
12467,0.42
12468,0.02
12469,0.78
12470,0.1
12471,0.7
12472,0.12
12473,0.56
12474,0.44
12475,0.7
12476,0.72
12477,0.12
12478,0.24
12479,0.1
12480,0.16
12481,0.62
12482,0.86
12483,0.76
12484,0.28
12485,0.56
12486,0.54
12487,0.5
12488,0.68
12489,0.78
12490,0.7
12491,0.2
12492,0.3
12493,0.6
12494,0.18
12495,0.38
12496,0.66
12497,0.3
12498,0.22
12499,0.36
12500,0.72
12501,0.4
12502,0.4
12503,0.66
12504,0.48
12505,0.58
12506,0.04
12507,0.56
12508,0.28
12509,0.9
12510,0.26
12511,0.3
12512,0.44
12513,0.26
12514,0.74
12515,0.78
12516,0.76
12517,0.82
12518,0.88
12519,0.14
12520,0.72
12521,0.1
12522,0.6
12523,0.74
12524,0.24
12525,0.64
12526,0.68
12527,0.28
12528,0.38
12529,0.18
12530,0.26
12531,0.66
12532,0.14
12533,0.12
12534,0.66
12535,0.48
12536,0.74
12537,0.84
12538,0.24
12539,0.54
12540,0.78
12541,0.12
12542,0.36
12543,0.5
12544,0.52
12545,0.64
12546,0.72
12547,0.9
12548,0.36
12549,0.06
12550,0.12
12551,0.4
12552,0.16
12553,0.16
12554,0.34
12555,0.84
12556,0.36
12557,0.22
12558,0.18
12559,0.74
12560,0.54
12561,0.84
12562,0.32
12563,0.62
12564,0.18
12565,0.1
12566,0.72
12567,0.8
12568,0.36
12569,0.04
12570,0.38
12571,0.1
12572,0.76
12573,0.66
12574,0.76
12575,0.78
12576,0.16
12577,0.5
12578,0.04
12579,0.52
12580,0.52
12581,0.58
12582,0.18
12583,0.56
12584,0.62
12585,0.3
12586,0.76
12587,0.6
12588,0.5
12589,0.005
12590,0.6
12591,0.58
12592,0.38
12593,0.26
12594,0.36
12595,0.5
12596,0.48
12597,0.12
12598,0.68
12599,0.84
12600,0.38
12601,0.22
12602,0.72
12603,0.22
12604,0.62
12605,0.18
12606,0.62
12607,0.66
12608,0.2
12609,0.56
12610,0.14
12611,0.64
12612,0.12
12613,0.24
12614,0.24
12615,0.44
12616,0.72
12617,0.9
12618,0.42
12619,0.14
12620,0.28
12621,0.26
12622,0.58
12623,0.96
12624,0.42
12625,0.68
12626,0.18
12627,0.28
12628,0.5
12629,0.58
12630,0.58
12631,0.72
12632,0.42
12633,0.84
12634,0.26
12635,0.4
12636,0.44
12637,0.8
12638,0.18
12639,0.9
12640,0.56
12641,0.12
12642,0.1
12643,0.28
12644,0.66
12645,0.52
12646,0.26
12647,0.16
12648,0.32
12649,0.4
12650,0.36
12651,0.16
12652,0.26
12653,0.64
12654,0.48
12655,0.7
12656,0.58
12657,0.58
12658,0.42
12659,0.74
12660,0.06
12661,0.7
12662,0.78
12663,0.74
12664,0.46
12665,0.84
12666,0.54
12667,0.6
12668,0.52
12669,0.38
12670,0.5
12671,0.98
12672,0.84
12673,0.22
12674,0.2
12675,0.18
12676,0.28
12677,0.74
12678,0.56
12679,0.44
12680,0.88
12681,0.46
12682,0.66
12683,0.46
12684,0.22
12685,0.6
12686,0.74
12687,0.46
12688,0.6
12689,0.54
12690,0.34
12691,0.1
12692,0.28
12693,0.34
12694,0.18
12695,0.84
12696,0.16
12697,0.72
12698,0.4
12699,0.66
12700,0.58
12701,0.82
12702,0.42
12703,0.42
12704,0.76
12705,0.68
12706,0.04
12707,0.28
12708,0.48
12709,0.12
12710,0.82
12711,0.5
12712,0.08
12713,0.32
12714,0.4
12715,0.46
12716,0.6
12717,0.84
12718,0.44
12719,0.18
12720,0.48
12721,0.28
12722,0.68
12723,0.32
12724,0.08
12725,0.18
12726,0.12
12727,0.7
12728,0.74
12729,0.74
12730,0.48
12731,0.56
12732,0.64
12733,0.2
12734,0.3
12735,0.54
12736,0.32
12737,0.3
12738,0.12
12739,0.46
12740,0.9
12741,0.06
12742,0.4
12743,0.86
12744,0.58
12745,0.02
12746,0.46
12747,0.6
12748,0.6
12749,0.54
12750,0.14
12751,0.08
12752,0.44
12753,0.54
12754,0.24
12755,0.4
12756,0.68
12757,0.18
12758,0.68
12759,0.2
12760,0.78
12761,0.6
12762,0.82
12763,0.64
12764,0.38
12765,0.06
12766,0.3
12767,0.4
12768,0.58
12769,0.58
12770,0.28
12771,0.74
12772,0.4
12773,0.3
12774,0.38
12775,0.22
12776,0.1
12777,0.46
12778,0.42
12779,0.14
12780,0.7
12781,0.2
12782,0.26
12783,0.5
12784,0.14
12785,0.66
12786,0.32
12787,0.7
12788,0.8
12789,0.3
12790,0.44
12791,0.54
12792,0.48
12793,0.56
12794,0.4
12795,0.14
12796,0.18
12797,0.6
12798,0.52
12799,0.02
12800,0.46
12801,0.56
12802,0.7
12803,0.24
12804,0.78
12805,0.16
12806,0.24
12807,0.5
12808,0.34
12809,0.82
12810,0.5
12811,0.54
12812,0.38
12813,0.5
12814,0.02
12815,0.48
12816,0.6
12817,0.92
12818,0.42
12819,0.1
12820,0.08
12821,0.04
12822,0.58
12823,0.32
12824,0.18
12825,0.76
12826,0.46
12827,0.7
12828,0.24
12829,0.78
12830,0.44
12831,0.92
12832,0.16
12833,0.12
12834,0.32
12835,0.66
12836,0.82
12837,0.6
12838,0.6
12839,0.46
12840,0.5
12841,0.62
12842,0.96
12843,0.28
12844,0.2
12845,0.5
12846,0.58
12847,0.64
12848,0.12
12849,0.84
12850,0.7
12851,0.3
12852,0.24
12853,0.56
12854,0.08
12855,0.14
12856,0.6
12857,0.68
12858,0.62
12859,0.62
12860,0.48
12861,0.8
12862,0.88
12863,0.22
12864,0.1
12865,0.16
12866,0.8
12867,0.46
12868,0.04
12869,0.4
12870,0.08
12871,0.84
12872,0.8
12873,0.32
12874,0.3
12875,0.66
12876,0.52
12877,0.34
12878,0.14
12879,0.82
12880,0.42
12881,0.3
12882,0.52
12883,0.38
12884,0.3
12885,0.32
12886,0.6
12887,0.54
12888,0.8
12889,0.32
12890,0.8
12891,0.54
12892,0.34
12893,0.68
12894,0.12
12895,0.88
12896,0.22
12897,0.78
12898,0.16
12899,0.82
12900,0.44
12901,0.62
12902,0.42
12903,0.74
12904,0.18
12905,0.4
12906,0.08
12907,0.32
12908,0.7
12909,0.36
12910,0.46
12911,0.2
12912,0.76
12913,0.16
12914,0.64
12915,0.56
12916,0.48
12917,0.56
12918,0.6
12919,0.46
12920,0.74
12921,0.9
12922,0.78
12923,0.48
12924,0.74
12925,0.16
12926,0.7
12927,0.8
12928,0.2
12929,0.52
12930,0.58
12931,0.6
12932,0.3
12933,0.02
12934,0.5
12935,0.48
12936,0.14
12937,0.62
12938,0.64
12939,0.8
12940,0.68
12941,0.68
12942,0.34
12943,0.36
12944,0.28
12945,0.48
12946,0.68
12947,0.5
12948,0.36
12949,0.6
12950,0.38
12951,0.62
12952,0.62
12953,0.56
12954,0.24
12955,0.82
12956,0.36
12957,0.4
12958,0.46
12959,0.54
12960,0.36
12961,0.62
12962,0.72
12963,0.44
12964,0.74
12965,0.2
12966,0.28
12967,0.68
12968,0.62
12969,0.62
12970,0.62
12971,0.38
12972,0.28
12973,0.96
12974,0.36
12975,0.74
12976,0.44
12977,0.08
12978,0.44
12979,0.18
12980,0.14
12981,0.76
12982,0.64
12983,0.72
12984,0.8
12985,0.7
12986,0.38
12987,0.2
12988,0.2
12989,0.24
12990,0.5
12991,0.96
12992,0.14
12993,0.22
12994,0.74
12995,0.14
12996,0.5
12997,0.34
12998,0.4
12999,0.1
13000,0.26
13001,0.48
13002,0.5
13003,0.82
13004,0.36
13005,0.7
13006,0.68
13007,0.2
13008,0.38
13009,0.6
13010,0.1
13011,0.54
13012,0.52
13013,0.26
13014,0.32
13015,0.06
13016,0.46
13017,0.56
13018,0.36
13019,0.34
13020,0.16
13021,0.84
13022,0.54
13023,0.72
13024,0.68
13025,0.34
13026,0.56
13027,0.4
13028,0.2
13029,0.8
13030,0.22
13031,0.08
13032,0.28
13033,0.1
13034,0.22
13035,0.36
13036,0.6
13037,0.02
13038,0.4
13039,0.12
13040,0.12
13041,0.76
13042,0.16
13043,0.2
13044,0.48
13045,0.24
13046,0.5
13047,0.16
13048,0.18
13049,0.44
13050,0.76
13051,0.4
13052,0.74
13053,0.46
13054,0.42
13055,0.5
13056,0.24
13057,0.8
13058,0.06
13059,0.94
13060,0.28
13061,0.66
13062,0.46
13063,0.36
13064,0.24
13065,0.62
13066,0.46
13067,0.42
13068,0.78
13069,0.16
13070,0.44
13071,0.34
13072,0.56
13073,0.24
13074,0.78
13075,0.2
13076,0.48
13077,0.94
13078,0.28
13079,0.14
13080,0.74
13081,0.28
13082,0.12
13083,0.46
13084,0.34
13085,0.5
13086,0.88
13087,0.36
13088,0.18
13089,0.08
13090,0.22
13091,0.46
13092,0.54
13093,0.84
13094,0.62
13095,0.16
13096,0.36
13097,0.56
13098,0.64
13099,0.14
13100,0.36
13101,0.3
13102,0.04
13103,0.44
13104,0.18
13105,0.36
13106,0.8
13107,0.22
13108,0.84
13109,0.4
13110,0.22
13111,0.66
13112,0.26
13113,0.4
13114,0.16
13115,0.58
13116,0.4
13117,0.34
13118,0.54
13119,0.48
13120,0.22
13121,0.58
13122,0.54
13123,0.76
13124,0.58
13125,0.84
13126,0.64
13127,0.36
13128,0.56
13129,0.88
13130,0.1
13131,0.2
13132,0.42
13133,0.26
13134,0.16
13135,0.12
13136,0.58
13137,0.56
13138,0.94
13139,0.14
13140,0.74
13141,0.46
13142,0.68
13143,0.38
13144,0.46
13145,0.24
13146,0.4
13147,0.4
13148,0.12
13149,0.36
13150,0.24
13151,0.1
13152,0.32
13153,0.68
13154,0.26
13155,0.8
13156,0.74
13157,0.72
13158,0.12
13159,0.74
13160,0.26
13161,0.58
13162,0.66
13163,0.34
13164,0.2
13165,0.6
13166,0.02
13167,0.4
13168,0.66
13169,0.74
13170,0.44
13171,0.4
13172,0.04
13173,0.56
13174,0.74
13175,0.5
13176,0.76
13177,0.1
13178,0.42
13179,0.08
13180,0.5
13181,0.56
13182,0.5
13183,0.78
13184,0.36
13185,0.54
13186,0.64
13187,0.16
13188,0.56
13189,0.42
13190,0.5
13191,0.54
13192,0.14
13193,0.14
13194,0.84
13195,0.44
13196,0.48
13197,0.06
13198,0.08
13199,0.44
13200,0.64
13201,0.34
13202,0.2
13203,0.22
13204,0.58
13205,0.88
13206,0.5
13207,0.74
13208,0.64
13209,0.54
13210,0.58
13211,0.38
13212,0.56
13213,0.7
13214,0.42
13215,0.88
13216,0.78
13217,0.28
13218,0.46
13219,0.28
13220,0.72
13221,0.38
13222,0.3
13223,0.32
13224,0.58
13225,0.56
13226,0.06
13227,0.56
13228,0.24
13229,0.22
13230,0.22
13231,0.2
13232,0.26
13233,0.28
13234,0.14
13235,0.34
13236,0.56
13237,0.24
13238,0.5
13239,0.58
13240,0.14
13241,0.16
13242,0.86
13243,0.26
13244,0.66
13245,0.68
13246,0.72
13247,0.3
13248,0.54
13249,0.78
13250,0.08
13251,0.82
13252,0.68
13253,0.14
13254,0.44
13255,0.46
13256,0.5
13257,0.68
13258,0.56
13259,0.62
13260,0.56
13261,0.54
13262,0.84
13263,0.3
13264,0.7
13265,0.82
13266,0.58
13267,0.08
13268,0.46
13269,0.64
13270,0.16
13271,0.1
13272,0.68
13273,0.3
13274,0.76
13275,0.22
13276,0.56
13277,0.7
13278,0.68
13279,0.46
13280,0.5
13281,0.44
13282,0.14
13283,0.12
13284,0.1
13285,0.74
13286,0.44
13287,0.78
13288,0.48
13289,0.34
13290,0.7
13291,0.48
13292,0.46
13293,0.72
13294,0.1
13295,0.68
13296,0.2
13297,0.8
13298,0.26
13299,0.7
13300,0.64
13301,0.7
13302,0.58
13303,0.72
13304,0.36
13305,0.36
13306,0.26
13307,0.68
13308,0.32
13309,0.76
13310,0.68
13311,0.02
13312,0.58
13313,0.82
13314,0.66
13315,0.22
13316,0.68
13317,0.9
13318,0.74
13319,0.42
13320,0.76
13321,0.82
13322,0.56
13323,0.22
13324,0.64
13325,0.32
13326,0.9
13327,0.4
13328,0.56
13329,0.26
13330,0.44
13331,0.14
13332,0.24
13333,0.18
13334,0.88
13335,0.26
13336,0.34
13337,0.72
13338,0.48
13339,0.16
13340,0.22
13341,0.5
13342,0.6
13343,0.66
13344,0.6
13345,0.3
13346,0.44
13347,0.02
13348,0.06
13349,0.5
13350,0.8
13351,0.8
13352,0.42
13353,0.52
13354,0.86
13355,0.2
13356,0.5
13357,0.72
13358,0.58
13359,0.2
13360,0.6
13361,0.6
13362,0.42
13363,0.3
13364,0.48
13365,0.58
13366,0.04
13367,0.4
13368,0.64
13369,0.46
13370,0.34
13371,0.62
13372,0.08
13373,0.32
13374,0.32
13375,0.22
13376,0.38
13377,0.64
13378,0.36
13379,0.08
13380,0.64
13381,0.02
13382,0.08
13383,0.42
13384,0.5
13385,0.02
13386,0.9
13387,0.42
13388,0.3
13389,0.68
13390,0.08
13391,0.58
13392,0.38
13393,0.1
13394,0.56
13395,0.7
13396,0.4
13397,0.96
13398,0.56
13399,0.64
13400,0.62
13401,0.36
13402,0.04
13403,0.32
13404,0.62
13405,0.84
13406,0.82
13407,0.1
13408,0.26
13409,0.3
13410,0.46
13411,0.48
13412,0.76
13413,0.22
13414,0.52
13415,0.54
13416,0.62
13417,0.4
13418,0.52
13419,0.6
13420,0.54
13421,0.58
13422,0.3
13423,0.58
13424,0.58
13425,0.52
13426,0.72
13427,0.24
13428,0.78
13429,0.24
13430,0.46
13431,0.38
13432,0.22
13433,0.3
13434,0.32
13435,0.18
13436,0.2
13437,0.4
13438,0.66
13439,0.1
13440,0.74
13441,0.8
13442,0.1
13443,0.18
13444,0.42
13445,0.36
13446,0.22
13447,0.08
13448,0.42
13449,0.52
13450,0.26
13451,0.52
13452,0.32
13453,0.54
13454,0.3
13455,0.48
13456,0.82
13457,0.82
13458,0.64
13459,0.5
13460,0.14
13461,0.8
13462,0.84
13463,0.58
13464,0.08
13465,0.22
13466,0.42
13467,0.22
13468,0.48
13469,0.7
13470,0.68
13471,0.76
13472,0.88
13473,0.3
13474,0.9
13475,0.74
13476,0.34
13477,0.76
13478,0.82
13479,0.34
13480,0.06
13481,0.36
13482,0.46
13483,0.12
13484,0.62
13485,0.26
13486,0.16
13487,0.26
13488,0.28
13489,0.32
13490,0.16
13491,0.54
13492,0.46
13493,0.16
13494,0.72
13495,0.76
13496,0.8
13497,0.04
13498,0.58
13499,0.78
13500,0.58
13501,0.74
13502,0.1
13503,0.34
13504,0.66
13505,0.14
13506,0.12
13507,0.22
13508,0.64
13509,0.32
13510,0.24
13511,0.16
13512,0.76
13513,0.14
13514,0.92
13515,0.54
13516,0.58
13517,0.48
13518,0.52
13519,0.4
13520,0.58
13521,0.36
13522,0.34
13523,0.22
13524,0.24
13525,0.58
13526,0.7
13527,0.4
13528,0.02
13529,0.4
13530,0.76
13531,0.7
13532,0.1
13533,0.64
13534,0.64
13535,0.56
13536,0.16
13537,0.26
13538,0.58
13539,0.94
13540,0.38
13541,0.02
13542,0.76
13543,0.46
13544,0.22
13545,0.24
13546,0.52
13547,0.82
13548,0.24
13549,0.4
13550,0.42
13551,0.42
13552,0.18
13553,0.08
13554,0.56
13555,0.46
13556,0.2
13557,0.46
13558,0.3
13559,0.8
13560,0.72
13561,0.52
13562,0.64
13563,0.54
13564,0.54
