"V1","V2","V3","V4","V5","V6","V7","V8","V9","V10","V11","V12","V13","V14","V15","V16","V17","V18","V19","V20","V21","V22","V23","V24","V25","V26","V27","V28","V29","V30","V31","V32","V33"
-4.07,-8.445,-74.96,40,-86.21,-22.17,-44.79,114.8,1.816,-41.8,150.7,36.57,25.61,-55.53,90.51,-1.949,24.47,-122.8,31.11,NA,50.32,83.86,143.9,-14.66,98.87,105.5,50,-6.081,2.6,-0.66,-3.74,-0.69,-1.55
-118.6,-107.4,-92.12,-10,-125,35,70.47,84.67,-113.5,12.99,55,35.61,127.3,78.7,-60.01,44.7,-54.83,-11.41,15.54,74.51,-147.7,-111.3,-43.44,-42.87,15.27,0.07583,40,-87.84,3.61,-3.17,3.93,3.37,3.27
186,186,-35.93,250,-30,-106.8,-116.8,10.54,86.25,-142.6,9.784,139.1,-60.51,-147.7,98.8,-102.5,-82.53,96.44,-90.08,-239.3,139,156.9,16.68,19,-40.81,-47.21,260,148.3,3.66,3.42,3.68,-0.18,-2
-151.7,-140,-67.13,-70,-222.2,197.4,149.7,15.31,-122.6,177.4,73.93,-121.6,124.9,-52.82,-185,211.3,65.55,-107.7,147.8,10.8,-95.06,77.84,-123.6,143.7,-5.497,100.8,20,-122.6,0.52,2.25,-4.27,-0.65,-4.3
57.56,54.42,2.003,90,-58.82,-107.9,-88.01,5.764,1.816,-48,22.4,-42.99,59.1,33.96,-28.25,-71.02,135.3,NA,28.88,-1,-96.57,-76.44,-29.95,-43.19,26.7,-155,110,50.68,3.26,3.97,-2.59,-2.03,-2.08
-109.9,-99.81,-96.45,-50,-175,94.46,63.27,92.74,-218.8,51.24,67.62,-69.83,130.9,52.94,-140.8,62.27,95.16,-113,88.92,83.95,-178.8,-56.24,-216.9,-123.3,-197.1,-47.6,30,-82.77,-3.38,1.89,2.28,0.24,-2.9
-158.1,-140,-157.9,-30,-113.6,80.22,95.28,-49.53,-2.21,114.9,-53.61,-36.05,83.73,-66.15,-10.55,140.3,-38.88,19.62,73.67,-7.637,-45.94,-45.03,-124.5,94.81,-91.93,79.61,50,-128.6,-3.19,-1.69,-1.09,2.02,3.14
0.6906,0.3453,-125.1,10,-96.15,0,-43.34,39.59,-40.43,9.606,152.8,-49.01,-20.37,-69.3,-36.15,14.22,162,-107,58.9,5.52,-46.36,156.7,59.14,-84.9,196.2,26.41,10,1.029,2.13,-0.7,1.48,-4.22,-1.51
-103.6,-103.1,11.54,-20,-108.7,-3.167,42.48,-54.53,-103.9,40.66,22.67,-53.33,133.5,-19.92,-63.29,97.62,36.6,3.553,104.7,-11.58,-124.1,-88.68,-183.4,-61.57,-109.2,-42.77,20,-86.08,4.17,-0.81,2.78,-2.06,1.47
-109.1,-102.6,29.33,120,-27.03,-51.72,22.67,-61.88,103.5,28.49,-51.82,-2.366,-8.297,-7.309,246.9,-99.02,-12.1,4.498,-41.56,171.3,-51.85,-195.2,16.27,-97.05,101.3,34.76,130,-82.65,-1.53,4.85,1.46,-0.09,0.22
8.287,4.144,43.57,30,-35.71,-51.72,-43.34,14,-1.397,-19.35,77.42,-3.23,-18.86,67.29,11.16,-19.89,56.08,-91.87,55.95,85.78,78.31,-3.034,36.45,-76.36,-41.12,90.38,60,2.401,0.77,1.84,-1.83,-1.78,-3.79
88.4,92.28,-14.26,90,-58.82,-111.9,-76.34,57.54,-34.74,-54.18,54.08,-85.29,139.5,6.35,20.47,-36.95,-21.84,-101.3,-22.35,41.04,92.26,53.85,-36.68,-14.59,29.8,-101.9,110,75.79,1.35,3.04,0.6,-1.63,0.99
-95,-94.8,-11.31,-30,-181.8,108.6,52.79,74.46,-91.09,125.7,-19.67,-78.67,56.28,-0.4352,-94.25,110.9,11.26,9.416,37.8,2.367,-73.1,16.86,-104.9,NA,-19.83,19.46,10,-83.21,-0.16,4.92,2.45,2.73,-0.39
86.43,83.75,2.724,100,-71.43,-93.35,-98.08,81.98,-48.93,-64.38,27.01,6.8,39.52,37.1,12.65,-43.4,16.28,-2.905,-45.42,39.57,-37.89,-73.88,-58.44,-151,22.45,-140.1,110,66.28,-0.34,-4.44,2.36,3.1,0.04
-92.86,-93.73,-108.2,-10,-104.2,11.05,67.16,-30.79,-77.72,35.66,91.56,-141.4,208.5,30.85,-148.2,76.65,88.44,-64.51,185.3,35.44,-74.7,-5.381,-192.8,-26.49,-12.02,-103.4,60,-82.49,3.28,-2.75,-2.58,0.09,3.84
207.1,191.4,61.99,250,20,-113.8,-119.6,-172.5,136.2,-79.31,-256,70.45,-108.5,-130.6,119.6,-73.95,-198.2,16.05,-68.12,-183.7,-26.15,23.93,84.53,-26.49,85.41,-81.77,240,110.6,-0.76,-3.66,-4.08,3.29,-1.09
-140.7,-127.8,-44.51,-50,-150,121.1,95.9,-73.77,65.21,142.7,-46.48,-47.76,-2.368,-124.3,-13.85,148.5,-60.9,28.37,30.23,-85.83,-50.69,-8.205,-5.439,175.4,21.53,90.95,0,-106.3,1.45,-3.3,-4.42,-0.9,0.39
0,0,-0.1042,10,-57.69,-7.105,-40.61,63.09,11.74,-3.657,105.5,18.62,19.97,-7.943,-16.59,-36.97,8.258,-100.5,6.277,61.62,81.61,6.977,91.1,10.3,6.364,62.74,50,-4.683,-1.41,-3.54,-1.94,4.94,4.82
81.04,79.81,-69.17,100,-114.3,-28.78,-83.45,119.6,-128.7,-50.49,94.12,-78.93,40.58,23.47,-53.14,-50.01,125.3,-93.68,-20.89,8.093,9.478,71.35,-42.23,-194.7,32.8,-81.85,150,66.54,-3.74,3.72,-4.37,2.5,1.8
-97.86,-95.36,-70.18,40,-120.7,57.41,41.87,-50.91,73.8,116.8,15.92,-71.05,79.39,-31.24,-72,78.32,100.8,-5.934,142.4,-13.64,-50.63,20.17,-4.118,44.72,135.1,57.92,60,-77.82,0.29,4.58,3.5,-2.82,2.59
-104.7,-102.4,-43.68,-50,-175,65.79,68.25,12.86,-149.3,66.73,79.15,-151.6,165.3,74.53,-150.8,119.4,74.99,-94.56,189.6,128.3,-128,77.48,-171.4,-67.04,8.625,-83.3,-10,-78.57,1.23,2.56,0.94,-0.5,1.5
215.6,225.7,-86.6,250,-20,-73.08,-109.8,-42.18,68.86,-138.3,-171.3,190,-154.8,-201.4,66.73,-136.2,-181.7,49.02,-68.12,-280.2,-66.66,210.9,84.31,51.07,56.11,-17.03,250,188,-1.89,-2.48,-0.59,0,0.56
-14.53,-14.41,12.51,60,-64.52,27.48,-24.09,119,19.46,10.96,148.2,-7.979,-2.38,45.35,29.69,3.629,77.57,-83.04,37.14,74.73,45.94,87.1,146.1,-20.86,94.53,91.23,90,-16.54,-0.69,-4.43,1.83,4.99,2.12
-140.7,-127.5,-4.548,-120,-346.2,171.1,101.2,141.9,-172.4,141.6,39.21,-63.16,152.8,-111.5,-56.51,181.1,-29.5,-27.2,51.99,-77.37,-104.7,58.23,-126.1,151.6,-79.44,100.6,-40,-109,0.45,2.01,-1.62,2.94,-0.8
208.7,161.5,38.25,-100,-166.7,-12.02,-83.45,53.06,-144.4,-105.7,-169.6,2.533,73.85,35.63,-264.6,-104.6,78.86,-92.79,157.3,-342.5,-269.4,41.61,-22.03,46.13,-48.79,26.78,-50,75.94,0.22,-2.47,4.97,0.55,-3.42
-20.64,-13.89,65.21,-20,-65.22,-21.6,-63.66,-47.12,12.87,19.74,54.19,32.32,8.708,-83.52,-90.86,27.19,148.5,1.156,120.8,-35.36,-33.4,-19.64,138.8,-14.86,112.7,81.09,40,-13.16,3.26,-3.47,-1.6,-4.53,-4.55
73.39,75.98,-63.05,90,-58.82,-130.5,-96.64,-23.89,-12.65,-36.04,-28.18,-78.05,-50.89,-23.94,22.28,-82.09,2.748,-87.47,-14.14,13.89,82.81,56.04,-19.75,-105.8,100.1,-142.7,NA,59.77,2.88,-0.66,3.99,-2.45,-0.94
5.365,2.682,-13.4,80,-45.45,-37.01,-28.06,69.48,64.26,-43.89,81,38.69,-60.73,-6.755,105.5,-34.59,62.37,-2.332,-17.29,91.07,94.69,22.17,208.1,-32.39,124,45.42,80,1.316,0.8,1.66,-0.52,0.22,-3.16
8.584,10.7,-20.47,30,-53.57,0.7545,-35.11,23.75,88.89,-6.637,119.9,21.81,-31.7,-79.56,96.45,-41.68,165.3,-17.16,88.99,113.1,75.85,107.4,177.4,13.44,137.2,55.85,50,6.579,-2.56,2.72,3.58,4.63,-2.18
-91.74,-87.54,-37.82,-20,-195.7,38.52,28.36,91.27,-160.2,49.97,13.05,-29.57,80.92,45.25,-28.33,34.75,110.6,-11.05,106.9,85.98,-102.7,-90.46,-152.5,-77.22,-18.9,5.116,10,-66.78,NA,-1.86,4.52,-4.25,-4.92
244.6,215.3,44.8,-120,-230.8,-135,-119.7,15.46,-7.814,-53.57,-161,-19.29,-68.86,-174.5,37.53,-14.38,-180.6,-38.09,-104.6,-226,-12.51,39.5,28.18,41.34,-40.29,-74.76,-120,111.8,-0.68,-2.7,1.94,-1.56,0.82
-97.64,-90.49,-49.26,10,-173.1,20.15,35.42,30.17,-66.2,55.78,32.9,-68.47,139,37.45,-16.55,75.15,NA,-65.13,125.8,43.6,-141.2,-54.84,-177.7,-48.99,-55.77,-92.76,20,-67.43,4.2,-3.12,1.37,3.74,0.55
81.55,69.62,73.66,90,-102.9,-67.63,-70.37,116.8,-102.7,-44.38,33.66,-70.67,105.3,3.646,-87.95,-109.9,-26.65,-36.35,20.59,69.03,54.77,-157.4,-57.25,-70.91,-15.71,-63.61,120,50.99,-3.76,-4.5,1.53,3.37,-1.34
92.27,91.01,14.36,90,-58.82,-116.6,-84.48,-14.08,46.01,-49.21,18.39,-77.28,3.13,76.45,15.34,-40.59,131.9,-62.51,44.79,23.25,36.83,4.845,48.26,-98.8,27.98,-121.5,100,73.03,-3.5,3.11,3.11,0.56,-1.39
-140,-127.7,-208,-110,-178.6,106.9,105.9,14.53,-85.36,117.7,93.22,-69.2,164.5,-4.155,-117.8,200.2,19.72,-77.34,83.73,-5.565,-178.9,16.4,-173.4,83.85,-6.155,54.77,-60,-108.9,4.72,2.75,4.65,-3.26,-3.06
1.263,3.836,-59.02,10,-76.92,37.28,-39.58,82.32,13.83,-2.176,205.8,-9.421,75.55,-119.6,-72.64,-21.19,205.1,-23.99,193.8,38.66,27.4,103.3,140.3,-11.56,126.4,86.49,30,3.406,2.67,2.24,1.39,4.13,1.08
-95.33,-92.54,6.368,0,-160,73.77,34.03,82.72,-95.19,89.54,76.29,-83.1,NA,35.68,-128.7,142.9,119.3,NA,177.4,21.2,-150.6,-11.47,-216.7,-38.46,-58.06,-40.63,70,-82.43,-3.88,4.27,-4.34,-3.97,1.36
-88.38,-89.06,-90.41,-10,-145.8,49.09,27.34,-58.28,-75.75,81.28,61.67,-86.65,160.7,-3.844,-177.1,53.95,36.42,-33.17,172.3,94.19,-157.5,-30.89,-219.5,-5.549,-86.19,-94.76,30,-76.29,-0.33,-3.61,1.57,1.83,-0.13
0,0,-36.32,10,-76.92,24.41,-19.51,68.74,66.6,22.59,142.1,-76.02,7.058,-58.89,96.29,8.297,146.2,-86.75,84.61,-29.57,126.7,83.12,168.6,43.64,138.8,6.372,30,0,-2.91,2.79,0.69,2.42,-4.54
87.12,78.82,15.1,110,-69.44,-135.5,-99.81,77.75,-40.33,-41.15,-18.72,-34.93,-40.89,7.448,33.75,-35.93,-40.43,0.5049,-96.98,64.04,84.07,-26.58,-12.93,-89.06,26.8,-123.2,130,58.92,-2.09,4.2,-3.49,3.89,1.53
211.5,208.3,-51.2,250,-40,-86.12,-99.81,57.32,-55.61,-122.8,-179.5,119.5,-146.6,-145,73.08,-127.7,-201.1,135.2,-106.2,-221.6,-131.8,139.2,63.7,42.57,92.12,111.1,250,154,-1.21,-4.68,0.8,-4.69,-4.81
-91.59,-79,11.19,50,-16.67,-14.81,-42.49,-58.24,22.35,-15.26,114.2,30.34,-18.86,17.45,-41.16,-29.28,197.9,-21.2,85.01,27.89,60.64,-23.22,161.3,15.68,62.92,34.47,100,-61.53,-0.42,-4.24,0.09,4.93,0.95
53,61.65,27.53,180,-23.26,-79.52,-119.8,-6.611,25.97,-90.53,-5.475,109.3,-11.41,-151,62.74,-115.9,-25.47,38.08,-55.27,-173.7,79.27,93.63,24.84,46.76,-21.54,-2.336,180,43.54,2.32,NA,4.53,-1.36,1.08
-108.6,-104.3,-116.9,-90,-281.3,106.5,74.25,22.46,-185.4,72.06,-54.98,-58.85,225.8,15.35,-137.7,135,6.275,-82.86,181,-87.89,-175.4,63.66,-232.5,79.21,-207.7,-89.23,0,-86.28,-3.89,-4.79,1.32,4.39,-0.2
-147.4,NA,-74.05,-240,0,126.1,95.59,-32.6,-86.69,137.6,34.65,-37.8,111.3,-80.67,-158.2,122.6,-10.03,-9.012,123.9,-18.45,-102.2,-35.08,-150.9,136.7,-70.63,105.1,-250,-115.8,-1.1,-3.93,0.68,4.89,2.36
84.21,70.23,-29.14,100,-100,-89.39,-69.84,66.5,-74.62,-37.08,28.55,-93.94,125.2,-20.42,50.04,-53.1,54.38,-120.1,-10.12,-0.8146,138.2,-108.5,-11.42,-41.37,6.418,-70.38,140,58.42,-3.61,-2.9,-1.92,-4.26,-2.73
230.9,218.6,-5.497,250,10,-39.2,-101.9,-87.5,59.56,-80.66,-254.4,138.2,-154.1,-124,122.8,-102.6,-277.5,103.6,-169.4,-245.5,-48.95,86.15,16.25,136.3,33.3,-27.52,240,180,3.33,4.54,-2.66,4.1,-1.9
-102,-101,-47.84,-20,-195.7,92.68,68.91,85.47,-191,61.26,63.92,-106.8,148.8,141.5,-132.4,88.4,28.29,-123.1,165.6,116,-123.7,49.96,-180.3,-122.3,-5.23,-68.53,50,-80.5,-3.45,-0.68,-4.28,1.53,-2.84
0,-6.25,-54.18,20,-18.52,-34.27,-37.82,-36.73,107.1,-34.38,108.4,51.68,-13.96,-130.6,52.69,-37.84,146.5,-22.9,60.16,-22.86,112,72.09,147.9,28.03,130.1,122.9,20,-3.057,1.33,3.01,-4.34,-2.76,3.33
98.29,85.91,-36.7,60,-145.2,-78.53,-75.31,68.49,-102.4,-33.81,5.213,-31.95,106.5,40.34,20.6,-42.95,53.63,-66.06,75.45,51.43,27.38,-178.3,-53.04,-29.59,-56.42,-103,100,50.29,2.2,-0.12,2.15,-0.36,-4.2
-113.2,-104.4,-86.75,-130,-375,93.28,38.07,103.8,-276.1,45.34,25.94,-116.9,135.4,130.3,-164,109.1,30.97,-48.64,133.9,83,-166.5,80.57,-279.2,-27.8,-187.4,-130.6,-60,-88.11,1.46,-4.51,0.42,-0.83,1.43
250,231.6,-32.38,230,-10.42,-16.47,-87.91,11.05,9.078,-57.92,-119.6,124.3,-129.7,-88.71,107.6,-129.2,-198,123.4,-183.5,-232.6,-69.93,175.2,32.27,129.4,28.75,53.72,230,163.4,-3.15,-3.65,1.3,3.43,-2.36
110.4,91.96,46.4,70,-140.6,-20.06,-87.91,39.63,-86.18,31.68,60.97,-59.19,133.8,28.41,-47.42,-49.52,-18.26,-42.1,-14.46,52.87,-34.41,-115.2,-96.36,-60.38,-11.89,-56.28,120,53.96,4.47,2.29,4.26,0.76,0.49
253.6,218.7,67.92,240,0,-2.073,-92.11,-27.09,93.55,-68.76,28.9,148.8,-47.76,-157,151.3,-116.5,-101.9,154.6,-192.5,-264.2,82.51,91.32,74.59,209.3,25.72,18.4,230,139.5,-0.83,-0.82,2.33,1.19,-3.12
-91.88,-86.38,-2.866,-20,-239.1,103.2,46.46,141.1,-143.7,95.16,98.96,-137.8,149.8,184.6,-68.13,97.66,86.46,-133.6,127.6,62.91,-110.3,125.4,-171.1,-57.16,-36.1,-112.6,60,-81.5,2.29,3.69,-1.65,1.49,0.82
19.23,9.615,-23.89,10,-115.4,49.2,-45.92,135.8,13.87,40.52,177.9,-41.48,37.39,-85.46,56.09,52.11,84.89,-115.4,79.04,-18.87,-46.62,159.1,161.9,-33.17,229.8,112.2,10,-1.526e-05,4.49,2.51,-0.9,-4.93,4.18
-138.9,-124.6,-111.1,-170,-250,77.08,46.46,16.79,-71.8,114.4,34.82,-19.23,96.83,-128.8,-46.24,205.4,-37.8,-69.69,53.87,-97.78,-104,-56.02,-91.73,188.5,-99.22,58.5,-90,-106.5,-0.91,4.69,-4.23,-0.77,1.33
10.68,1.665,29.76,10,-38.46,26.71,-41.72,31.71,-55.62,1.546,106.4,87.94,95.22,-86.54,-135,-83.68,-69.06,18.87,-0.9773,NA,-79.55,17.47,123.9,55.28,76.31,136.9,90,-9.545,-1.88,-2.66,-4.02,3.69,-2.43
-147.6,-136.3,-82.99,0,-120,51.88,77.5,-49.11,30.49,99.11,18.01,-19.35,52.93,-104.4,-6.596,170.6,-26.21,5.813,20.72,-55.45,-119.8,-78.18,-60.67,108.8,7.616,152.4,70,-115.5,-1.29,-3.11,4.8,4.01,0.51
102.7,97.42,-2.828,110,-125,-98.29,-91.48,88.07,-59.01,-38.65,45.32,-72.58,124.7,-33.55,-47.67,-116.8,69.55,-104.1,43.66,45.46,65.15,-140.5,-8.182,-41.72,44.81,NA,110,85.67,-2.23,-4.64,-3.08,2.42,-2.82
-101.3,-93.43,-21.16,-50,-225,73.46,12.09,50.57,-105.3,96.81,6.933,-38.17,126.8,-18.04,-165.9,78.77,-1.013,-67.79,152.3,45.46,-114.9,-99.54,-237.3,38.16,-140.7,9.742,-10,-77.26,1.91,4.03,-3.99,2.7,-1.37
239.5,225,42.37,230,-10.42,-78.5,-107.8,-29.67,97.62,-66.96,10.62,111.8,-62.92,-139.9,71.36,-94.34,-66.53,107.4,-106.2,-279.7,75.33,43.56,17.67,86.39,-5.7,-77.97,230,174,-0.73,-0.03,-1.05,-4.2,-0.47
-99.23,-92.38,-84.39,-20,-217.4,54.58,44.79,41.02,-211.8,41.71,38.68,-88.15,126.8,153.7,-130.7,48.83,111.1,-60.34,179.8,146.4,-152.9,3.691,-188.7,-90.53,-17.64,-68.02,30,-74.81,-3.23,1.4,-4.59,-1.55,-0.32
98.53,95.32,-5.604,120,-81.08,-135.2,-80.58,42.84,1.946,-46.68,-21.12,-45.31,69.34,-73.43,95.67,-92.34,29.23,-62.2,54.37,-21.82,80.19,24.34,-33.64,16.96,-14.88,-70.23,110,77.61,-4.06,0.59,2.99,2.42,-1.47
240.2,228.6,3.552,240,-20.41,-52.43,-96.93,-22.74,89.14,-42.47,-4.14,83.22,NA,-200.8,141.8,-69.9,55.69,12.33,-130.7,-192.8,159.4,187,30.2,77.09,8.075,13.8,250,130.2,-3.34,-3.09,0.81,4.5,-1.52
4.558,2.279,-12.97,10,-96.15,38.39,-31.52,137.3,9.662,-0.7653,185.6,57.9,48.83,-96.69,68.84,5.433,141.4,-60.34,86.49,-38.63,NA,90.9,132.4,11.15,106.3,125.8,10,-0.1752,-4.48,1.38,-3.2,-2.16,-2.86
-8.766,-1.093,-30.94,10,-38.46,-2.072,-36.97,42.16,43.61,-36.35,212.2,0.7761,73.44,-67.89,-2.405,-23,174.1,-94.81,98.72,13.22,82.85,88.41,128.9,-5.412,190.4,120.7,40,2.278,-0.23,1.91,-1.44,-2.6,-2.57
-85.62,-83.35,-49.04,0,-120,13.76,32.33,-65.35,-55.19,76.62,-45.77,-120.1,64.88,35.3,-171.8,65.32,-55.67,-95.62,102.4,63.41,-44.12,-48.5,-147.3,-71.02,-78.54,-152.7,70,-68.58,-3.88,-1.48,-2.86,-1.46,-0.37
-98.55,-93.2,-28.83,0,-140,99.06,45,-32.72,-73,120.3,53.24,-29.76,127.6,-14.94,-41.76,47.17,100.5,17.16,149.1,30.12,-121.2,-38.5,-139.8,29.81,28.82,71.46,90,-79.1,3.59,-4.02,-2.79,-0.93,-4.84
106.9,87.25,50.84,120,-54.05,-90.92,-81.76,-33.5,-35.76,-39.93,-42.96,-42.44,52.82,37.87,21.49,-55.27,-16.41,5.527,17.7,14.15,-35.93,-164.1,9.133,-153.2,3.367,-106.1,140,50.44,-3.88,4.8,3.89,3.08,-3.43
15.6,11.18,-64.2,0,-60,-11.44,-31.06,35.16,38.72,-5.782,84.06,9.867,-116,-107.7,71.38,47.17,42.06,-62.5,1.412,-88.37,105.8,152.1,103.6,8.789,57.51,63.19,10,6.894,4.54,-1.03,2.03,-1.33,-2.66
228.7,192,42.97,240,20.41,-118.1,-107.1,-157,132.6,-79.54,-122.4,25.72,-207.7,-78.06,62.47,-33.85,-92.42,26.12,-98.51,-120.3,72.51,0.7585,43.23,-41.82,41.78,-159,240,97.97,3.64,4.63,-1.45,1.37,-2.87
227.9,198.4,48.12,240,-20.41,-109.3,-113.5,17.22,7.144,-30.82,-117.7,-17.08,-11.09,-139.9,158.7,-30.59,-132.5,-49.07,-68.1,-161.6,-71.11,12.54,25.99,-60.12,-23.01,-130.2,240,97.61,4.74,-2.08,-1.8,-3.56,0.65
-141.2,-134.8,-14.96,50,-116.7,56.41,95.71,-41.54,33.86,116.2,-7.472,-35.31,48,-141.2,14.36,146.3,-50.66,20.74,0.3258,-33.78,-106.3,-35.29,-90.82,184,-6.814,85.01,90,-111,4.84,-4.92,3.96,3.59,NA
-20.93,-20.6,32.97,10,-76.92,9.886,-31.06,114.5,-85.95,-14.43,89.67,83.57,9.406,-56.16,-39.98,31.34,141.5,50.28,108.9,-41.77,-21.95,16.11,76.16,1.002,-36.43,87.99,40,-19.96,1.96,-2.36,-3.41,0.03,2.05
-91.61,-79.14,-131.2,-90,-156.3,43.71,59.96,-11.64,-179.2,32.36,56.03,-96.54,98.11,137.7,-230.8,42.19,59.08,-57.26,148.4,3.412,-189.3,28.12,-161.1,-169,-47.86,-78.78,-30,-56.09,-3.99,2.36,1.36,1.4,-3.56
13.98,19.49,-7.912,90,-73.53,15.9,-45.86,156.8,-89.66,-14.36,72.7,77.25,84.67,149.8,8.793,3.686,-74.7,46.68,-51.17,278.8,-113.8,11.66,3.999,-28.74,89.97,73.18,120,10.22,-3.98,1.6,0.95,1.85,-1.92
-141.3,-116.5,-65.35,-70,-166.7,93.96,82.24,64.57,-75.94,97.46,48.88,-4.425,126.1,-101.7,2.522,152,-109.4,-60.61,-37.71,-99.43,-159.8,-20.47,-63.73,105.4,-74.98,128.4,20,-92.37,3.75,-1.46,-2.48,-0.82,1.31
6.211,3.106,-1.42,150,12.5,-3.344,-18.01,-46.17,35.4,-60.08,-1.926,228.2,-31.85,-6.211,10.05,-16.08,4.575,52.26,-59.01,73.13,20.62,35.18,16.42,9.025,-15.84,27.75,190,3.962,4.48,3.39,0.71,-3.38,-1.65
215.1,232.5,-15.2,230,0,-60.02,-107.1,-14.07,32.98,-204.7,-122.6,220.6,-87.86,-7.557,55.82,-184.7,-27.13,74.62,43.01,-179.6,-41.85,202.5,21.23,-51.2,25.95,-51.76,230,166.2,3.69,-4.41,0.76,0.34,-3.59
-66.77,-58.39,-27.69,-40,-119,-18.31,-1.304,-137,-30.76,45.28,-108.3,-88,-19.52,24.73,-90.29,76.52,-60.83,-46.08,68.79,-54.11,-5.869,-132.5,-96.2,-57.71,-174.6,-143.4,40,-43.99,-2.79,1.52,2.35,-4.39,-1.9
66.77,66.72,53.07,70,-31.25,-46.12,-84.85,8.631,-17.85,2.538,32.21,-45.26,-10.56,67.78,-39.49,39.58,-0.3795,-144.4,-74.71,38.27,-29.86,1.476,-9.627,-141,86.86,-54.11,120,46.08,0.79,4.07,-0.65,-4.89,-0.38
5.634,4.484,-25.06,10,-38.46,-45.89,-51.66,62.1,-24.89,-48.92,113,-3.235,-7.791,-92.65,-32.18,-18.37,142.3,-71.43,70.47,-108.1,14.71,72.29,154,-79.58,79.04,-25.85,40,7.511,0.94,-3.45,-3.37,-3.31,-4.43
-15.49,-16.08,55.16,30,-53.57,-10.31,-45.01,63.81,-77.21,NA,65.94,33.91,-1.827,9.233,-73.54,NA,76.19,62.48,111.5,57.63,33.88,-22.52,55.95,-27.87,25.52,75.4,60,-15.38,3.9,-2.79,-0.94,1.51,2.52
59.86,64.93,54.89,70,-31.25,-80.49,-104.9,-64.83,36,4.54,6.735,-77.53,47.07,-3.345,16.88,16,70.59,-20.13,40.5,-4.712,17.33,-80.58,31.04,-93.22,135.6,-83.42,110,56.87,1.16,-1.99,-4.78,3.73,3.04
-114.1,-108.7,41.47,10,-153.8,84.59,61.43,62.81,-95.22,104,92.51,-50.75,155.6,-10.89,-35.69,95.3,19.35,8.566,69.36,77.31,-113.8,-15.54,-149.9,-12.33,81.45,21.1,70,-85.48,-2.6,-2.53,-3.94,0.83,-4.48
228.9,232.8,-14.84,240,20.41,-83.46,-104.9,-58.39,76.32,-171.3,-46.4,88.34,-68.62,-111.5,35.11,-183.9,-97.12,80.74,-42.74,-303.3,146.7,203.8,49,16.53,12.28,66.01,250,205.7,3.19,-0.81,-4.3,3.64,-2.27
-109.2,-102.9,55.29,10,-134.6,67.79,41.47,108.7,-80.64,93.18,92.51,-51.62,137.7,9.233,-84.75,107.5,31.46,-41.87,92.67,29.74,-143,-25.82,-131.1,-48.49,85.06,76.63,60,-80.11,0.36,-0.62,0.66,-0.97,-3.41
73.94,71.97,-19.51,110,-83.33,-72.58,-84.92,100.5,-60.06,-17.5,37.1,-118.1,26.8,23.07,54.03,-30,26.8,-74.04,-152.6,36.3,121,-1.204,-66.97,-66.25,33.94,-137.3,120,64.38,-3.03,-0.19,-0.54,-1.4,-1.24
200,211.7,34.26,NA,0,-119,-124.8,-18.7,66.88,-102.9,-129.9,52.06,-112.7,-92.65,120.6,-157.4,-258.3,93.78,-269.2,-244.2,-34.52,141,16.74,NA,64.01,-33.2,230,164.2,-4.99,2.82,2.77,0.45,1.18
-147.9,-138.9,11.41,-140,-318.2,97.44,141.3,207.6,-279.6,57.07,-8.447,39.96,124.6,-82.59,-69.33,147.1,-52.4,50.31,62.7,-47.37,-132.1,-56.69,-174.8,33.35,-299.2,30.08,-90,-116.2,-2.02,2.29,-2.92,-3.35,-3.05
173.8,179.9,66.27,230,0,-115.5,-103.6,-90.94,66.55,-80.77,-166.9,54.69,-103.3,-124.3,60.06,-101.4,-158.2,19.72,-97.4,-228.9,-48.46,32.44,0.6906,-58.17,28.08,-116.2,230,145.9,-4.66,-4.07,-4.7,-3.23,-4.54
65.09,67.8,-0.4373,-30,-159.1,-25.85,-82.23,147.8,-51.36,11.77,66.47,-114.2,120,-58.75,2.236,34.5,50.28,-89.7,20.09,-140.7,110.5,-78.47,-49.82,-18.65,-97.36,-83.2,-10,53.94,4.62,3.58,-2.18,-0.19,1.48
-112.4,-107.5,-38.27,-100,-200,100.3,51.38,72.28,-191.8,91.96,20.25,-73.48,76.59,94.55,-181,55.85,-57.15,-35.33,20.09,113.7,-140.2,21.73,-193.1,-85.32,-64.5,-20.48,-40,-94.74,4.55,-1.85,-3.8,-3.52,-3.41
5.202,-5.732,-40.77,-70,-111.1,-19.86,-36.71,-55.33,-71.79,22.69,-153.5,-53.49,42.1,17.22,-199.6,-46.43,-134.7,-67.42,-88.77,-158.6,-146.5,-91.36,-101,-78.53,-106.6,-85.61,-10,-20.09,-4.46,1.26,0.59,3.94,2.37
57.22,64.72,106.4,110,-69.44,-97.31,-82.1,84.06,-56.19,-43.73,-0.4658,-39.12,43.85,-21.69,27.47,-65.7,41.62,-3.548,59.78,-83.97,83.82,-21.63,-10.27,-104.9,31.64,-88.27,120,61.5,2.51,-1.59,1.3,0.54,-1.95
13.77,6.885,36.49,200,-33.33,18.2,-54.87,52.61,45.22,22.69,91.77,92.46,-15.73,-13.9,31.44,-5.606,127,108.8,118.5,-96.15,37.88,-22.48,132.1,-3.158,109,88.36,230,-0.309,-1.05,4.09,-0.78,1.33,2.19
267.1,250.2,-40.34,250,-20,-85.5,-100.3,-2.256,65.7,-136.1,89.68,95.77,54.37,-161.8,73.08,-113.9,75.75,87.85,81,-243.8,126.3,223.3,121,104.4,-1.73,34.3,270,203,4.48,-0.75,-3.57,2.19,0.3
-122.7,-119.7,-16.75,0,-140,175.7,90.37,35.09,-35.71,183.1,14.21,-7.052,63.13,-118.2,-4.252,100.4,43.89,32.79,38.56,-24.6,-106.9,-39.91,-63.97,197,14.69,164.5,40,-102.3,0.9,-2.03,-0.96,1.71,-1.33
-99.45,-96.95,-4.001,-20,-108.7,45.77,44.98,-58.19,-38.64,101,-34.01,-85.55,110.4,7.886,-107.4,69.23,-133.6,-55.3,89.16,22.6,-67.96,-56.49,-135.1,-78.05,-47.29,-58.2,40,-80.04,4.43,-4.05,-0.79,-3.39,4.11
-101.3,-100.6,30.99,-20,-86.96,43.14,63.14,-27.27,-88.37,75.07,46.7,-80.03,133.2,120,-129.2,123.1,79.17,-88.34,192,174.8,-126.1,-78.18,-127.9,-156.8,29.52,-44.88,50,-85.91,1.51,1.42,3.95,-1.72,3.32
68.24,75.79,-60.41,110,-55.56,-55.31,-82.1,47.25,-47.41,NA,17.35,-3.735,71.89,57.69,-39.94,-69.1,12.04,41.6,22.24,-24.6,-59.82,62.56,40.45,53.97,77.2,-129.4,140,67.99,-3.64,-1.12,-4.9,-0.98,2.38
-119.2,-106.9,-118.2,-30,-159.1,92.46,61.47,72.92,-99.86,113.4,73.12,-115.6,129.7,76.88,-82.26,136.5,-33.16,-68.15,69.94,69.37,-73.53,53.68,-136,-48.7,23.1,-33.57,20,-92.78,-4.01,0.27,-4.42,2.72,-3.35
195,192.1,40.84,230,-31.25,-103.4,-118.4,79.82,11.43,-80.67,-36.89,66.73,-30.22,-160.5,53.78,-33.35,-34.27,23.2,-110,-270.5,24.46,83.79,87.42,-111.8,33.88,-90.27,240,130.7,-4.92,-4.37,-2.22,3.29,-2.64
-5.833,-6.295,-52.16,110,-69.44,-13.43,-19.14,69.05,65.57,-33.21,160.1,-84.15,-40.4,26.71,43.08,-27.58,181.1,-86.26,-75.08,48.92,151.5,91.22,155.4,-0.4977,50.3,48.69,110,-4.786,-1.57,-4.4,-2.24,2.27,0.11
-134.2,-121.1,1.783,-40,-142.9,21.87,80.08,15.5,-21.66,56.61,-91.89,76.94,31.9,-13.67,-26.47,111.9,-98.34,69.66,31,11.15,-90.87,-98.74,-32.21,18.78,-72.12,66.19,-20,-103.8,2.14,0.5,-3.4,4.52,-0.35
-115.8,-108.6,-3.693,20,-129.6,58.05,67.68,65,-32.19,93.9,44.38,-18.93,117.5,35.27,-86.08,48.92,-18.8,23.2,116.9,141.8,-96.11,-44.09,-103.8,-23.39,42.33,28.04,70,-90.21,-1.88,0.89,4.36,1.86,-0.16
223.3,226.5,-23.95,230,0,-86.67,-99.76,-84.18,134.7,-117.5,-210.9,86.37,-218.6,-118.9,123.3,-127.6,-242,29.5,-204,-242.2,-38.05,244,60.1,-33.43,174.6,47.99,200,193.3,0.65,-1.38,0.78,1.1,1.34
52.5,60.03,7.759,90,-88.24,-70.79,-68.75,101.5,-73.54,-65.42,-4.872,-114.8,48.2,47.51,-5.832,-77.13,49.69,-116.2,51.14,39.48,33.73,-33.68,28.34,-43.47,30.6,-76.27,130,56.33,1.05,-2.21,-4.12,2.93,-2.3
-103.2,-87.29,-40.84,0,-180,69.76,42.17,0.09781,-133.3,91.52,29.06,-39.56,192.4,54.98,-168.7,61.55,-0.6386,-33.88,190,120.9,-162.5,38.31,-200.9,22.71,-123.1,-6.51,70,-70.96,-3.08,-4.47,-2.15,1.65,0.3
95.27,22.64,10.61,-10,83.33,25.22,-0.6802,-373.3,284.2,-20.53,-221,65.84,-262.6,-86.94,-172.6,36.68,-47.47,-10.8,21.2,-7.225,366,21.44,139.8,-21.11,193.7,152.4,30,-4.367,4.08,-3.02,0.64,2.82,-4.06
250.7,232.5,48.89,-10,-125,-76.99,-110.9,4.499,-59.72,-8.897,-100.7,-46.28,48.96,-10.52,38.43,-11.72,-57.05,-215.6,57.97,-51.56,-119.7,42.26,-33,-11.98,-23.15,-182.1,20,105.5,1.98,-0.07,0.83,3.49,3.43
98.85,88.71,3.235,250,-20,-48.16,-86.39,48.24,18.66,38.08,-15.31,-58.62,-24.91,-33.35,39.39,-21.67,-5.96,70.5,64.65,-86.05,32.67,-23.79,-36.28,-7.595,-13.72,-135.5,270,42.94,-4.01,-0.26,-1.4,-4.7,-2.43
-99.57,-92.64,-26.27,30,-53.57,-0.99,42.17,-140.2,22.66,68.24,-88.6,-44.04,-8.85,40.1,23.98,40.75,-54.92,-18.83,-40.63,114.7,8.338,-32.04,-92.94,-73.69,-138.2,-46.14,60,-76.42,-0.37,-0.17,-4.28,-3.14,-0.12
0,10.71,4.754,100,-14.29,-15.84,-43.53,3.674,123.4,-10.62,121.2,-19.37,-80.58,15.28,110.7,-36.14,170.7,-72.02,-8.875,81.45,89.13,126.6,96.73,14.68,97.99,-8.841,100,6.914,3.26,4.62,-3.34,-2.51,4.03
12.18,16.8,7.578,100,-42.86,-48.16,-55.78,124.8,25.86,-24.41,86.2,13.7,-70.94,-37.32,19.16,-56.04,89.83,-18.83,1.151,39.58,54.57,82.83,90.58,-48.49,133.8,22.24,90,12.37,-2.63,3.3,1.45,-1.57,-0.68
-136.8,-122,-14.9,-30,-113.6,10.37,72.78,48.51,-20.53,69.54,-12.62,-12.08,42.54,-84.96,-59.84,145.7,-3.832,28.35,39.59,-82.35,-125,-140.1,-157,93.91,-174,29.23,50,-111.4,-4.39,-3.98,-1.58,2.22,-3.68
-7.051,-6.502,-75.09,-20,-21.74,-22.56,-30.03,-19.26,23.35,-2.1,61.62,14.53,-53.75,-145.6,-34.5,6.877,-6.408,-61.62,-17.29,-40.28,107.9,79.14,182.6,96.79,74.15,8.723,10,-0.6614,2.73,-3.1,2.48,-2.96,3.18
-102.6,-101.9,-32.1,-30,-204.5,64.26,56.31,181.2,-169.5,71.73,74.01,-63.92,192.8,43.92,-169.2,64.03,25.32,-39.29,151.2,54.88,-136.3,-57.94,-190.7,-105.3,15.55,-46.97,30,-79.37,3.2,-1.11,NA,-3.94,0.03
242.9,231.6,1.221,240,-10.2,-92.64,-116.4,-19.8,19.08,-89.43,-234.9,65.1,-188.8,-104.7,67.89,-137.5,-329.6,83.56,-261.2,-191.2,-112,205.9,20.86,-40.92,-3.349,66.61,240,194.1,0.85,1.05,2.13,-1.54,-3.52
-91.03,-93.13,8.938,-10,-145.8,57.98,77.89,79.02,-135.3,59.07,47.78,-12.7,201.4,104.8,-114.4,89.66,18.64,-69.5,49.44,94.26,-150.7,-31.21,-103.8,-50.53,25.95,-19.78,60,-76.39,-0.11,0.72,-0.99,0.47,0.09
7.051,9.478,44.39,80,-60.61,-89.5,-58.81,-71.15,-18.45,-16.44,-100.8,-17.89,-54.99,104.8,-17.44,-69.01,-110,-43.23,-151.8,80.04,-114.1,-127.8,11.13,-145.5,-2.404,-49.17,100,0,1.7,2.54,-1.48,-4.42,4.57
89.74,86.54,5.77,110,-111.1,-58.12,-94.79,107.2,-1.391,15.2,64.54,-94.39,170.5,-15.91,88.55,9.341,13.63,-51.11,-75.27,61.44,49.56,-33.12,71.41,-15.3,85.02,-53.11,130,76.72,2.6,-0.6,-1.91,-4.17,-0.68
-146.8,-140.5,-14.1,-80,-147.1,162.9,152.7,-139.3,6.481,185.4,27.79,-51.81,33.03,-131.4,-113.7,185.4,73.2,-38.54,102.3,-60.51,-70.26,-11.22,1.993,208.5,60.2,214.3,20,-116.4,-1.89,-2.32,1.51,-2.82,-1.91
-71.67,-78.52,-43.74,0,-160,56.68,75.51,107.6,-161.3,66.99,22.39,-65.63,116.6,175.3,-38.14,57.69,24.58,-40.17,-8.547,223.9,-180.3,-12.64,-116.7,-65.29,14.88,-12.95,40,-63.07,1.65,-0.46,-4.91,4.29,0.29
-70.53,-74.9,-25.38,10,-96.15,38.26,60.07,46.49,-62.25,52.19,127.3,-73.16,211.8,108.2,-46.71,111.7,80.53,-91.66,135.7,13.27,-40.17,-17.26,-115.1,-7.484,16.79,-11.02,80,-63.39,3.7,-4.88,2.73,3.17,2.89
239.1,235.4,-33.35,230,20.83,-47.35,-94.3,-113.6,111.8,-81.04,-167.4,85.75,-101.3,-145.8,-33.46,-71.56,-79.98,139.6,56.28,-232.2,-108.7,273.6,100.8,38.31,106.9,108.4,220,183.7,1.33,-4.2,2.02,-2.29,4.92
-110.9,-102.3,-57.23,50,-100,-1.183,76.96,54.17,-49.97,29.76,29.12,-72.68,-79.18,-129,7.164,37.41,-89.12,-41.2,-33.5,-123.8,-125.6,43.1,-60.58,-84.3,72.39,208.7,150,-250,3.86,-4.41,3.81,4.22,-2.41
-96.77,-79.64,-129.5,NA,-269.2,128.3,27.73,117.2,-119.5,82,80.69,-88.64,145.2,61.78,-126.1,80.44,71.35,-95.86,162.4,57.1,-141.2,101.3,-61.38,35.92,128.1,-9.499,-30,-250,4.22,-0.78,3.78,0.95,2.36
222.8,199.9,62.53,250,10,-157.2,-115.8,-99.59,95.62,-115.1,-73.47,138.7,-82.11,-44.18,90.05,-137.3,-46.45,160.7,-62.47,-48.11,160.2,1.926,105.1,-8.092,-42.23,-75.75,260,-250,1.72,-4.8,4.47,3.65,-4.49
72.58,51.92,68.95,40,-103.4,-36.27,-74.82,-16.23,21.03,12.62,72.46,-31.88,61.58,-84.56,-74.4,-3.918,35.29,-53.98,34.1,-79.65,-170.6,16.9,-55.52,-131.6,161.9,75.53,90,-250,2.24,-0.67,3.04,0.78,4.07
26.21,18.31,58.1,30,-71.43,-1.183,-42,39.35,-35.62,-4.117,23.64,NA,-8.798,36.58,-58.48,26.33,52.72,13.02,58.93,20.01,-6.13,63.47,-42.73,-61.91,72.39,24.3,110,-250,-1.1,3.79,2.79,-4.22,2.91
87.7,75.1,49.45,70,-78.13,-27.8,-83.03,56.02,-52.12,-11.46,52.71,4.65,45.46,32.57,-44.56,-73.79,5.84,60.63,25.82,4.871,-68.22,23.13,-35.27,-94.86,31.29,-20.23,120,-250,1.06,1.07,4.49,-1.13,-2.86
211.7,189.2,83.06,230,0,-135.5,-115.8,-164.4,168.1,-85.74,-85.54,123.8,-132,-82.27,168.3,-63.14,-83.11,113.5,-131.5,-90.5,88.18,44.34,60.09,-71.47,-20.77,-100.2,230,-250,-3.69,-3.74,4.53,3.33,3.01
-143.1,-123.7,-102.4,10,-153.8,-19.33,76.96,-16.23,13.14,48.94,-102.5,-78.35,16.13,207,-8.75,53.6,-66.88,-47.81,53.42,221.6,-23.67,-100.8,117.6,145.6,40.88,32.35,30,-250,-2.75,-4.56,2.34,-2.2,1.76
88.73,70.68,21.28,60,-112.9,-83.83,-75.35,84.69,-70.38,-25.51,55.5,-86.46,132.4,-12.28,-36.3,-33.98,NA,-71.82,71.56,88.1,117.8,-157.2,-62.48,-115.2,7.288,-54.21,100,41.96,-2.16,-2.56,3.4,-2.41,3.28
-113.4,-106.1,-29.2,-30,-227.3,76.58,40.5,77.15,-120.9,75.69,76.66,-78.6,226.9,-1.589,-53.19,18.27,5.778,-23.18,89.85,45.72,-111.9,-87.32,-298,11.43,-175.2,-77.13,20,-83.93,-4.25,2.12,-0.41,2.67,3.28
213.7,189.1,35.03,230,20.83,-43.99,-89.26,-159.2,102.6,-59.5,-220.8,117.1,-165.3,-209.2,91.65,-74.62,-114.2,134.1,-92.02,-246.9,0.7102,227.5,45.95,58.96,60.06,-13.52,220,62.23,-0.11,1.69,-4.41,-1.25,-3.61
-105.7,-102.2,35.44,-30,NA,55.61,31.23,156.9,-89.46,83.89,76.66,-56.38,112,60.79,-122.7,44.81,-29.37,-39.61,84.07,67.59,-72.27,-39.15,-137,-124.4,10.07,-5.222,10,-88.9,1.65,4.18,4.27,0.34,-0.94
-159,-145.3,-102.7,-120,-230.8,32.55,63.67,24.11,-148,68.26,13.18,-21.22,64.38,-125.5,-179.2,163.8,52.93,-17.5,137,-43.16,-87.56,33.67,-57.73,43,-28.82,70.24,-20,-128.7,-4.84,1.07,0.83,4.62,0.02
0,0,-3.991,30,17.86,-24.07,-52.18,-21.25,107.6,-1.283,34.94,67.17,-134.7,-49.71,51.38,36.93,110.4,-21.92,26.34,-14.45,101.8,34.05,115.1,5.405,71.56,132.3,30,-8.179,2.36,3.38,1.78,2.55,0.1
74.65,75.2,-54.11,40,-86.21,-71.2,-68.69,-35.6,-40.38,-18.37,-15.8,-86.12,112.7,106.6,-41.26,-39.63,168.5,-23.05,137.4,-13.79,121.6,-113.4,-30.88,18.7,-62.21,-92.35,70,50.3,1.83,2.95,-2.78,-4.71,-0.74
0,0,42.31,50,16.67,2.011,-33.24,-38.93,81.03,-4.104,120.8,26.98,-106.9,-77.89,6.133,13.08,115.4,-40.42,22.12,37.56,84.54,116.9,161.7,-6.789,94.23,52.66,80,-13.89,-0.6,3.66,-1.99,-2.82,-3.96
87.32,77.75,-1.314,50,-133.3,-73.23,-78.82,103.7,-109.7,-47.32,85.15,-80.5,162,16.29,-162.4,-109.8,55.95,-40.42,171,208.2,22.24,-68.49,-10.14,-17.92,5.286,-19.43,80,57.06,4.36,-2.04,1.15,1.7,-1.22
228.9,228.1,48.69,240,30.61,-54.93,-104.1,-147.8,138.6,-140.7,-207.5,154.5,-190.5,-56.96,109.2,-205.5,-279.7,136.9,-246.6,-121,17.95,110.7,18.74,-10.38,53.56,-118.3,230,163.3,-4.32,-2.6,-2.38,2.94,0.73
-91.55,-83.65,-28.92,-50,-175,104.7,57.9,29.5,-213.8,73.36,54.61,-89.25,163.1,177.2,-151.1,126.2,109.9,-174.8,110.6,60.21,-230.7,56.29,-186.4,-82.17,-16.62,-41.27,20,-69.82,-3.12,-4.47,4.56,-1.43,3.79
-2.113,-4.844,4.8,70,-46.88,-9.173,-33.24,72.65,42.4,9.351,118.2,10.11,-64.05,-134.1,17.42,33.36,81.56,-69.68,-0.2677,-24.36,-31.47,118.7,136.5,-80.01,124.2,19.7,100,-11.64,1.93,4.43,-0.18,1.88,2.55
-14.04,-10.14,-61.41,50,-16.67,17.84,-39.49,27.53,108.9,-6.293,69.96,123.1,NA,-139.8,65.2,16.07,77.4,-48.91,24.45,105,67.34,105.3,138.4,66.7,47.48,94.75,80,-9.898,-4.22,2.03,4.48,-3.87,-4.56
-109.6,-98.56,-98.44,-40,-142.9,57.32,82.54,35.19,-217.1,37.82,25.68,-69.67,94.32,128.8,-247.2,10.92,31.06,-32.07,153.4,120.4,-171.6,10.83,-181.8,-129.9,-59.41,-40.12,50,-78.86,3.3,1.88,2.71,-3.52,2.76
206.3,190.6,46.26,250,10,-86.44,-115.8,-113.5,86.73,-77.72,-111.6,117.1,-106.9,-118.4,12.46,-112.7,-148,137.3,-192.9,-248.8,122.4,141.7,-44.97,-8.144,-92.78,-83.45,270,134.4,1.52,0.01,-1.66,-1.74,-1.26
-4.32,-11.53,54.12,-40,-47.62,-9.494,-31.86,112.1,52,3.791,156.8,-26.34,-12.11,-114.9,-50.42,41.83,137.4,-52.87,39.45,-185.7,55.99,80.47,128.4,-13.79,80.86,74.78,-10,-23.95,0.2,4.63,-3.02,-4.39,0.62
-139.3,-129,-73.78,-40,-142.9,65.42,90.16,-31.83,-54.11,104.6,-27.45,-31.57,56.68,-47.12,-76.79,161.9,-26.87,-17.21,120.4,-28.82,-45.59,-111.7,-112.5,105.2,-63.06,68.45,40,-114.9,3.83,1.34,-3.54,-4.44,-4.5
77.21,69.86,40.68,80,-90.91,-129,-85.25,24.82,-61.82,-69.31,-29.23,-85.36,93.03,-11.46,-1.735,-116.8,17.37,-33.06,85.92,20.41,199.6,-104,66.8,-76.63,65.21,-112.7,130,40.55,1.45,-0.29,2.86,2.91,-1.47
-104.2,-98.98,-55.79,-30,-204.5,48.21,52.03,52.27,-64.72,88.24,-1.771,-80.13,129.4,37.27,-61.57,90.26,60.54,-51.88,150.4,-47.27,-113.1,-58.08,-195.1,-61.45,-106.3,-78.09,30,-81.74,-3.35,2.54,3.79,4.88,-0.83
47.85,53.34,-94.19,10,-134.6,12.54,-61.72,106.1,-212.6,-74.95,57.33,-97.9,173.4,87.2,-373.6,-291.9,-282.6,-279.2,-170.9,-22.55,-68.19,-81.57,-33.86,-39.88,-91.02,-30.16,70,49.62,-3.18,2.09,-1.9,4.57,0.92
168.2,167.4,6.373,220,21.28,-113.8,-116.3,-100.8,71.47,-126,-127.8,94.05,-117.9,-86.38,14.3,-134,-57.36,3.958,29.98,-157.4,7.584,166.8,42.88,-92.36,5.392,-123.7,230,138.8,-3.94,-4.76,-2.91,-3.82,4.3
-108.7,-105.8,-55.05,-30,-113.6,35.84,83.88,-46.39,-111.7,46.8,-73.85,-19.14,140.2,108,-98.45,77.55,-49.85,4.921,114.4,100.6,-176,24.76,-120.1,-54.28,-62.57,-44.27,50,-91.11,4.94,-2.74,3.15,4.14,-1.24
185.6,178.6,-37,230,41.67,-42.11,-89.02,-170.6,143.6,-109.7,-197.8,121.2,-205.9,-63.57,139.1,-117.4,-185,198.5,-149.5,-241.7,-146.9,119.8,56.8,56.66,47.44,84.8,220,135.8,-2.04,3.3,-4.22,0.08,2.28
-155.2,-146.2,-22.96,-20,-173.9,NA,102.1,20.36,-77.78,118.7,86.08,-27.74,79.06,-85.39,-48.79,129.7,130.3,-5.675,126.3,20.24,-98.21,-37.06,-75.6,69.86,20.26,167.4,60,-122.3,3.71,-0.49,-2.88,3.47,-3.93
-5.981,-13.7,16.88,30,-35.71,16.3,-49.66,91.16,-22.27,-3.118,140.6,86.4,-24.85,-86.42,3.092,27.21,58.28,55.5,-1.963,-79.69,47.49,36.54,55.96,13.91,-9.404,121.5,70,-13.33,2.48,-4.71,-1.85,-4.01,0.19
-2.632,-12.03,25.48,-20,-43.48,-0.8492,-41.67,94.18,-8.692,-8.165,98.15,72.86,-84.08,-136.8,-6.873,44.95,15.94,30.22,-0.8198,-135.2,46.64,93.85,49.08,-27.41,12.6,46.83,0,-10.86,-2.68,-1.41,1.12,-0.71,-0.17
58.13,49.31,23.29,90,-88.24,-95.18,-81.61,62.06,-95.28,-68.31,1.111,-76.04,137.3,27.74,-56.69,-95.36,9.761,-16.61,98.6,48.44,31.09,-98.27,31.69,-24.03,24.77,-175.5,110,48.24,3.48,1.03,-0.82,-0.84,-0.23
287.1,239.4,29.99,220,10.64,-105.7,-107.3,-77.3,63.9,-97.71,-135.5,115.2,-148.4,-138.8,1.486,-109.1,-156.8,127.6,-11.05,-202.9,37.08,179.6,32.47,21.92,-2.621,-39.2,230,142.1,3.01,-3.73,-3.69,3.42,2.06
37.12,26.89,-23.71,60,-16.13,65.94,-19.51,47.65,87.31,16.6,143.9,52.24,-72.73,-147.6,63.12,10.83,124.8,-8.194,77.78,39.24,62.69,127.2,181.9,4.998,208.3,118.1,70,2.355,-4.84,-2.58,-2.98,4.61,-2.28
-70.45,-68.56,-53.46,-80,-264.7,73.41,11.47,43.27,-128.7,91.39,-20.8,-76.41,92.23,-30.17,-175.6,99.12,24.9,-57.1,154.4,-19.2,-64.44,-30.67,-249.2,50.88,-232.9,-116.7,-20,-59.26,3.19,-4.97,-4.71,2.39,-1.46
126.5,104.9,-36.08,-10,-145.8,-18.29,-86.64,-34.38,-95.32,2.578,79.72,-71.65,100.4,97.15,-152,-100.3,197.9,-12.06,142.1,33.67,48.76,-23.62,-82.36,-113.5,23.64,31.72,70,41.99,1.21,-1.51,0.18,-1.76,-2.22
-84.09,-71.21,-159.5,-30,-159.1,90.47,37.29,-51.57,-107.6,98.19,28.04,-82.77,95.88,137.8,-117.2,-19.92,2.884,-39.73,51.23,147.8,-112.5,79.17,-134.3,-94.29,-25.43,37.02,100,-57.69,0.34,-4.76,-1.45,1.86,3.94
147.7,128,-34.91,80,-166.7,-78,-107.3,87.96,-15.13,11.93,29.75,-53.12,81.29,-3.829,214.6,-142,201.1,-102.8,157.4,114.4,15.07,-94.49,22.6,-82.63,4.697,-107.3,70,83.99,-3.87,0.86,1.56,-2.56,-4.29
0,0,-41.68,50,-33.33,43.94,-10.36,90.82,101.9,-42.63,204.3,-0.7337,-56.42,-187.2,65.23,11.91,169.7,-126.1,-17.31,-138,58.49,158.6,150,-33.11,87.86,-8.563,50,0,-3.19,3.32,0.29,-4.19,-1.84
-144.2,-129.5,-113.6,-190,-250,59.93,56.23,23.28,-85.36,98.08,44.64,-52.75,101.2,-57.05,-32.64,205.3,18.33,-55.83,31.66,-105.6,-132,-34.69,-183.5,65.58,-90.58,39.07,-100,-115.7,-0.78,1.66,0.8,-0.85,0.76
227,204.7,-6.74,190,0,-48.98,-97.44,-66.51,122,-71.12,2.239,117.8,-22.89,-70.25,151,-82.81,14.83,148.7,-57.38,-296.4,137.7,99.01,4.799,97.12,-14.54,-4.281,190,114.4,0.38,-3.91,-0.83,2.85,-0.68
218.2,210.5,-30.68,220,-31.91,-74.11,-82.07,29.12,2.496,-124.3,-129.4,77.97,-177.8,-30.65,93.54,-126,-219.6,171.9,-170.2,-162.3,-70.55,175.2,95.46,52.7,39.08,54.05,220,156.6,-1.22,-3.49,-2.36,4.16,1.04
-149.4,-137.2,-132.8,-160,-333.3,137.4,141.1,84.2,-138.2,136.4,85.64,-47.09,167.3,-91.12,-87.48,241.5,42.1,-47.38,125.4,-72.32,-170.8,-23.02,-171.5,165,-79.17,106.8,-100,-114.6,2.44,4.31,4.41,-2.8,-4.06
-97.9,-98.29,1.466,10,-173.1,-25.03,29.98,50.99,-89.99,20.68,-22.39,-40.45,97.01,8.932,-47,69.84,-52.53,-35.03,39.1,82.66,-162.6,-109.2,-197,-4.019,-156.4,-4.079,20,-84.48,2.45,2.32,-4.23,-0.54,2.37
-6.287,-9.723,-31.55,190,-45.45,-13.17,-15.77,94.39,30.66,-72.16,113.6,81.16,-145,-125.2,6.404,-53.35,77.02,44.69,-24.94,-78.58,86.95,138,105.5,-20.22,45.54,8.397,190,-7.025,-2.64,-0.03,1.04,-2.7,-2.26
-108.1,-96.81,-79.48,-60,-210.5,36.1,29.98,35.48,-144.9,68.27,-5.584,-104.9,124.7,49.38,-65.09,110.5,1.543,-73.2,126.8,43.53,-103.5,-39.82,-243.5,-58.6,-172.9,-179.7,-10,-83.1,-0.06,-2.13,-1.99,-1.9,0.28
-112.7,-100.2,-180.8,-60,-210.5,106.6,74.42,-105.2,-2.111,151.3,-71.95,-129.1,78.72,122.9,-154.9,88.75,49.24,-78.5,225.9,48.64,-30.73,157.9,-131.3,-25.2,-94.5,-13.81,0,-76.4,3.59,-1.04,-1.19,-2.54,-1.55
-100,-87.16,-135,-100,-233.3,80.05,52.99,-42.74,-175.2,81.61,-38.21,-96.37,116.1,148.5,-181.3,77.87,-13.48,-118.8,132,7.396,-196.5,29.79,-156.9,23.25,-85.67,-119.8,20,-70.6,2.78,-2.23,-2.69,2.36,-3.25
-152.4,-137,-72.46,-150,-250,124.6,95.85,-22.46,-122.5,131.4,90.4,-47.72,151.8,-42.98,-169.9,165.3,28.12,-46.23,186.1,-73.68,-138.2,-27.42,-204.8,46.5,-34.57,94.31,-90,-113.2,-0.18,1.84,-3.36,0.29,-1.18
1.526e-05,7.629e-06,-94.13,90,0,153.1,26.19,70.44,92.23,-36.44,223.4,79.44,-32.6,-277,13.24,20.66,135.6,-31.44,51.45,89.89,76.79,152.1,170,43.59,110.8,59.35,100,0,-1.5,-1.55,-3,-1.47,4.8
22.29,11.14,-47.87,40,-17.24,57.29,-16.67,68.68,87.67,-12.97,162.3,49.59,-60.02,-188.5,81.2,35.97,122.2,-117.5,56.97,64.29,60.09,125.6,143.7,-2.914,102,65.8,40,-5.798,-4.94,0,-4.08,-0.85,-3.88
236.1,232.9,18.2,220,-31.91,-2.444,-97.04,19.86,39.53,-53.76,-124.3,130.5,-166.4,-72.76,140.6,-168.3,-145.3,187.8,-45.7,-207.4,-31.54,153.9,9.063,125.9,43.93,92.16,NA,149,3.17,4.62,3.51,-3.41,-1.85
91.57,82.95,-30.31,0,-200,-42.27,-70.25,44.76,-63.27,0.02408,58.61,-80.84,195,-29.36,31.84,-38.96,70.36,-28.75,167.4,75.67,113.9,-65.45,96.1,39.07,24.89,-95.56,30,60.37,-0.14,1.15,-0.01,-2.86,-1.54
-128.5,-116.9,-39.09,-60,-289.5,75.76,53.94,98.87,-204.7,56.83,82.7,-40.56,159.9,2.364,-78.07,62.98,-37.35,3.322,43.1,51.3,-146,-43.23,-292.7,-46.21,-81.02,13,20,-96.23,0.74,1.7,-1.59,-1.72,-0.06
21.85,10.93,43.85,60,16.13,7.848,-17.48,9.453,80.86,-26.46,112.1,67.44,-76.01,-138.2,120.4,-15.05,143.1,-32.44,40.46,-37.82,73.42,90.38,151.8,-35.13,131.4,45.87,70,-0.4918,4.1,2.01,-0.51,3,4.41
310.2,273.5,3.862,220,-21.28,-32.25,-88.91,-3.456,4.922,-100.6,-101.2,126.3,-80.23,-47.3,21.59,-119.7,-52.97,212.5,56.3,-217.5,-43.03,151.1,25.14,64.88,49.43,-46.96,220,182.8,2.85,0.27,3.21,-2.6,-3.29
88.82,80.59,-90.11,-20,-217.4,3.757,-72.42,14.32,-69.41,30.72,76.07,-51.27,213.4,-17.31,-92.17,-49.79,196.1,-47.21,163.3,10.92,74.51,-35.34,-60.76,88.01,-16.73,21.89,10,43.77,0.62,-4.6,-0.21,3.93,1.84
-86.53,-86.23,-16.62,-60,-210.5,41.63,20.26,-78.76,-180.9,57.35,14.54,-50.63,100.5,37.31,-177.1,44.73,-45.54,-20.35,69.93,72.3,-115.1,-72.04,-241.7,-3.86,-173,11.41,NA,-68.63,1.99,3.81,1.68,2.3,1.1
3.078,-6.274,40.83,130,-39.47,-42.62,-28.29,89.53,39.35,-30.87,81.09,68.81,-71.65,-120,96.76,8.722,83.19,40.64,-43.32,-69.33,5.679,70.06,111.7,-39.01,82.13,13.67,110,-14.33,4.49,-3.51,-1.73,-1.22,-2.6
-142.6,-129.9,-147.1,-160,-277.8,90.2,106.6,17.39,-117.7,98.72,43.45,-46.62,114.3,-81.53,-192.3,149.6,58.56,-24.58,184.4,-52.12,-113.3,-49.12,-168.7,106,-56.07,103.1,-80,-114.3,3.36,-0.37,0,-0.73,-3.75
256.8,253.4,9.77,200,33.33,-27.75,-103.8,-107.3,36.79,-92.74,-225,113,-126,-106,10.55,-87.46,-190.2,140.6,-73.43,-162,-20.65,180.8,2.174,77.93,-37.36,-107.8,200,175.7,-0.09,1.09,4.44,-1.09,0.19
-81.05,-75.68,-97.05,-40,-142.9,15.86,-17.5,-72.15,-65.37,83.34,-32.38,-104.3,-20.11,7.017,-266.2,-4.498,5.315,-68.63,151.8,122.6,38.82,86.28,-15.55,36.36,67.24,36.26,50,-62.97,2.55,0.3,-0.33,-2.72,-2.88
103.8,95.82,66.99,0,-180,-85.5,-80.51,48.78,2.68,4.346,12.65,-72.2,122.8,9.772,20.33,-47.74,27.74,-85.52,200.4,163.1,144.9,-123.8,-57.56,-7.165,-12.59,-92.68,30,54.98,2.4,-0.5,-2.96,-3.1,-0.19
19.62,9.81,68.92,30,35.71,-3.638,-33.51,-2.399,110.2,-26,96.16,67.96,-86.3,-145.3,121.7,-9.211,132.1,-17.43,14.22,9.039,89.83,90.73,151.8,-36.07,147.3,47.9,50,-0.6916,-0.58,4.7,-1.4,0.49,1.3
310.8,273.6,-7.905,210,-32.61,-21.4,-73.28,-43.34,34.14,-92.29,-129.4,115.3,-132,-24.9,42.32,-110.8,-96.73,184.1,-55.28,-224.3,-20.39,165.2,29.56,72.8,53.15,17.1,220,195,1.26,4.55,-1.77,2.55,-2.92
-179.1,-174,-50.84,200,11.11,48.88,179.8,-117.8,116.4,129.4,-89.77,-70.69,-88.87,-100.6,99.05,124.2,-94.9,74.49,-97.24,23.99,86.2,-47.77,45.4,197.7,24.73,5.38,250,-138,0.95,4.14,0.32,-4.36,4.18
-89.24,-78.4,-67.15,-60,-315.8,43.47,-0.9642,102.4,-108.5,62.4,30.64,-27.86,175.6,89.14,-14.42,62.76,-65.61,-67.82,77.16,56.89,-152.4,-19.28,-184.3,44.86,-41.86,-60.14,-30,-62.59,4.02,0,NA,3,-4.06
-11.39,-5.696,-161.2,180,-127.9,143.1,-0.9642,96.65,-12.52,-33.91,229.9,116.8,66.85,-327.8,40.19,-106.2,121.1,86.74,45.69,-82.18,3.9,166.1,143.9,39.08,109.6,71.77,200,0.6916,-3.35,-4.69,-4.82,3.58,1.33
83.54,78.93,-106.4,-40,-238.1,13.35,-66.05,-23.91,-63.9,39.97,47.25,-53.78,203.9,19.81,-74,-97.27,173.3,-100.5,191.2,-1.429,70.97,-23.87,-75.46,87.25,-36.35,16.23,0,48.76,-2.16,3.04,4.11,4.65,-3.24
99.16,84.46,37.16,-20,-173.9,-63.43,-84.06,61.32,-121.6,-27.75,52.47,-79.86,220,NA,-113.4,-96.53,37.96,-120.9,116.9,-10.07,58.79,-87.76,-116.1,-0.4011,-60.56,-182.5,10,68.93,-1.58,-3.24,1.11,1.52,-1.38
10.34,2.261,30.71,160,-36.59,51.58,-26,88.72,76.91,5.766,NA,64.43,-143.5,-146,204.6,NA,168,24.98,-144.8,-65.76,58.79,142.2,135.6,-6.384,109.6,26.71,170,-1.42,1.98,-3.37,2.52,-3.99,3.94
265.1,251.7,39.82,230,-10.42,-37.65,-95.68,-21.26,86.5,-29.7,-110.5,86.63,-147.2,-83.74,150.6,-84.43,-123.6,117.2,-190.9,-141.6,-45.05,174.5,42.97,47.16,26.79,86.1,210,200.8,-2.83,-4.06,1.01,2.94,NA
-0.2793,-0.1397,18.95,130,-39.47,23.82,-37.61,96.52,36.54,-9.823,149.9,46.58,-103.7,-115.7,34.4,-34.59,85.26,-15.26,-45.28,-13.63,58.36,125.1,104.4,-40.19,131,10.91,140,1.735,4.15,0.52,0.15,0.36,3.86
-147.8,-134.9,-163.7,-60,-289.5,117,66.91,97.11,-151,116.1,73.73,-21.95,188.5,-66.46,-10.43,NA,-69.45,1.505,78.21,-69.32,-129.3,-75.86,-257.1,86.95,-131.5,83.37,30,-113.7,4.36,3.39,-4.32,-3.27,-1.12
206.8,191.6,-34.76,170,-35.71,-27.37,-72.91,12.39,67.9,-72.66,44.8,105.5,-54.35,-87.1,40.94,-139.7,-94.48,144.2,-175.2,-217.8,114.9,235.7,-72.39,113.2,-15.75,-43.41,180,113.8,-1.76,4.47,0.19,3.82,4.24
2.132,-6.287,-5.951,110,-13.89,61.65,-11.67,29.44,65.99,5.849,93.06,73.9,-147.7,-152.9,50.27,-12.26,174.5,NA,0.3202,-58.83,53.74,158.6,164.2,57.57,169.9,90.15,120,-4.2,-4.31,1.8,-1.44,3.54,4.38
-135.5,-126.6,-132.9,-140,-181.8,92.47,73.11,-93.61,-79.87,103.6,44.8,-13.57,78.58,-64.84,-240.3,98.16,79.63,-1.06,216.3,-20.11,-85.91,-80.16,-115.5,91.83,-19.73,108.5,-80,-99.16,4.2,0.76,0.08,3.75,-1.05
82.52,78.03,-13.2,-50,-150,NA,-77.62,-9.733,-59.48,29.72,64.91,-110.1,150.8,22.31,-30.8,0.4847,158.9,-126.9,148.8,-20.11,84.33,-21.85,-58.65,53.76,53.42,-67.65,0,55.7,3.02,-0.36,0.97,-4.56,-3.69
74,70.09,74.28,-30,-204.5,-7.964,-82.33,58.59,-65.22,37.07,76.3,-95.39,171.9,39,-71.7,-25.53,153.3,-136.6,178.3,75.67,36.89,-64.12,-84.98,22.54,9.627,-70.34,0,49.49,0.51,-3.74,0.14,2.38,3.17
-104.8,-92.57,-115.7,80,-75.76,-8.132,3.511,39.78,116,70.58,4.996,-27.61,-148.2,-76.74,162.2,83.77,13.28,-21.49,-104.5,-76.71,57.63,-1.282,197.8,64.5,208.8,89.19,60,-76.22,-3.59,-3.9,-1.52,1.01,-1.56
-140.6,-128.3,-116.8,-210,-375,57.11,60.52,26.29,-57.99,92.43,57.88,-44.63,67.9,12.04,-59.23,137.3,1.699,-68.96,72.06,60.46,-94.01,-47.23,-78.54,89.51,14.01,78.19,-120,-109.6,2.98,-1.22,-0.91,-1.7,-1.64
126.8,103.6,63.33,0,-260,12.53,-88.33,133.9,-165,23.42,99.06,-72.44,204.2,-8.253,-81.3,-34.32,186,-92.05,228.4,19.18,-80.44,-67.9,-193.6,NA,-92.71,-87.05,50,72.67,3.02,-2.97,1.9,-0.97,0.92
19.3,9.651,40.35,240,30.61,15.79,-37.66,-101.9,32.61,28.62,-170.4,45.44,-6.51,-124.1,31.56,51.47,-75.51,42.02,8.729,-257.6,35.16,93.29,-115.5,56.51,-102.6,84.42,250,-5.556,-4.12,1.79,-2.48,1.37,3.72
16.54,8.272,27.42,140,-12.82,-3.782,-31.33,-38.7,93.02,-7.796,116.9,54.16,-91.68,-107.2,9.5,-58.37,208.2,88.85,19.51,0.9764,66.99,93.67,188.1,7.189,155.1,82.59,180,5.556,0.84,4.17,0.57,1.11,-2.24
124.1,106.7,-1.711,-30,-250,-14.66,-75.66,89.61,-176.2,-15.43,65,-101.5,240,74.6,-161.1,-94.62,16.18,-120.3,156.9,49.53,-23.81,-50.67,-118.5,5.105,-26.94,-99.87,20,83.33,-4.09,3.8,1.91,4.46,1.93
281.3,270.1,-9.213,210,10.87,-11.39,-94.67,-82.71,62.82,-46.29,-157.2,116.8,-154.4,-64.05,6.106,-95.7,-146.9,142.1,-97.71,-142.3,17.38,208.2,12.2,122.2,20.21,-20.73,210,192.2,1.02,2.31,3.09,-1.64,-2.21
245.4,229.8,56.04,200,11.11,-7.045,-85.17,-81.99,130.4,-39.7,-149.6,115.2,-160.7,-47.14,145.3,-75.95,-163.3,88.85,-235.1,-139.8,96,215.4,8.094,105.1,-9.568,-14.5,170,160.2,1.19,-3.25,2.35,-2.58,3.65
-81.8,-63.22,-123.3,-100,-233.3,101.7,-21.83,137.6,-96.73,94.17,122.5,-70.78,28.46,-26.01,-19.35,65.83,-115.1,-72.81,-53.25,-2.665,-125.4,143.4,38.34,-38.66,115.4,59.87,-40,-54.89,2.38,-0.84,-3.89,3.27,-2.12
244.9,240.2,-99.43,210,-10.87,-102.2,-77.05,-4.387,39.43,-173,-69,113.9,-110.7,104.3,82.55,-107.1,-156.9,187.7,-193.8,-268,-86.06,140.1,128.6,-68.6,62.52,-26.35,220,182,4.01,3.37,2.2,-4.47,0.53
-3.655,-7.262,-53.51,60,-32.26,33.85,-25.36,74.72,49.47,-12.94,152.4,49.55,-33.96,-60.07,128.5,9.302,117.1,-95.72,7.166,84.66,47.3,130.2,164.6,-30.93,184.7,116,90,-11.02,2.19,-0.23,-0.49,-4.17,2.26
-10.96,-14.54,-33.7,20,-74.07,-2.205,-49.48,-11.72,26.04,26.55,57.02,53.94,-0.05695,-137,-96.8,-45.13,62.66,-26.93,29.81,-29.95,-74.37,2.142,141.9,19.09,127.2,157.2,40,-11.39,-0.68,-3.52,-1,1.91,-4.32
82.6,72.1,44.42,50,-200,41.96,-70.16,178.4,-153.4,22.3,95.42,-13.35,223.9,-14.61,22.77,-26.83,108.5,-148.8,119,108.2,-179,48.01,-55.52,12.03,18.52,69.96,80,48.36,-1.07,4.16,2.99,0.33,-0.75
82.6,72.1,139.4,-60,-184.2,-72.5,-70.16,61.38,-24.17,-10.81,-8.988,-41.88,82.02,76.32,6.67,-5.866,-57.62,-66.71,-6.986,-32.89,-20.35,-27.48,-46.61,19.09,-26.2,-119.2,-50,35.66,-0.62,-0.93,0.34,-3.82,-1.41
-164.7,-155.6,-53.27,20,-148.1,68.33,180.3,6.696,-8.297,103,56.82,13.07,81.05,-142.6,-6.235,144.1,-17.82,54.96,18.45,-57.46,-119.2,-55.96,-102.3,142.5,-5.567,185.5,90,-126.9,2.1,-4.91,4.14,-0.21,3.87
215.9,227.2,-47,240,-51.02,-9.871,-83.61,75.36,-75.51,-117.5,-171.1,130.6,-135,-65.9,49.28,-131.4,-227.3,170.8,-112.2,-89.61,-136.2,156.6,18.19,24.43,-35.26,109,250,185.8,3.66,-1.58,4.32,3.13,0.19
-118.5,-109.5,91.33,-70,-194.4,7.037,84.34,120.4,-146.8,15.18,56.21,-30.59,146,75.47,-141.4,68.68,86.94,-40.49,150.1,12.42,-207.5,-98.53,-271.2,-147.2,-57.03,-135.1,-20,-82.51,-1.63,4,2.18,-0.03,3.46
-18.07,-13.35,59.41,20,-55.56,3.867,-19.63,16.43,53.7,-4.465,114,71.83,-50.52,-193.4,10.75,1.705,215.7,-20.09,84.77,-91.01,27.57,98.39,132.6,-27.89,120.6,9.124,NA,-3.856,-4.41,3.36,-4.13,-0.2,3.43
-12.05,-4.587,-78.95,100,28.57,-13.04,-43.62,-55.34,65.87,-3.353,62.96,104.2,-81.38,-107.5,-55.22,-58.49,112.7,-5.514,48.15,31.99,55.84,40.51,92.46,0.8843,208.7,9.124,140,-5.398,-1.84,-0.23,-4.55,1.05,-2.15
93.88,100.1,-182.2,50,-116.7,-78.56,-75.61,18.32,-85.36,-39.68,89.99,-41.38,151.7,-15.08,-143.4,-95.79,120.4,-64.53,141.2,5.432,14.41,-5.429,-7.379,55.82,-49.12,-115.2,80,94.85,1.36,3.44,2.72,2.44,-3.99
233.4,230.2,-56.16,210,-97.83,-26.78,-91.61,125.9,-102.7,-46.35,-121.3,42.72,-112.2,-33.56,85.86,-112.7,-136.3,22.9,-126.1,-95.2,-144,157.5,28.74,65.62,42.93,65.39,210,180.6,-1.32,-3.8,1.58,0.95,0.28
17.07,32.96,-213.9,0,-200,-35.23,-67.62,65.9,-112.6,8.88,13.82,-6.874,89.98,10.79,119.8,29.26,63.75,-113.3,5.58,125.6,-36.32,-3.285,-118.6,58.43,-142.6,-131.7,10,34.39,3.9,-1.3,-3.48,-1.7,1.59
218.1,227.1,35.23,220,-10.64,-66.16,-119,0.2623,64.55,-122.3,-133.4,139.3,-141.9,17.53,115.5,-170.1,-198.6,141.6,-138.3,-185.3,8.305,103.4,-3.067,46.11,41,-122.2,200,179.7,-3.33,3.59,1.54,0.74,3.49
-91.02,-83.7,-100.6,-70,-194.4,37.85,24.55,-7.738,-128.7,67.23,25.66,-101.7,114.8,95.56,-151,NA,132.6,-60.39,217,-16.61,-141.2,55.65,-133.2,-53.78,8.014,-60.34,-10,-64.42,-3.05,-1.59,4.44,0,-0.32
-8.274,-4.137,56.31,20,-74.07,-30.53,-53.77,139.1,-95.64,-42.2,93.26,72.38,29.22,-100.6,-28.09,2.648,100.9,-28.58,22.73,-3.411,-46.2,3.82,110.7,-89.15,-16.5,36.4,50,-2.437,4.66,0.44,3.68,-1.82,4.53
-156.6,-137.3,-157.3,-80,-147.1,122.6,122.4,-28.62,-41.14,128.1,56.68,-3.479,101.7,NA,-69.5,165.5,26.18,-47.08,47.66,-53.28,-99.62,-46.18,-60.34,131.9,24.95,172.3,20,-116.6,4.3,-3.38,3.72,-4.07,1.82
76.83,76.61,67.87,120,-121.6,-57.49,-92.93,193.5,-85.73,-14.07,37.59,-67.23,150.4,55.4,59.91,-53.93,-8.773,-46.34,-69.76,65.52,48.24,-93.97,-16.72,-48.87,5.785,-93.99,130,56.75,-3.38,-0.87,-2.83,-3.2,3.52
-102.8,-93.09,-44.01,20,-185.2,34.96,50.65,82.16,-121.2,51.43,63.83,-43.64,135,56.55,-88.91,6.103,19.03,-81.11,119.4,128.6,-191.4,-74.48,-207.1,-145.8,-69.55,-59.08,40,-68.59,-1.72,4.12,2.13,4.39,-2.31
93.97,92.12,-55.18,60,-161.3,10.89,-86.41,103,-143.5,15.98,119.5,-104.8,236,-13.44,-5.443,-36.22,166,-69.27,119.4,124.2,48.78,-38.09,-39.1,16.63,21.83,-19.96,100,68.59,-0.06,3.47,-1.39,-4.19,-0.82
-14.18,-10.56,-96.09,20,-55.56,18.59,-1.561,114.3,-8.113,-32.95,206.2,16.92,-29.01,-151.1,30.79,21.65,177.9,-131.4,122.5,61.12,94.64,170.7,179,-36.1,110.1,29.25,30,-8.008,0.92,-3.64,-0.13,-3.26,-3.8
3.132,4.771,64.74,10,-38.46,-42.91,-51.6,39.68,83.67,-9.833,116.8,34.32,-41.82,-88.5,92.15,63.67,117,-40.95,57.86,-40.05,52.76,21.87,81.57,-84.01,109.5,22.51,30,3.281,2.72,0.45,-3.22,2.14,-0.95
17.22,8.612,7.672,0,20,16.85,-7.233,-23.69,80.63,6.099,140.4,16.81,-84.24,-86.29,1.142,83.27,179,-83.35,80.72,15.99,125,87.04,148.2,13.69,47.53,40.14,40,2.953,0.44,-4.31,-0.64,-1.97,3.01
-93.95,-85.43,-11.65,-10,-104.2,17.77,51.92,-94,11.97,84.6,-7.335,-72.59,77.34,161.1,-144.6,21.33,93.24,-42.25,178.8,71.02,-9.039,5.901,-114.6,-137.9,-36.65,-61.86,50,-60.04,1.91,-0.25,1.03,-2.79,-0.01
100.2,101.4,76.48,80,-15.15,-80.61,-95.96,1.543,5.284,-50.64,85.58,9.31,122.8,-11.96,-46.21,-44.14,68.84,12.55,73.1,129.1,111.6,-138.8,33.02,-48.18,-38.04,-46.13,120,78.41,-4.08,-3.46,-3.24,-2.58,4.25
NA,-141,-175.1,-70,-166.7,46.27,170.2,37.87,-131.4,22.03,40.65,60.58,185.4,-45.24,-139.4,91.11,-3.684,5.375,84.53,-0.02176,-209.3,-127.4,-92.62,49.52,-79.2,-83.31,0,-119.4,-1.8,-0.1,3.96,-2.75,2.28
92.38,94.27,-145.1,70,-31.25,-89.8,-81.17,-21.34,-14.16,-50.25,9.421,-46.96,70.28,46.83,-104.7,-35.91,105.8,-3.106,79.76,-94.08,71,-74.26,55.37,-7.444,-40.81,-100.5,130,81.69,2.64,3.89,-0.67,-1.61,3.3
220.7,207.6,18.83,220,0,-89.47,-106.8,-49.61,107.9,-117.7,-162.4,129.5,-241.1,-91.56,114.5,-93.88,-155.7,131.7,-164.3,-237.8,47.4,159.3,-2.711,-44.67,89.29,-66.25,210,165.1,-3.22,-2.19,-2.63,2.96,-0.72
-94.41,-95.82,-10.48,0,-100,-17.91,63.08,-16.57,-28.75,39.01,-40.05,12.22,37.61,7.972,-56.93,54.26,-19.83,-19.48,70.9,18.31,-60.19,-204.8,-82.91,-127.7,-2.19,-43.35,70,-82.36,-4.45,-4.52,-4.42,-4.94,1.05
-155.6,-143.8,-84.28,-50,-125,120.4,219.4,106.9,-64.48,101.6,128,39.05,159.1,-91.56,-131.1,162.4,110.6,-14,194.9,-64.5,-193.4,7.825,21.2,15.89,72.33,144,50,-122.3,-2.28,3.66,-2.71,4.91,-2.36
23.27,15.11,-1.858,20,-37.04,-49.82,-52.45,19.76,90.38,-35.42,118.7,9.151,-2.866,-91.56,29.74,49.86,102.8,-106.4,35.62,8.115,55.09,43.2,137.8,-50.02,66.16,35.89,50,13.18,-4.75,-4.21,-0.3,-4.9,1.54
-56.52,-52.56,-32.93,-130,-166.7,108.8,NA,-55.21,-137.5,108.2,-81.09,-80.56,176.4,64.55,-110.6,167.7,-89.7,-94.69,188.5,-109.1,-150.9,90.94,-185.6,53.66,-139.9,37.76,0,-51.98,-4.83,-3.15,2.21,NA,1.17
-13.96,-6.981,-129.8,-10,-83.33,101,15.51,171.7,-81.16,-37.17,194.6,128,8.699,-150.2,19.14,18.65,150.2,-38.29,14.24,-30.1,-21.76,175.4,137.1,-21.52,-47.41,79.07,20,0,NA,0.4,-3.6,-4.66,-4.46
-122.3,-107.6,-174.5,-80,-294.1,89.12,86.41,-45.71,-113.5,117.8,-54.22,-156.1,98.02,103.1,-151.5,94.16,-98.06,-108.1,78.11,90.32,-68.07,108.1,-251.6,NA,-201,-196.5,30,-83.33,4.46,-4.46,-1.28,-3.3,-0.73
86.28,78.85,-125,-20,-260.9,1.436,-85.01,14.15,-125.6,32.06,24.51,-68.01,201.2,32.4,-130.1,-53.81,NA,NA,127.2,78.46,-27.88,-44.73,-126.7,94.11,-78.7,19.71,40,63.79,4.18,-2.94,3.89,0.07,4.79
-159.6,-144.1,-138.3,-50,-200,-15.15,73.22,5.349,-28.02,79.43,-11.54,-17.88,77.12,-51.5,-3.353,110.5,-84.46,8.858,20.44,20.31,-73.55,-168,-202.4,59.47,-150.3,-5.729,-20,-120.6,-1.45,1.53,3.82,4.6,1.29
2.717,4.93,71.62,130,0,5.386,-41.06,14.86,61.01,5.438,94.96,42.19,-43.54,-151.8,-104.1,-71.34,-8.678,0.03343,-44.59,-67.51,40.43,43.31,192.7,60.32,123.7,25.74,160,-1.106,2.13,4.86,1.32,-1.64,4.42
284,267,53.8,160,-24.39,10.13,-85.01,-115.1,113.1,-1.823,15.81,45.51,66.34,29.93,45.39,-56.66,-123.3,26.51,-61.77,-177.9,121.5,208,-22.52,28.21,-10.41,105.4,150,184,-1.66,-0.59,-2.54,-1.15,1.71
84.92,85.32,53.35,-40,-190.5,-65.71,-102.6,31.64,-45.22,36.9,23.27,-86.81,110.2,20.06,-30.65,-1.223,70.99,-157.3,189.8,16.75,25.82,-53.81,-33.38,-14.03,59.98,-160.4,-10,70.8,0.61,-4.11,-3.5,0.82,-3.06
240.5,231,55.64,220,21.28,2.226,-80.61,-59.92,74.67,-31.9,-157.4,80.89,-196.6,-64.66,28.49,-146.3,-240.9,67.69,-209,-156.5,4.998,203.8,-14.03,38.77,-40.99,39.46,210,181.4,-3.2,1.95,0.41,-4.12,4.24
-8.737,-11.72,-174.5,20,92.59,124.2,33.24,-2.355,115.9,-43.36,223.6,107.3,-17.79,-247.2,-114.1,67.89,134.5,-62.64,108.9,-31.91,17.65,166.4,199.6,58.51,177.5,17.09,70,-12.62,4.74,-4.71,-4.77,-1.76,1.42
-99.46,-93.85,-91.24,-80,-117.6,29.9,68.6,-125.6,-76.58,77.36,-41.9,-96.97,26.34,113.8,-285.8,59.77,97.04,22.05,260.7,-10.42,-99.98,72.97,-95.9,-62.83,-55.04,-143.9,30,-76.26,-1.78,-4.05,0.24,3.8,-0.19
71.91,72.72,24.8,70,-125,-96.09,-77.92,9.912,-91.07,-61.66,35.85,-131.3,141.7,56.17,-78.36,-76.68,10.44,-94.04,-34.57,23.71,97.34,-85.15,-79.92,-99.83,-52.08,-145.7,120,59.07,0.29,2.79,-2.47,-0.69,-4.47
243.3,228.3,-30.04,210,-54.35,-7.809,-82.98,38.9,-68.46,-85.59,-182.7,53.03,-236.1,-36.35,69.7,-80.53,-186.2,168.8,-171.7,-360.6,-31.8,217.2,-79.21,-11.41,-117.7,-31.03,230,164.8,1.18,-4.39,-0.5,2.51,4.22
-13.44,-6.72,39.47,60,-16.13,-44.67,-52.66,125,34.73,-58.84,120.5,97.53,28.66,-93.98,77.57,24.27,81.43,-49.5,-14.68,-9.158,-36.6,46.57,17.74,-92.31,66.51,38.22,80,-14.08,-0.83,2.51,4.96,2.79,4.34
-167.3,-153.5,-179.5,-150,-300,58.19,144.4,67.4,-110.8,82.63,78.89,-37.22,108.4,0.05055,5.325,122.2,-53.54,36.65,20.92,118.5,-138.4,10.3,-140.6,54.43,5.948,123.7,-120,-124.5,-0.82,-2.47,-0.59,-0.52,2.95
203.6,186.4,62.06,240,-71.43,-48.95,-93.08,144.6,-77.16,-89.81,-68.31,98.8,0.7914,20.53,69.7,-133.1,-220.5,90.68,-175.9,-227.8,-168.1,NA,46.15,-29.91,-14.38,53.51,250,127.5,2.61,-3.3,1.15,-0.52,-1.29
-101.5,-94.86,3.297,-40,-214.3,73.62,53.45,18.45,-127,88.26,39.27,-61.38,159.5,64.51,NA,106.8,65.05,-70.68,174.8,40.14,-128.8,53.53,-217.3,-58.44,-79.18,-62.51,70,-87.23,-4.82,-3.87,-3.15,4.15,-0.87
-116,-101,-108.8,-190,-333.3,113.7,50.48,89,-169.7,74.21,67.19,-27.15,197.2,48.6,-65.74,159.4,-95.18,-36.52,54.77,-112.8,-212.1,-77.89,-264.8,64.33,-137.3,-94.6,-100,-78.68,-2.43,-1.63,-1.16,-1.81,4.92
-111.5,-94.8,-196.9,-120,-307.7,93.99,133.9,-21.89,-148.1,19.4,-78.33,-56.81,224.1,113.5,-149.3,132.5,61.3,-94.45,178.2,-114.1,-209.1,86.59,-199.7,3.991,-168.1,-141.8,-70,-63.95,-1.59,-1.65,2.1,1.03,-3.56
228.1,219.5,-38.86,140,-64.1,65.43,NA,-91.29,67.28,24.25,82.48,41.77,7.983,15.74,-73.98,-129.9,-89.45,15.82,-62.01,-187.8,43.62,264.8,72.68,10.27,121.5,106.9,180,147.7,-4.51,-4.33,-3.76,1.12,0.83
83.76,80.94,-44.88,0,-260,45.73,-79.33,118.1,-167,8.592,82.48,-103.6,234,88.03,-87.5,-16.42,98.17,-162.8,117.1,7.02,-3.398,-1.013,-109.6,-64.36,15.81,-65.94,60,62.02,0.99,-0.59,1,-2.83,-1.14
227.4,219.2,31.31,240,30.61,2.407,-93.24,-116,125.7,0.01657,-167.8,67.67,-167.7,-74.63,104.3,-116.4,-223,38.85,-122.1,-179.9,36.59,214.4,38.37,65.02,6.62,73.35,220,163.6,3.12,1.02,3.38,-2.3,-0.26
0,-3.906,114.2,-30,-22.73,-5.471,-46.88,12.01,103,49.23,62.09,-50.55,-130.9,-22.88,-17.5,113.5,70.31,-8.608,21.4,-186.5,28.68,113.4,193.6,-60.88,246.1,16.49,0,-4.651,4.81,-2.73,-2.57,2.63,1.72
81.83,79.98,85.74,40,-137.9,-96.07,-97.88,16.78,-43.11,-5.203,36.6,-57.65,115,44.49,-96.33,-61.97,117,-80.49,127.1,86,-7.354,-84.14,4.412,-31.93,41.56,-124.6,90,68.99,0.54,-0.61,2.52,1.58,-1.54
72.06,74.22,2.521,-10,-104.2,-80.18,-78.71,4.548,-43.05,-12.61,46.75,-128.1,-6.166,64.2,-124.3,-40.88,14.96,-170.3,78.21,74.44,86.94,-36.62,70.27,-121.4,48.08,-90.81,20,64.9,4.66,2.04,2.33,1.81,0.04
222.8,219,7.023,220,10.64,-55.86,-88.34,-69.93,74.32,-88.87,-166.6,106.6,-178.8,-53.71,72.54,-131.9,-128.3,175,-141.9,-77.34,-67.77,207.2,57.72,49.11,24.47,6.856,220,185.1,2.35,-2.95,1.55,-1.41,4.94
-111.8,-101,-49.73,80,-212.1,13.03,41.71,37.73,-49.84,83.4,-33.92,-78.83,108.9,82.87,270.7,-90.07,61.65,-56.56,83.11,212.2,-83.09,21.98,-226.9,-21.83,-141.3,-114.2,90,-82.6,1.85,1.07,4.07,3.56,0.05
2.206,-2.369,-49.91,100,-42.86,17.09,-35.36,-5.039,56.68,24.82,85.54,52.42,-25.9,-204,-31.46,-49.01,81.21,-24.06,41.53,9.392,62.65,89.74,177.6,56.55,128.3,100.6,120,0,-0.54,-3.46,-0.25,-4.16,2.47
-113.2,-101.8,-63.06,-20,-217.4,1.888,27.26,39.95,-144.1,50.12,13.68,-77.85,99.89,77.96,-121.6,77.25,-46.88,-97.99,67.21,73.17,-130.9,-43.64,-303.3,-103.6,-109.2,-198.5,20,-78.91,-4.18,-0.59,1.25,4.05,1.1
-161,-146.5,-190.5,-90,-218.8,139.7,181.4,117.5,-270.3,12.69,111.5,53.39,182.9,-13.42,-127.6,150.5,54.08,-69.56,116.1,56.59,-251.3,-14.64,-127.9,-167.7,-118.1,34.2,-20,-128.7,-4.8,-3.22,2.55,1.89,-2.78
54.41,61.93,-73.83,-50,-125,32.28,-59.44,51.74,-125.1,-40.69,98.76,-20.77,337.5,-28.16,-85.44,-26.55,117.2,-93.12,169.9,-9.74,52.19,-66.53,45.92,61.7,96.2,70.66,-30,62.68,-0.4,-3.11,0.43,1.62,4.47
-152.1,-135.7,-99.28,-110,-321.4,111.7,135.8,174.3,-134.2,102.6,87.42,-52.48,142.3,-120.5,-86.45,155.1,-14.5,-18.47,66.92,-70.08,-175.7,25.82,-114.3,94.72,-41.41,138.6,-80,-110.9,-1.9,2.34,-3.78,2.15,-0.63
2.525,3.186,-7.652,30,-53.57,20.74,-29.58,103,-12.81,-21.32,148.8,83.44,1.614,-112.1,-34.55,21.24,136.7,-8.483,82.82,27.38,-26.28,101.3,222.3,4.306,48.91,83.64,50,-1.849,2.91,4.26,1.45,-3.82,0.76
231.7,213.9,16.82,210,0,-93.79,-99.53,-21.96,48.38,-144.8,-204.7,110.9,-215.5,-106,23.68,-123.6,-207.4,124.4,-151.2,-265,27.63,272.9,37.93,14.16,37.74,-106.9,210,154.6,1.35,-2.69,0.78,4.25,0.85
200.1,186.6,49.04,210,10.87,-95.83,-112.3,-59.03,136.9,-117.4,-146.4,137.6,-196.4,-102.4,145.2,-134.6,-219,119,-305.7,-228.1,78.33,184.7,14.67,-63.59,35.21,-82.58,200,126.8,0.25,-3.24,-3.88,3.09,-1.99
78.28,79.53,-33.09,80,-106.1,-103,-80.46,52.32,-67.41,-58.49,18.91,-96.98,133.3,53.75,36.97,-74.54,103.8,-16.93,111.2,101.2,122.1,-136.7,38.35,-79.42,72.24,-110.8,90,61.02,-2.9,-3.36,1.41,2.15,4.55
-99.75,-90.26,-63.92,-10,-104.2,34.03,53.08,-72.1,-39.17,70.52,-4.707,-41.97,93.88,61.01,-145.3,69.36,-77.62,-137.5,91.91,108.6,-112.7,-55.09,-94.42,-63.24,2.735,-67.52,30,-69.53,1.08,-2.11,-4.5,-2.11,0.13
-6.944,-5.395,-34.07,20,0,25.85,-29.58,-22.21,128.4,49.16,89.78,-58.96,-105.3,-81.8,1.527,148.7,139.3,-134.5,89.64,-44.97,32.43,118.7,251,-40.72,204.2,3.931,70,-14.42,-0.76,-3.1,-1.82,-4.65,1.16
233,223.1,2.439,170,11.9,-37.41,-90.85,-79.06,74.28,-39.9,-121.3,64.53,-179.6,50.59,73.52,-80.99,-142.2,74.19,-190.4,-92.19,-44.3,243.6,53.83,9.775,101.3,48.45,180,103.6,0.48,-2.79,-1.13,-1.8,-2.32
92.78,86.83,18.39,110,-125,-51.97,-90.85,129.9,-90.72,-32.06,101.6,-56.64,166.2,58.87,25.52,-41.34,115.7,-55.39,52.21,-56,-7.005,-100.5,-1.075,-89.46,117.2,-35.26,120,66.69,3.06,3.71,1.07,1.92,-0.01
132.4,121.4,80.23,240,-30.61,-120.9,-80.43,52.09,-31.84,-95.97,-127,-41.73,-44.52,67.14,114.8,-128.9,-202.4,98.41,-172.4,80.05,137,-67.84,-105.7,17.66,-142.4,-51.65,230,89.05,-2.79,-2.05,0.64,-1.09,-2.71
-93.48,-87.18,-115.5,-80,-88.24,16.94,23.81,-41.5,-87.48,69.88,-10.45,-68.95,49.03,101.3,-189.6,92.9,126.2,-8.766,214,-62.24,-76.03,61.3,-61.19,-69.41,48.7,82.1,10,-79.73,-4.19,4.29,1.48,3.33,-2.1
-24.79,-19.75,92.87,40,-68.97,-50.03,-49.16,97.4,5.044,-28.53,144.7,8.158,66.98,-79.69,-13.97,55.72,109.8,-48.73,78.89,-82.21,9.656,3.669,63.04,-47.73,15.4,96.72,40,-15.28,0.32,-3.44,1.39,-1.65,4.87
-4.958,-13.51,-58.36,30,-35.71,-0.5294,-28.31,26.92,-0.7794,-6.968,140.9,49.63,31.08,-117.9,-101.5,8.223,188.4,-10.58,99.54,21.39,23.14,46.72,113.1,-33.27,82.48,129.1,70,-10.06,-3.14,-3.09,2.19,-2.71,3.07
177.1,191.5,57.3,240,-20.41,-106.3,-101.3,17.36,69.75,-104.2,-106.1,99.52,-181.5,-75.55,210.2,-186.7,-249.6,106.3,-332.4,1.418,-47.07,159.5,-35.54,-8.954,-25.62,50.22,210,136.7,-4.86,1.99,4.47,-4.05,1.34
-1.5,0.7562,3.381,0,-20,-6.605,-28.21,139.7,-22.08,-57.34,139.4,97.35,-34.71,-127.1,87.04,-4.268,125.6,-138.4,136.4,94.16,102.7,72.48,NA,-19.92,42.11,21.81,30,-0.2962,-1.21,-2.79,2.06,1.02,3.99
-155.3,-142.4,NA,-200,-200,97.98,137.3,-115.4,-44.89,123.2,28.01,-6.816,-4.548,-123.2,-205.7,115.1,-3.451,10.05,108,-38.9,-42.96,-78.29,-36.02,142.9,22.7,170.2,-100,-116.1,-0.56,-4.84,-1.96,-2.81,-0.72
-98.33,-77.78,75.11,-40,-190.5,126.3,-19.5,81.87,-103.4,137.3,42.54,-11.78,126.1,-89.28,-153.6,57.22,32.02,65.23,117.4,-56.45,-113.9,9.976,-139.3,155.9,-61.74,198.6,30,-68.42,1.73,-3.46,4.94,-3.27,3.41
247.9,230.9,51.02,200,11.11,-106.8,-115.3,-17.04,75.99,-116.6,-55.03,50.58,-119.6,16.5,96.85,-110,20.4,68.34,-62.75,-146.1,-63.08,144.3,26.99,-27.11,90.37,NA,200,167.4,-0.66,0.45,2.32,2.28,-2.3
91.9,89.63,19.66,70,-62.5,-111.2,-80.48,36.3,-19.8,-81.52,50.84,-82.64,190.9,23.29,74.97,-70.58,50.37,-174.9,NA,186.6,27.93,-32.61,121.7,-55.9,74.11,-169.2,90,66.05,1.41,0.98,2.93,3.22,-1.97
14.35,-0.3536,-97.7,-140,-227.3,69.62,-71.77,81.72,-132.3,82.08,101.4,-27.37,42.37,-172.7,-131.7,40.34,-82.96,48.13,33.28,-73.09,-82.24,80.04,12.69,160,133.4,52.56,-80,-12.14,2.45,2.7,3.86,2.69,-4.26
53.34,25.16,37.32,70,-93.75,-105,-97.91,73.09,-190.1,-62.98,-37.03,-159.9,9.973,13.59,49.32,-80.23,-86.63,89.33,-167.1,40.57,229.1,-32.95,29.68,33.89,67.29,-162.7,140,6.813,-1.08,-3.96,1.55,-3.4,3.57
-103.5,-89.39,-56.27,10,-115.4,43.91,58.91,-33.88,-135.4,58.3,-26.66,-52.88,46.83,135.9,-199.6,-21.15,62.6,-42.03,163.7,96.94,-196.7,3.451,-101.7,-52.47,-65.94,31.42,70,-69.31,2.43,3.77,-4.03,-2.36,-1.29
-72.58,-65.9,-164.5,-40,-190.5,50.89,40.95,-18.2,-178.2,52.36,-97.6,-14.61,80.48,84.84,-197.5,6.8,15.64,-194.6,90.58,102.3,-161.5,-27.62,-191.6,4.162,-189.9,18.28,20,-42.07,-1.05,4.49,4.21,-3.17,1.56
30.11,31.5,59.01,30,-89.29,-52.16,-79.88,124.1,9.143,-16.42,52.27,69.49,-44.26,-108.9,55.74,6.358,73.48,-47.77,-14.47,-49.29,11.62,-5.468,38.9,-84.98,87.15,-87.96,20,31.81,2.62,-0.03,1.45,0,0.2
22.04,30.76,-15.75,40,-17.24,-47.34,-64.78,13.73,103.6,-20.41,71.84,14.06,-88.23,-44.35,63.45,-50.16,52.17,-44.03,20.22,84.61,185.2,15.99,120.5,-59.27,117.2,-35.62,50,32.83,4.59,-2.84,-0.32,-0.7,2.14
131.2,134.7,18.09,90,-88.24,-23.26,-110.1,38.89,-18.18,19.08,44.32,-28.63,183.8,-21.84,5.613,-42.21,23.25,24.23,85.62,18.18,109,-48.38,-29.29,68.93,-46.21,NA,130,111.1,2.77,-0.4,1.22,4.11,4.39
-95.7,-80.74,-92.5,-40,-190.5,2.739,63.6,-65.42,-129,25.29,-139.2,-75.77,4.817,111.3,-140.3,22.7,115.3,-31.87,231.3,24.41,-148.2,10.8,-145.4,-63.28,-167.9,21.95,0,-49.59,-2.44,-1.36,2.83,3.78,0.17
91.99,72.89,37.58,-70,-138.9,-46.8,-94.17,-8.062,-39.3,13.9,48.88,-59.05,197.6,10.86,-9.915,-60.62,23.45,-102.3,155.4,7.292,126.4,-101.5,-36.47,31.23,40.86,-66.21,-40,54.18,4.23,-1.82,4.78,4.85,-2.91
74.93,58.03,-21.86,-10,-270.8,-49.07,-106.4,3.743,-74.92,27.84,17.63,-66.01,145.1,13.89,-42.18,4.504,102.3,-28.78,128.4,30.01,82,-93.73,-100.6,23.62,-39.57,-41.28,30,40.94,4.63,1.44,3.08,2.88,-0.13
-22.26,-34.86,152.6,10,-153.8,-42.27,-69.63,146.8,-53.43,12.29,98.71,15.96,30.7,-80.27,9.695,67.19,-6.444,3.091,-43.06,-137.7,-87.39,-8.108,74.52,-80.68,53.04,87.06,70,-36.06,1.45,0.94,3.71,-2.21,0.6
-110.5,-107.5,-108.7,0,-240,15.23,36.73,-64.22,-73.79,73.44,-113.3,-77.41,25.01,86.19,195,1.655,3.52,-71.06,-9.01,81.95,-80.99,37.3,-185.8,7.723,-206.7,-109.8,60,-93.21,-4.28,1.25,1.62,-0.67,-0.38
76.24,67.72,161.6,-80,-147.1,-94.53,-98.69,123.3,-119.2,-36.36,17.39,-44.53,96.01,5.711,-88.51,-19.43,23.4,-50.08,67.05,68.3,-1.509,-97.96,-75.08,-34.33,-64.81,-159.4,-20,52.35,-1.18,-4.45,-3.85,2.27,-4.13
-17.17,-15.16,82.21,10,-38.46,-49.06,-52.37,97.34,46.3,-35.98,167.6,-13.1,-6.45,-94,72.43,1.679,59.6,-49.29,16.85,-126.3,29.86,36.48,164.7,-84.12,158.3,73.98,30,-7.835,-1.85,1.94,2,-1.87,4.03
-85.16,-91.92,-28.15,-80,-117.6,-52.69,50.58,0.3452,-47.88,25.28,-58.53,-63.03,9.204,143.8,-65.63,97.96,-28.08,-75.35,87.12,58.64,-73.28,-68.69,-88.69,-100.6,-75.42,-167.8,-40,-76.92,2.12,-1.96,1.81,-1.76,-3.64
234.9,219.4,14.33,210,43.48,-82.71,-93.55,-73.75,83.09,-77.71,-135.5,89.08,-174.4,-114.1,128.5,-124.5,-63.48,74.66,-129.7,-181.6,23.68,199.9,51.27,-63.73,31.04,128.1,220,178.4,3.44,-0.98,-4.63,-3.9,0.96
206.7,205.3,-9.558,210,10.87,44.63,-57.52,-10.01,31.26,-39.43,-201.8,103.9,-190.7,-25.93,158.1,-122.9,-178.5,35.18,-315.5,-7.622,-41.43,240,41.55,11.94,-19.94,210.6,190,163.8,-1.36,2.38,3.27,2.46,-0.67
-107.8,-103.3,-44.85,-70,-166.7,13.7,9.399,8.974,-50.11,NA,6.625,-34.36,66.13,19.13,-70.06,150,1.679,-78.5,96.16,-69.74,-50.46,-84.89,-170,-42.95,-104.4,-20.07,-30,-85.47,2.07,NA,2.63,-1.56,-2.93
-160,-149.1,40.92,-160,-222.2,34.62,102.1,23.82,-60.7,90.36,28.16,-11.71,34.82,-52.77,-119.5,131.9,34.66,-0.3433,77.08,-11.76,-111.8,-119.3,-132.1,27.63,-75.42,67.77,-80,-132.1,-0.59,-1.99,-4.68,-4.96,1.07
6.181,3.091,-37.48,120,-27.03,43.72,-11.19,89.74,45.75,-38.66,166.5,71.05,-34.91,-253.2,110.1,-106.4,139.2,-52.45,25.88,-11.76,140.1,88.5,150.1,108.8,120.8,54.02,110,12.46,2.64,-3.6,2.43,-1.08,-2.61
64.56,65.17,12.07,70,-125,0.0593,-88.4,17.49,-101.9,21.45,100.9,-58.4,152.9,-72.91,-136.5,-71.43,79.71,-9.028,0.7857,-60.08,143.5,-116.2,-63.09,16.65,-66.03,-3.212,150,56.27,3.71,-2.38,-0.29,-0.71,0.52
-110,-104.7,-41.3,-40,-142.9,87.29,87.73,119.6,-128.7,69.14,93.67,-56.45,124.7,102.5,-103.4,72.6,16.74,-82.36,53.52,93.95,-97.83,0.5822,-118.9,-151,11.51,16.32,30,-89.24,1.39,-2.2,-1.5,1,1.05
-13.79,-17.44,-6.018,30,-89.29,-19.06,-38.16,75,42.62,12.53,145.6,-88.96,34.84,-49.07,74.96,-10.05,139.5,-105.1,161.1,27.76,94.51,49.02,75.29,-76.76,55.12,57.89,40,-12.7,-3.68,3.04,-1.74,-2.83,-1.72
-159.5,-150.5,-110.6,-60,-184.2,44.54,122.7,-120.2,31.74,143.6,-67.66,-72.08,-42,-73.74,-43.1,135.9,-49.59,64.73,38.15,-77.36,-21.7,-14.38,-32.78,71.76,-14.86,-81.33,-30,-129,2.95,-0.98,2.8,-3.24,4.76
59.05,55.13,-4.928,100,-42.86,-121.2,-87.12,2.052,41.26,-27.96,3.658,-24.56,-22.04,-20.88,24.1,-32.04,99.08,28.13,72.99,43.34,29.59,-29.74,71.32,-110.9,47.58,-97.73,130,43.45,-2,-1.29,-1.68,2.56,1
229.5,212.6,-18.76,220,0,-81.62,-94.12,-51.98,71.85,-140.3,-200.6,112.4,-236.6,-138.9,32.26,-185.9,-180.7,90.28,-129.9,-83.85,-120.7,186.1,95.46,-21.57,77.19,90.7,230,181.5,1.06,0.13,0.04,-2.25,1.77
-113.6,-105.6,-50.88,-60,-157.9,-23.34,47.88,43.42,-98.85,35.76,19.47,-34.98,88.01,85.04,-118.6,96.53,1.494,-89.91,77.56,45.03,-118.8,-124.7,-169.6,-131.5,-23.89,-98.11,-10,-88.67,-4.97,-2.91,1.21,0.36,-3.87
51.41,62.29,-19.49,70,-109.4,-67.22,-86.97,58.11,-104.8,-19.06,45.72,-59.58,124.8,-6.457,-82.28,-9.56,50.15,-36.16,28.48,-39.87,29.29,-46.58,-1.528,-1.056,-21.52,-104.5,130,48.49,3.21,1.29,-4.94,4.1,1.44
-160.2,-150.2,-37.02,-100,-200,37.12,118.5,62.85,-148.4,73.71,27.73,-13.38,81.75,-31.96,-52.64,116.2,-23.99,69.64,37.92,2.018,-93.37,-76.98,-202.1,-48.96,-88.48,48.26,-30,-131,-3.53,-3.57,-1.09,-0.33,-0.4
70.89,68.98,-17.11,50,-66.67,-123.8,-93.39,-32.79,-20.65,-20.74,1.004,-71.13,80.97,23.54,-131.2,-63.03,98.81,-103.3,46.41,12.21,70.57,-108.6,14.17,6.596,18.38,-104.5,80,51,-0.89,3.21,-4.33,0.76,0.78
-108.2,-96.8,-169.8,-20,-130.4,13.71,105.7,-60.43,-94.07,29.01,-16.98,-140.4,117,235.8,-121.5,33.22,87.22,-14.33,159.7,64.28,-95.76,54.98,-98.95,-56.61,-44.79,-103.5,50,-76.43,4.02,-0.16,1.87,-0.18,4.93
-31.39,-21.79,-105,0,-60,115.1,22.2,89.91,-37.96,-31.71,124.9,115.2,-66.95,-266,-14.11,28.51,205.4,-16.85,84.17,13.34,-4.453,196.4,159.8,46.52,85.34,11.67,40,-17.11,-2.76,-4.38,-4.08,-0.1,-4.49
-39.5,-25.85,-146.8,20,74.07,199,73.57,26.54,135.8,-52.79,228.9,35.33,-89.65,-120.5,51.83,4.985,101.9,-75.63,95.5,15.6,156.3,129.8,216.9,24.89,127.1,55.58,40,-15.85,-4.02,1.58,-0.92,-0.88,-1.12
-145.2,-133.3,-52.55,-190,-333.3,43.43,75.56,101.5,-110.6,69.56,87.96,-1.703,86.02,-63.81,-41.29,173.7,-56.9,-20.28,21.94,-89.18,-138.9,-36.55,-122.9,-23.57,-4.562,119.8,-130,-110.2,-4.92,2.55,-1.43,-0.33,-1.12
-94.52,-79.4,-66.04,-50,-150,-19.55,16.9,19.15,-128.8,20.81,25.61,-74.89,139.9,100.4,-126.2,13.84,-129.2,-71.82,112.1,-25.26,-137.1,-26.21,-204.4,-86.76,-83.3,-190.6,20,-57.12,-0.95,-1.53,-0.37,-1.26,-1.98
209.6,190.5,45.54,220,42.55,-106.3,-90.65,-110.6,76.35,-58.5,-126.2,77.08,-79.1,-149.8,80.26,-113.7,3.349,69.46,1.642,-269.8,-34.43,115,33.72,54.57,85.9,-58.97,230,135,-4.22,2.67,-3.59,2.08,-0.58
89.04,90.95,-4.236,240,-51.02,-46.4,-80.87,72.84,-107.4,-5.75,47.3,-73.96,160.4,73.75,38.16,-127.8,24.87,74.79,71.55,73.41,41.03,-75.32,-70.94,24.98,-7.912,-19.39,270,45.62,-1.96,1.47,4.25,-4.94,-2.11
-2.055,-1.027,-3.741,NA,18.52,74.41,-7.545,64.68,79.49,-5.75,166.6,67.76,-51.81,-133.4,17.79,-10.95,67.9,-11.4,42.24,-34.98,49.7,118.9,192.1,48.59,97.63,75.79,30,-0.3709,0.67,-0.97,-0.25,-1.53,-4.06
106.2,103.1,-9.325,80,-90.91,-120.7,-75.98,28.97,-49.73,-35.58,75.49,-76.76,137.2,-45.75,-37.89,-73.38,98.88,-94.03,-10.76,-47.49,153.5,-141.9,15.7,-64.15,34.39,-98.99,120,87.54,-1.78,-2.03,-3.95,4.33,3.22
-97.26,-84.34,-54.99,-30,-250,110.5,36.45,126.9,-258,46.64,102.1,-69.3,146.1,107.3,-141.1,80.25,-55.18,-142.9,95.23,113.7,-198.6,-38.48,-281.6,-113.4,-96.7,-116.3,70,-63.8,-3.98,-2.7,-0.65,-4.85,-2.29
8.904,0.8806,54.38,50,0,-22.65,-27.1,-6.752,56.28,12.08,NA,9.952,-123.5,-78.43,8.282,-33.53,30.89,-11.4,1.642,-16.92,43.67,102.7,182.7,-58.82,72.92,-25.17,80,-2.967,-3.54,1.94,1.95,-3.59,-4.18
201.4,204.3,47.34,220,-31.91,-67.05,-75.98,73.91,-17.11,-107.6,-116.4,94.33,-145.3,-104.2,124.4,-146.9,-160.2,169,-148.3,-111.4,-16.7,242.3,-13.41,-58.82,-18.8,35.76,210,113.5,2.08,-4.19,-3.41,-3.38,-2.71
25.33,19.42,-115.7,30,-125,19.51,-53.01,135.3,-36.68,-15.71,141.9,75.66,11.85,-67.56,49.99,11.63,130.4,-131.7,21.2,75.67,-51.18,49.79,65.28,-79.4,46.96,64.67,30,15.21,2.19,4.98,3.03,1.28,1.93
-93.33,-83.83,-80.51,-30,-90.91,NA,-1.782,-49.5,-32.32,93.77,-2.047,-16.37,60.73,34.47,-96.92,96.82,33.64,-59.94,79.69,9.465,-55,-109.7,-112.1,-80.25,-4.049,-35.34,60,-67.82,-3.74,1.91,-3.61,3.81,3.88
-150.7,-136.1,-71.49,-70,-138.9,17.41,49.44,-9.605,-83.98,77.55,2.473,-45.25,51.11,-31.99,-2.272,112.2,-56.89,35.14,31.92,-12.98,NA,-105.5,-147.3,-6.623,-58.8,-0.5144,10,-114.7,-3.44,-4.2,-3.66,3.59,-0.55
262,205.3,-20.16,-140,-136.4,-72.04,-83.74,-65.27,45.54,-15.71,-49.51,NA,-18.61,-124.7,-71.37,-97.15,-40.5,-168.4,-133.8,-190.3,173,124.6,7.965,18.34,-78.46,83.87,-90,108.3,0.46,1.88,1.41,-1.01,0.96
160.7,137.8,-85.09,130,-105.3,-62.57,-53.01,41.88,-87.62,-52.71,-24.65,-43.24,121.6,-29.18,18.63,-88.94,-14.74,25.96,-95.8,-33.18,29.9,103,-16.6,105.9,-17.15,-136.7,160,100,0.91,0.72,2.16,-4.74,4.17
-84,-79.16,-74.92,-50,-275,109,39.2,55.76,-134.2,111.5,12.27,-120.5,137.7,116.8,-104.5,66.54,96.08,-93.29,177.2,4.977,-148,50.07,-197.1,-106.9,-110.3,-141.1,-20,-58.52,-3.74,0.8,-3.6,2.44,3.22
10.67,5.333,1.839,-10,62.5,17.41,-27.39,-56.24,143.8,0.5069,115.5,30.65,-49.86,-46.96,-17.37,57.82,26.62,-132.5,9.496,50.98,172.5,28.28,100.8,78.85,70.36,59.76,30,-1.611,4.17,2.27,3.26,-4.39,-3.35
80.73,73.9,60.58,-80,-88.24,-105.6,-82.16,39.49,-84.97,-47.77,13.62,-44.35,106.6,-5.946,-66.77,10.51,54.12,-68.14,62.57,-90.21,-10.62,-55.92,22.5,-57.42,50.26,-164.3,-50,62.67,3.67,-1.6,2.12,-2.28,-1.11
8.19,10.19,-64.65,130,-78.95,100.3,-27.05,127.5,-101.1,-24.69,191.9,135.1,90.14,-154.7,-107.7,-35.32,98.78,62.97,14.72,-101.6,-8.658,125.6,76.93,76.57,-36.07,112.1,190,13.09,-2.85,-2.94,NA,-3.78,0.07
-0.39,-6.293,-36.16,90,-44.12,77.71,-17.03,114,-14.79,-24.34,183,108.4,3.592,-189.4,19.24,-59.48,92.99,-56.96,9.405,-38.85,-11.41,142.8,181.1,4.515,130.5,193.9,100,-2.755,-4.81,-2.3,-0.12,4.93,4.46
-158,-149.1,-74.13,-200,-400,143.1,148.3,135,-214.4,94.58,118.1,56.86,209.6,-101.9,-224.7,161.8,81.41,83.09,206.1,-72.14,-255.3,-33.57,-137.8,49.95,NA,113.8,-130,-134.6,-2.56,-3.91,-3.64,-0.02,-3.65
97.89,82.48,-18.74,-70,-138.9,-20.7,-72.14,31.92,-111.4,-5.099,83.26,-73.79,196,-0.3861,-126,-12.65,108.7,-60.69,99.79,-18.87,31.4,-4.34,19.81,16.38,88.31,-36.01,-30,62.67,-3.88,-2.88,-3.47,1.38,-2.66
285.1,261.5,9.612,220,-31.91,-24.46,-82.16,10.2,15.12,-23.29,-126.2,80.78,-170.9,-85.87,65.77,-67.36,-168.3,75.64,-201.1,-174.9,-117.4,209.2,10.07,-25,-38.11,166.1,220,212.1,3.3,-1.57,0.32,4.45,-4.4
-93.21,-95.39,-77.32,-30,-204.5,-14.69,33.07,6.305,-150.6,37.92,-63.82,-94.03,32.92,92.05,-113.3,27.77,105.4,-15.25,166.8,81.94,-138.7,-52.14,-168.7,-112.7,-107.3,-167.2,30,-80.23,-1.97,2.27,4.2,3.28,0.13
-95.55,-99.61,4.247,-30,-227.3,-35.73,23.05,71.37,-159.8,15.54,-44.07,-83.45,29.34,74.68,-164.1,22.84,39.24,-58.45,107.2,67.68,-138.7,-29.1,-108.2,-90.12,-4.973,-159.2,0,-80.92,3.83,-1.41,3.11,-2.09,1.45
108.4,84.62,30.7,110,-138.9,-32.13,-84.54,146.5,-87.99,-4.237,38.15,-10.52,60.49,-7.242,40.22,-58.52,-12.73,77.61,-65.68,-21.29,27.51,-89.16,-131.1,-29.92,-105.3,-63.18,150,47.08,-4.27,-3.42,-4.61,-0.2,1.44
-4.834,-2.417,-199.7,0,-60,45.67,-31.4,-8.241,48.25,52.66,145.7,-16.99,4.439,-90.07,19.75,8.078,86.94,-100.1,136.7,98.06,112.4,18.73,115.5,77.17,149.4,115.5,50,1.526e-05,0.78,-0.88,-0.62,2.36,2.12
-91.85,-93.22,-94.6,-70,-194.4,34.28,27.64,34.62,-207,11.05,40.67,-90.16,53.69,91.17,-202.3,82.77,107.5,-84.92,116.9,56.87,-63.66,-4.047,-154.6,-241.6,12.04,-75.43,10,-79.17,0.85,-2.5,4.98,-2.23,-1.77
-94.61,-91.23,-19.14,-50,-125,3.924,68.98,-116.2,-67.29,52.66,-20.97,-103.1,104.6,125.3,-192.4,81.66,82.82,-46.81,132.7,-31.85,-64.1,-55.56,-114.1,-79.5,-54.94,-153.6,50,-80.24,2.64,-0.39,2.41,1.07,-3.78
95.3,81.44,-80.25,90,-132.4,2.027,-78.64,43.28,-98.34,8.502,75.89,-18.98,74.92,19.07,-23.05,-51.16,147.9,-48.49,66.58,30.46,44.57,-6.287,-37.78,50.09,-5.876,-2.316,140,62.77,-4.43,3.32,-2.8,0.68,-2.02
249.3,209.1,80.6,250,30,-107.1,-108.2,-123.8,160.3,-125.3,-143,104.5,-145,-82.27,117.1,-92,-226.1,69.76,-190,-216.7,-5.726,86.3,99.69,-90.33,101.2,-35.81,230,148.4,1.5,-1.32,3.77,-4.35,3.51
33.15,26.71,54.48,60,-112.9,21,-66.83,36.56,-55.22,15.72,141.3,-7.036,61.33,132.1,-100.6,-56.31,58.11,-11.5,1.436,69.54,-1.235,-29.06,-92.83,-102,70.5,11.73,100,16.76,2.57,4.24,-2.37,3.68,-2.54
273.5,234.7,27.57,220,-63.83,-37.82,-78.64,100.8,-29.36,-121,-120.3,104,-173.9,-50.12,114,-125.8,-214.5,147.1,-191,-168.1,-134.6,218.1,91.65,-1.998,-34.04,80.16,210,173,3.79,-4.28,-0.34,-2.8,4.75
-173.3,-154.2,-166.7,-190,-416.7,176.6,157.5,NA,-187.4,146.9,57.65,-99.12,164.9,-54.99,-47.86,194.6,-79.45,-32.8,49.8,-78.33,-140.9,-13.01,-284.4,191.3,-151.4,-20.32,-140,-126.6,-1.64,-0.3,4.36,2.44,2.62
-98.35,-89.62,-15.53,-30,-181.8,90.91,58.61,127,-113.7,98.07,63.5,-52.06,110,78.62,-92.57,107.4,48.83,8.207,94.12,-2.356,-116.8,-14.63,-142.8,-96.75,21.2,81.02,10,-74.66,-4,-1.79,4.65,2.03,1.7
102.9,95.54,-15.53,140,-115.4,-43.42,-86.61,158.9,-86.47,-9.975,64.29,-84.03,152.9,34.2,-1.701,-78.48,48.83,-12.55,27.93,-10.69,119.3,-98.12,17.54,-21.91,29.38,-5.199,160,71.59,-1.02,4.49,2.86,-4.68,1.68
2.252,-2.55,5.109,20,-37.04,-9.548,-42.41,-0.5056,71.08,23.48,106.2,-13.57,-42.16,-6.085,26.06,50.36,94.67,-98.67,2.828,-9.305,25.53,53.48,140.1,-58.12,165.4,88.72,60,-6.126,3.22,-3.06,1.09,-1.9,-1.75
-3.754,-5.553,0.3284,60,-32.26,11.48,-23.47,10.72,30.66,-2.742,126.7,23.61,-69.22,-129,9.237,5.841,211.8,-15.63,67.87,-62.11,10.08,139.9,237.5,-28.81,136.7,48.69,90,-10.72,3.04,1.28,0.81,2.14,0.13
-142.6,-130.1,-100.4,-90,-187.5,95.58,102.8,4.466,-28.73,132.4,-4.449,-41.62,42.4,-67.03,-3.384,178.7,-4.65,37.43,81.56,-41.27,-42.31,-1.083,-39.75,78.8,74.88,125.7,-30,-107.6,2.38,3.22,-0.01,4.12,-0.38
-12.64,-12.42,-101.9,20,74.07,89.57,-0.8626,7.218,110.5,-14.57,143.9,104.1,-53.86,-210.9,1.078,10.95,86.46,14.84,85.63,19.94,54.81,120.1,182.8,31.53,189,75.2,50,-7.732,-4.73,1.35,4.68,-4.89,0.83
-147.8,-134.9,-143.3,-60,-210.5,2.733,38.82,8.142,-85.02,74.95,16.4,-30.05,89.7,6.087,-70.89,130,-54.91,-67.03,55.21,50.96,-78.1,-132.2,-251.4,19.59,-147.8,-70.34,-10,-108.2,-2.04,NA,0.2,-0.74,3.69
101.1,87.13,-51.65,-70,-111.1,-81.63,-75.26,-3.973,-53.93,-9.597,33.4,-91.2,161.5,1.79,-115,5.122,168.7,-44.63,181.4,-100.5,114.7,-61.12,10.79,6.896,-2.604,-47.43,-40,67.01,-4.42,1.38,-1.01,-1.34,0.42
2.747,4.422,-20.6,100,57.14,63.11,-20.7,42.85,89.75,-37.1,118.8,116.4,-110.4,-213,-11.62,41.75,153.5,30.29,12.39,-94.57,50.91,133.6,110.9,17.35,72.26,-11.79,130,6.121,1.15,4.65,3.93,1.45,1.97
-102.7,-103.2,-160.3,-50,-175,-55.99,73.54,-50.69,-54.4,28.43,-126.5,-145.7,-45.34,97.75,-128.3,-0.2896,-10.91,-27.64,153.2,47.38,-113.9,30.66,-123.3,-62.9,-158.3,-173.9,0,-72.49,1.24,-0.61,1.06,-2.96,4.73
264.8,248.3,42.31,210,-10.87,-70.87,-100.1,-48.33,17.2,-28.32,-141.1,57.05,-172.5,-71.25,4.102,-140.2,-158,207.9,-68.73,-200.7,-35.92,118.4,-6.9,108,-42.53,31.92,220,195.2,-4.63,2.63,-2.79,-1.8,-0.77
81.87,68.37,108.9,40,-120.7,-103.1,-90.14,47.57,-40.74,-3.453,34.21,-40.42,120.7,21.13,-30.97,-24.02,69.87,-119.5,-3.38,8.013,84.94,-154.3,-21.05,-15.5,35.33,-16.88,90,52.19,-0.04,0.17,-4.54,0.64,-0.8
224.2,194.4,43.2,130,-65.79,-36.14,-90.14,27.86,41.23,21.41,36.64,41.86,-24.05,-86.29,155.3,-11.53,-147.2,-12.96,-233.2,-141.1,92.73,154.3,-7.607,114,40.32,90.05,160,91.17,0.19,4.77,0.13,-1.26,-1.3
107.6,99.26,68.29,0,-140,-85.23,-86.47,1.529,-38.82,-7.567,40.85,-77.43,89.65,84.31,-50.5,-27.79,92.4,-65.41,108.4,69.87,75.5,-74.15,-34.24,-63.79,47.48,-52.69,40,75.15,1.65,-2.16,-1.64,-4.47,-1.08
113.6,94.7,60.14,60,-80.65,-91.14,-86.47,-35.77,-7.268,1.342,43.27,-25.79,60.74,-4.552,-107.2,-61,55.28,-27.75,74.98,108.6,62.37,-110,-12.88,-64.45,59.7,6.976,130,66.47,-1.8,-0.39,-0.63,4.49,2.76
-142.4,-124.2,-95.92,-170,-250,-38.82,36.69,-71.15,-23.88,55.43,-32.54,-22.04,26.05,-48.54,-37.78,137.9,-52.12,-53.08,44.62,-62.43,-19.5,-159.3,-156.7,29.78,-121.8,13.83,-100,-110.3,-3.39,-1.09,2.24,-2.91,-2.56
-89.57,-78.88,-49.52,-40,-261.9,13.5,13.88,95.65,-119.6,39.52,44.23,-55.77,84.59,66.71,-60.9,81.57,13.43,-98.28,53.73,28.44,-125.3,-37.17,-235.7,-170.9,-69.26,-57.12,0,-59.29,-2.77,4.77,4.98,-2.9,-3.42
14.04,7.019,-23.16,100,-57.14,35.44,-4.363,61.19,44.21,-20.61,148.5,70.84,0.7542,-141.8,44.31,-38.32,93.19,-74.31,-35.3,23.1,67.77,85.81,201.8,22.86,105,115.8,110,7.175,4.6,-4.6,0.27,-4.61,3.79
1.526e-05,7.629e-06,-2.957,80,-45.45,-7.595,-27.17,43.41,112.9,14.71,117.6,-9.96,-73.69,-79.34,31.02,8.664,114.5,-70.89,3.145,120.7,56.19,98.98,209.6,-26.23,158.8,38.42,80,-1.133,3.52,-2.71,-1.54,4.69,1.87
-101.5,-79.34,-70.53,-30,-250,102.3,26.77,126,-132.2,85.69,103.1,-52.82,201.4,51.52,-63.87,71.81,16.36,-52.19,136.5,102.8,-159.3,2.346,-201.9,24.1,34.46,-21.51,50,-64.32,2.45,-2.86,4.24,4.89,-0.62
-105.3,-88.39,-9.251,20,-148.1,42.64,26.77,88.86,4.7,82.91,87.77,-62.91,82.55,13.4,26.82,86.96,98.97,-39.84,137.7,-9.007,-80.57,-16.24,-50.54,-11.75,213,71.84,70,-67.77,-0.33,4.66,4.73,2.52,2.06
61.14,69.85,40.22,50,-100,-114.7,-95.02,3.637,-4.176,-23.05,41.92,-75.11,104.5,41.99,21.49,-10.49,54.3,-98.09,-22.57,87.01,63.34,-131.3,-54.47,-77.21,-57.72,-110.8,80,50.83,1.82,-0.9,1.81,-1.03,-1.28
-2.753,-6.006,-88.85,10,57.69,115.9,4.625,16.96,128.9,-10.83,175.5,58.33,-69.07,-197.4,-74.99,11.19,99.83,-56.05,85.76,-40.69,66.81,145.4,183.7,26.68,219.4,59.46,40,-10.9,-3.29,-0.11,3.44,2.98,-0.52
-144.8,-132.6,-128,-110,-250,19.77,49.15,16.86,-113,70.44,26.55,-13.74,107.4,4.34,-109.7,138.6,-45.69,-53.66,61.21,56.38,-139.4,-147,-253.3,24,-191.3,-66,-50,-105.9,-3.81,-1.71,-1.02,0.96,2.25
97.47,90.4,-68.19,60,-96.77,-66.32,-69.59,-3.642,-40.51,-6.4,45.79,-82.34,179.5,13.2,-50.1,2.309,176.2,-22.62,129,-33.84,140.3,-58.75,20.25,-20.82,37.04,-14.28,130,67.5,-1.61,2.55,-0.99,4.98,1.73
2.753,2.92,-28.76,90,73.53,93.96,-10.22,32.94,102.3,-43.4,160,91.47,-98.68,-212.4,-72.37,78.05,199.3,-1.125,55.32,-119.5,31.17,169.2,123.6,26.68,88.12,-7.626,140,0.1626,3.8,2.29,-0.1,4.12,3.1
-101.3,-95.41,-154.9,-40,-190.5,10.61,88.73,-47.86,-65.53,57.79,-104.8,-124.3,-49.94,170.6,-149.7,-19.27,37.93,-2.717,184,46.11,-161.9,2.815,-73.96,-76.36,-72.79,-161.3,10,-68.48,3.2,1.8,-3.73,0.08,3.37
278.1,257.9,44.84,230,0,-67.24,-99.27,-41.53,60.64,-13.99,-130.7,51,-172.7,-86.29,22.6,-145.4,-149.1,186.7,-88.07,-181.2,-34.65,122.5,11.81,115.2,-2.299,69.7,240,204.8,2.29,-0.62,-4.25,3.65,-3.73
89.21,73.92,102.9,70,-109.4,-133.2,-84.43,42.98,2.766,-13.99,36.59,-43.8,129,-4.518,-14.08,-37.47,41.22,-160.3,-21.29,-5.288,90.09,-120.3,24.3,-14.69,85.57,-3.017,90,59.04,-0.42,4.87,-4.63,2.45,4.56
264.3,217,58.96,-140,-181.8,-51.67,-94.32,0.2774,64.81,19.85,30.74,37.13,-45.01,-98.56,145.1,28.97,-111.5,-51.27,-194.1,-77.24,83.91,154.1,3.369,100.6,44.7,70.21,-140,100.4,-2.41,2.35,1.29,2.42,-4.83
104.8,91.19,-28.25,90,-132.4,-67.35,-76.72,71.76,-84.79,-37.44,103.6,-58.8,191.9,-77.17,-140.3,-123.9,111.4,-116.8,103,-48.49,74.57,-109.2,2.69,-57.32,-61.57,-48.16,110,78.92,0.78,-2.22,3.15,4.45,4.01
-109.2,-110.6,1.567,-40,-71.43,-13.31,20.06,-136.8,15.36,75.37,-67.82,-52.31,-24.66,-85.5,-77.84,113.7,-38.52,-13.54,54.7,-37.78,30.35,-57.88,-66.73,57.96,-73.41,93.16,70,-90.78,-3.71,-2.17,4.2,4.71,1.49
-109.2,-102,-12.36,-10,-208.3,46.33,33.89,45.58,-172.9,41.19,65.66,-32.33,187.5,50.12,-74.63,80.76,-6.564,40.03,138,-30.13,-183.4,-35.74,-259.1,-49.41,-57.48,-89.77,90,-79.38,2.26,3.99,-1.69,-4.81,1.74
110.3,106.9,52.55,120,-81.08,-88.78,-87.09,29.84,-29.89,-12.37,19.3,-55.81,73.37,95.32,-0.1393,-12.9,100.3,-92.36,59.09,31.06,89.16,-94.12,-25.62,-32.17,1.692,-24.17,140,83.03,1.88,-4.66,0.1,-3.86,-3.74
280.6,252.4,-41.11,220,10.64,5.327,-80.17,-27.31,55.18,-85.3,-122,154.5,-145,19.19,-8.95,-174.1,-139.9,62.98,-60.81,-189.2,-42.58,230.3,65.91,81.97,6.243,20.44,220,197.1,4.04,3.42,-0.84,1.37,-4.7
-148.5,-130.3,81.01,70,-46.88,48.19,33.89,-95.22,195.1,93.99,-106.4,-62.3,-153.9,-115.2,27.9,75.7,-122.3,-0.5323,-82.74,23.41,96.45,-48.15,216.8,111.9,152.8,56.05,60,-105.8,0.76,1.39,2.28,4.36,-4.19
250,241.4,-5.604,210,-21.74,-2.127,-90.54,1.167,25.01,-69.35,-158.3,129.5,-205.6,39.41,196.9,-153,-95.83,2.529,-114.9,-238.2,-8.393,239.4,-6.619,57.68,-22.89,28.68,190,190.2,2.35,2.9,-0.56,-3.07,3.25
-2.183,-14.02,21.13,60,-32.26,3.464,-31.78,40.2,47.94,20.3,105.3,30.11,-51.4,-115.2,115.2,1.027,98.13,-51.04,-12.56,-1.064,-6.57,93.1,176.8,-14.09,182.4,51.92,60,-24.64,-0.93,-3.89,2.36,-2.56,3.49
-19.65,-18.45,22.31,40,-51.72,-12.38,-49.07,56.13,8.722,7.382,136,21.62,84.96,-43.86,-13.76,6.512,-42.93,-55.63,-19.87,119.8,-108.7,8.548,141.2,-34.43,159.6,118.3,90,-14.14,2.08,3.23,-1.91,4.15,-4.5
262.9,256.5,-119.1,220,21.28,29.7,-87.61,-50.48,70.54,-159.2,-149.6,231.4,-213.4,101.5,98.61,-120.1,-267.4,219,-190.8,-244.4,0.4511,172.3,22.15,14.66,75.89,10.07,200,186.9,-4.27,0.95,4.72,2.56,3.35
-147.4,-140.4,-112.8,-230,-250,20.92,151.8,40.99,-161.2,16.89,13.72,-0.1835,87.76,-49.99,-78.44,139.5,51.18,23.03,98.9,-9.836,-92.92,-43.36,-194.9,-42.96,-167.7,17.33,-250,-122.1,0.35,-3.54,-1.71,-2.77,2.38
10.34,1.006,18.39,110,-83.33,12.95,-42.43,46.82,39.79,54.6,48.19,28.3,-77.13,-90.91,71.16,5.661,-25.89,33.38,-157.9,63.84,-9.923,84.57,113.5,30.34,157.4,137.2,120,-10.73,0.79,NA,-2.64,-1.65,2.77
117.2,104.5,-0.777,80,-166.7,-77.96,-110.2,59.51,-14.37,24.06,7.974,-108.3,35.9,-15.16,64.99,-65.77,-13.18,-104.2,-19.86,35.82,37.5,-63.16,-26.9,-27.64,-1.129,-117,90,70.54,3.53,-4.37,3.36,0.41,-3.97
0,-7.629e-06,-156.2,50,-66.67,156.5,52.45,75.68,-7.942,-48.73,220.5,120.1,29.25,-211.1,61.63,71.38,210.1,-87.72,40.01,96.01,-33.64,183,220,48.21,104.5,61.28,90,-5.363,-1.69,2.59,-3.34,-4.38,-4.83
84.01,87,-70.3,90,-191.2,-26.26,-85.47,72.88,-130.9,-17.44,35.18,-10.67,128.2,59.13,-62.61,-154.9,-84.86,-76.37,-15.56,142.7,-159.6,-119,-140.4,-42.42,-53.51,-39.41,130,70.13,0.34,0,2.86,2.49,-2.39
-105.3,-92.63,-71.3,-20,-173.9,-39.67,18.64,-92.23,-104.7,31.49,-50.68,-86.7,26.41,65.17,-185.1,8.895,65.23,-16.58,178.9,117,-59.29,-42.53,-237.8,-59.75,-216.2,-188.4,50,-79.2,2.32,3.2,3.63,0.41,-0.63
4.049,2.024,13.24,70,-62.5,-15.95,-42.6,46.2,21.52,-10.99,149.1,21.27,55.38,-97.86,13.8,16.34,150.3,-4.338,89.83,-51.39,-51.57,47.52,167,-30.75,191.5,126.9,110,0,4.1,2.6,-4.97,-2.22,4.75
-163,-141.5,-293.4,60,-145.2,41.83,101.3,-20.04,-11.85,77.03,48.23,-4.822,57.6,-83.77,-133.3,20.4,53.63,125.3,153.1,37.31,-110.2,-57.94,-53.74,22.52,-26.55,104.6,60,-106.9,-5,1.7,-0.5,-0.14,1.98
-87.04,-73.52,-54.69,-120,-192.3,139.8,-2.796,-173.5,32.09,159.3,-12.02,-142.5,-14.43,-10.3,-104.3,96.89,-8.85,-126.1,107.1,-29.54,13.27,121.6,-23.37,121.8,96.96,-69.94,-30,-59.64,-4.77,-2.63,0.87,-4.86,-3.73
277.3,248.7,0.7675,210,21.74,-21.1,-73.22,-81.81,64.35,-79.97,-228.4,111.7,-222.4,-76.72,65.58,-178.9,-179.6,100.1,-128.6,-97.67,12.5,211.9,21.08,76.1,6.286,22.08,220,173.2,-0.52,1.31,-1.35,-4.65,-3.81
270.2,260.1,36.37,180,93.02,21.19,-85.47,-199.5,215.1,NA,-136.5,178.7,-192.7,132.6,NA,-195.9,-53.94,99.39,-38.55,-6.4,103.2,152.4,51.46,55.61,103.8,-1.032,170,184.6,-3.75,-3.01,1.43,-4.89,0.78
79.96,89.98,-61.31,50,-183.3,-20.07,-79.35,50.02,-143.1,-39.53,76.85,-57.01,162.3,25.92,-142.8,-67.93,144.5,-46.12,86,-46.25,-16.06,-70.33,-31.89,-32.96,-27.04,-15.06,130,63.45,0.4,1.61,-0.97,-1.16,-4.96
207.2,213.2,-113.6,210,0,-37.98,-84,-22.86,11.85,-72.89,-141.6,132.6,-123.6,-47.85,52.08,-42.98,-161.8,54.26,-113.7,-233.3,-26.15,163.9,-2.581,24.56,31.83,52.28,220,169.1,-3.82,-0.75,4.57,4.94,4.7
74.7,73.89,-8.426,110,-83.33,-153.4,-80.92,22.43,-44.71,-70.59,54.13,-3.534,74.69,-51.01,6.692,-70.64,53.89,-16.12,-17.32,-3.125,7.925,-115.8,-54.16,-179,-115.7,-86.12,140,63.48,4.34,-0.08,1.97,2.86,-1.08
66.73,73.75,-12.35,80,-106.1,-85.32,-84,34.21,-69.03,-27.49,87.51,-14.77,119.5,-9.883,-44.88,-44.25,46,-47.4,55.22,16.7,-33.14,-70.34,-109.7,-79.48,32.34,-41.48,130,61.42,-3,1.19,-0.31,-2.83,-4.28
-168.3,-159.2,-143.9,-150,-350,115.7,137.9,76.4,-115.4,109.4,89.03,-13.94,108,-93.19,-26.83,131.2,-1.3,-2.612,29.51,-47.18,-141.9,-2.459,-104.1,69.25,-29.66,NA,-100,-145.6,-1.31,0.8,-4.05,-2.08,-0.2
204.2,219.4,-109.4,250,20,-28.84,-77.84,-54.63,88.78,-137.4,-160.3,157.2,-201,-59.45,112.9,-129.8,-152.5,72.04,-137.6,-91.23,7.051,161.4,75.44,29.8,64.62,12.79,220,189.2,1.18,2.02,-2.09,3.91,-3.51
-121.5,-112.7,-174,-60,-210.5,37.61,42.36,7.537,-96.75,64.64,41.49,-45.17,146.3,113.5,-105.7,72.73,-8.467,-78.68,109.4,16.7,-152.8,21.07,-154.4,-56.79,-75.78,-60.02,-30,-94.29,0.41,3.36,3.71,-1.31,-0.47
-114.5,-113,-21.43,-30,-181.8,5.216,20.79,101.6,-61.68,47.86,55.15,28.11,105.1,-34.14,-46.43,83.54,30.24,-25.36,93.78,-3.125,-138.4,-112.5,-148.8,-45.27,-30.69,41.98,-20,-105.4,1.21,2.65,2.26,-1.08,-3.95
-157.8,-137.7,10.91,-10,-208.3,80.74,46.96,155.6,-39.65,103.2,-9.813,-7.766,56.67,-122.9,101.6,112.3,-113.3,11.99,-73.9,-44.05,-96.39,-75.08,-100.2,139.2,-65.96,103.7,20,-114,1.43,-2.18,-1.48,-2.8,4.94
92.91,72.19,57.88,120,-67.57,-114.3,-87,80.49,-53.93,-56.28,-4.197,29.47,-3.222,-27.3,-8.132,-54.25,61.48,21.86,21.77,-35.08,-7.805,-102.6,-82.32,-120.2,23.59,-88.84,140,50.15,3.39,-3.34,-3.05,-0.58,-1.54
234,205.2,157.3,220,74.47,-26.98,-95.37,NA,145.9,-56.69,-111.6,168.5,-150.4,-236.6,76.74,-82.01,-28.18,74.22,-148,-160.7,83.4,147.9,112.2,63.03,68.58,17.2,220,108.8,-2.1,-1.59,2.84,3.75,-2.29
-101.6,-94.92,123.6,-10,-208.3,124.4,42.77,80.02,-119.3,92.09,139.7,-51.98,203.8,55.22,-44.51,91.88,51.6,-6.978,93.31,27.72,-117.4,61.67,-146.1,-20.94,86.49,97.69,70,-76.89,-2.68,-2.15,-2.04,1.7,-1.9
195.2,171.1,203.9,230,-10.42,-92.98,-91.19,-27.58,88.81,-117.1,-127.8,151.6,-212.3,-93.73,134.9,-94.19,-119.4,125.8,-131.6,-234.7,71.34,109.6,53.48,-23.25,46.3,-23.26,230,109.6,-3.21,-4.95,-0.96,-3.78,-3.43
-6.016,-17.71,60.06,30,-35.71,-48.34,-36.77,-17.64,70.78,-1.206,48.46,2.707,-61.08,-54.48,17.33,88.95,-3.865,-119.3,-42.87,64.73,78.68,-40.15,165.5,57.26,149,21.46,50,-18.57,2.61,-0.02,0.26,3.55,-3.34
-101.6,-98.6,-32.11,-10,-166.7,50.66,21.84,51.62,-147.8,35.37,134.8,-64.2,196.7,29.05,-160.9,30.02,66.04,-24.43,154.5,110.7,-178.2,-0.7594,-145.2,-39.41,49.8,-30.5,40,-81.72,-0.97,-3.24,-2.09,1.41,0.14
-2.005,-15.71,-108.6,120,40.54,-54.16,-24.21,-117.5,188,-67.79,153.8,-12.42,-28.6,1.882,-17.83,8.1,211.2,53.73,120,-95.64,161.5,23.02,206.4,10.8,163.4,72.99,150,-13.74,4.21,-0.39,-2.02,-0.86,3.13
-98.7,-95.4,-48.86,20,-129.6,93.07,76.68,67.75,-31.69,103.9,71.29,-57.14,35.01,49.83,-121.6,107.8,119.2,-75.52,73.19,25.62,-63.8,46.7,34,-28.82,138,56.03,80,-79.12,-4.26,-3.11,1.5,-0.67,-2.02
-14.78,-10.68,-52.34,30,-89.29,-53.84,-42.31,NA,68.97,-2.196,64.57,-53.78,56.3,12.79,1.444,-74.87,108.8,-84.33,113.6,59.57,53.37,-81.58,56.81,0.06758,88.79,1.304,30,-13.96,-1.22,-3.34,-1.27,4.72,-1.14
200.9,186,1.147,240,-10.2,-110.8,-105.8,-41.56,64.27,-192.6,-90.83,170.3,-94.07,-207.7,52.59,-174.8,-134.2,114.8,-105.6,-247.3,57.17,149.1,43.67,-74.06,-16.98,-41.9,250,135.3,-4.83,-3.64,-3.67,-3.27,-3.62
-137.1,-124.5,-95.69,-100,-266.7,156.4,92.55,28.88,-172.8,154.5,-23.63,-133,98.89,-19.19,-64.22,235.7,-36.11,-128.4,74.25,24.26,-68.07,60.25,-175.6,192,-99.79,-6.256,-20,-106.4,3.42,2.45,0.36,2.79,4.22
-99.66,-90.37,-32.03,-20,-173.9,108.4,55.81,121,-185.7,NA,46.58,-64.82,161.1,39.4,-126.4,22.48,48.42,-17.82,110.5,90.57,-132.9,-3.848,-198.8,10.46,-54.25,38.94,30,-67.52,-4.18,-1.11,-1.2,4.94,3.33
-140.8,-124.4,-49.28,-50,-150,102.6,95.68,7.284,-82.69,119.4,24.82,-73.78,111,-44.17,-25.69,172.7,-60.65,0.3768,28.69,-26.31,-107.4,28.93,-94.21,157.4,-21.23,60.41,40,-100.1,2.37,1.65,-1.59,-2.19,3.02
200.5,181.3,60.98,140,-38.46,-69.13,-119.6,62.78,125.5,-31.18,76.81,-6.548,-37.52,-119,94.99,-15.97,-3.637,-112.3,-36.52,-92.29,31.26,38.55,152.2,-19.13,121.7,-68.43,140,100.1,3.18,-2.77,2.3,-3.88,4.54
1.526e-05,-6.757,8.436,30,-107.1,-27.64,-31.89,140.8,-47.98,-32.81,192.9,-36.13,107.8,-49.39,-11.54,36.67,220.7,-85.42,116.9,0.08194,-17.97,76.13,109.4,-4.844,76.96,20.33,30,-0.3463,-3.55,-2.25,-3.11,-2.91,1.54
-1.689,-10.98,13.75,30,-53.57,-85.27,-39.87,60.27,26.85,-31.72,50.21,-59.44,-68.2,-11.09,47.55,-12.42,-69.32,-94.95,-95.34,86.8,66.92,40.29,135.5,-52.13,115.2,14.25,40,-4.155,4.82,1.87,-1.94,3.23,2.77
85.59,90.09,-52.86,90,-58.82,-40.32,-79.74,75.69,-66.42,-56.72,130,-6.548,128.8,114.3,-58.15,-73.35,111.6,-55.95,42.75,83.03,51.64,29.37,-85.21,-98.73,29.17,-82.38,130,75.14,0.43,-0.17,1.73,-2.07,4.34
-102.4,-92.89,-27.64,-20,-173.9,84.72,43.56,84.52,-106.6,87.74,67.16,-25.81,128.8,-32.76,-148.1,87.72,165.2,36.45,239.3,-20.93,-137.9,-25.65,-124.2,9.937,-15.14,37.54,40,-78.03,2.5,1.69,1.86,-1.11,2.58
-12.24,-9.593,89.06,30,-107.1,-33.49,-52.6,119.7,-7.016,2.449,61.14,18.24,12.58,-15,27.71,-13.47,9.648,-62.82,8.764,-5.259,15.01,-53.55,75.76,-12.32,55.73,27.92,30,-9.731,3.79,-0.46,1.95,0.55,0.58
-2.577,-1.289,-34.73,10,-96.15,42.16,-45.21,88.05,-37.41,23.4,158.3,14.74,80.56,-8.455,-20.57,8.666,63.05,-71.35,47.4,79.37,-9.827,34.99,77.41,-4.902,44.89,66.78,30,-5.485,-1.73,3.75,-0.52,-3.31,-2.35
64.43,56.52,85.37,110,-55.56,-79.6,-82.19,87.38,47.86,-31.47,31.06,23.83,17.52,63.52,151.4,-50.36,11.97,5.429,36.74,77.8,13.55,-80.71,26.3,-66.82,155.9,-56.62,120,30.96,3.18,-1.14,4.59,-1.72,1.91
74.1,68.3,22.7,90,-73.53,-66.6,-89.59,82.66,-45.85,-66.38,136.8,1.461,101.6,23.33,-43.21,-97.26,169.9,55.84,66.05,38.62,-30.28,-30.86,-27.7,-140.7,69.27,-16.15,110,47.59,4.16,-2.26,-2.66,2.42,-4.59
-146.3,-128.7,-125.4,-100,-233.3,154.5,124.9,-9.879,-142.9,136.1,22.46,-54.47,133.7,-65.48,-90.74,198.9,-63.49,-46.53,76.71,-115,-109.7,-15.24,-214.8,94.4,-115.8,21.11,0,-108.1,4.62,1.97,0.43,-4.78,2.62
-14.58,-7.29,-46.68,20,-74.07,-25.41,-42.81,58.68,3.069,-27.69,115.2,35.35,29.65,-28.59,8.598,-1.893,89.43,-75,41.93,48.44,36.7,2.239,100.5,-45.91,54.69,73.17,20,-8.832,3.75,-1.7,4.2,-4.94,-2.89
-9.602,-15.22,-12.81,50,-50,-43.28,-49.32,-7.991,47.75,11.83,65.11,-44.15,-13.11,-11.36,68.07,26.71,8.622,-109.2,-0.9718,124.9,20.17,-13.65,131.2,-28.96,146.1,21.05,60,-14.24,-2.03,NA,1.45,-1.94,-2.06
218.7,217,3.235,240,0,-95.72,-114.4,-50.68,41.48,-145.2,-41.69,151.5,-14.69,-45.82,40.96,-126.4,-52.28,60.89,-39.72,-207.1,41.71,170,22.3,-17.78,22.93,-99.96,250,169.3,-3.71,0.3,-1.29,-2.56,0.23
210.2,195.4,24.63,200,0,-70.69,-120.9,-51.92,107.3,-89.04,29.15,130,-127.1,-133.5,135.4,-93.53,-18.32,27.59,-244.6,-213.2,95.81,115.9,48.36,13.6,-7.663,-15.04,210,146.9,1.05,-3.26,-4.69,3.46,0.11
75.04,65.3,-14.49,100,-114.3,-30.17,-94.89,13.66,-69.05,27.42,14.98,-108.5,-13.11,-12.93,-3.647,-28.38,64.84,-80.4,-39.72,-29.59,-43.44,91.6,-31.62,-71.88,-5.34,-94.49,120,30.82,1.22,0.5,4.17,0.59,-2.3
16.82,11.98,-35.21,20,-92.59,88.65,-36.67,106.3,-40.4,11.87,211.4,40.27,119.8,-106.7,-75.32,-26.23,154.7,-24.22,159.2,-9.481,-29.32,97.06,198.9,14.63,130.5,133,60,1.295,-4.51,1.35,-2.27,-2.06,0.5
243.1,232.3,15.28,230,0,-115.7,-110.6,-19.79,109.2,-104.6,-15.73,105.2,-79.23,-184.7,138,-102.9,-66,79.32,-97.98,-304.7,42.92,111.5,111.6,-15.33,66.51,-143,230,177.1,-2.49,2.14,-2.57,-2.68,-0.07
-90.98,-91.92,-113.2,-20,-152.2,19.44,18.79,21.85,-163.1,46.44,26.6,-73.81,90.08,20.41,-69.55,31.25,38.83,-59.22,99.4,98,-164.4,-15.37,-218,-122.2,-59.12,-49.43,30,-70.5,-0.46,0.51,0.32,2.09,-2.78
246.9,227,33.8,240,51.02,-46.52,-106,-155.7,237.4,-81.95,-50,154.4,-137.7,-160.7,114.9,-95.46,-32.18,90.26,-117.9,-252.9,106.7,149.2,90.87,34.59,99.24,43.79,240,166.7,-3.53,4.38,0.79,1.52,-4.22
-88.69,-83.63,-18.33,10,-153.8,82.16,18.79,18.43,-79.98,102.4,12.49,-62.47,152.7,40.8,3.948,99.17,-37.25,-43.18,33.25,-14.42,-122.8,-8.13,-126.3,3.676,10.67,-41.78,90,-74.57,-1.93,1.51,1.8,-3.62,-1.01
0.7645,0.3823,25.42,0,-100,20.52,-45.91,129.4,-124.3,-22.28,150.9,11.28,118.8,-99.52,-120.7,-5.329,115.8,-35.16,133,77,-26.35,60.39,137.1,-5.986,53.51,43.07,30,-3.886,-3.93,0.64,1.82,-3.67,-0.06
-133.8,-127.6,-20.04,-170,-250,176.2,83.49,30.82,-148.1,147.3,65.56,-39.15,113.7,-103.1,-192.8,180.2,109.8,-16.2,171.8,-62.6,-116.4,88.38,-115.2,90.95,54.96,145.8,-90,-118.2,4.98,2.74,4.79,3.54,0.98
96.33,87.45,12.51,90,-73.53,-56.26,-78.26,52.96,-102.1,-15.7,26.6,-18.98,81.87,-21.56,-61.63,-3.152,107.3,-33.7,73.15,-60.13,20.82,-17.3,-56.2,-7.596,-8.099,-51.61,150,60.14,4.81,-0.19,3.15,-0.68,0.55
97.86,95.36,52.35,80,-75.76,-64.91,-73.64,47.95,-38.03,-28.46,86.39,-64.99,102.4,65.99,-31.36,-57.58,59.97,-131.4,-37.09,23.88,125.4,-49.14,-25.11,-66.21,77.58,-55.26,120,67.54,3.79,-3.41,-0.99,-0.84,0.94
-11.22,-5.609,-176.4,80,-197,174,-33.24,90.82,-89.24,135.9,237.5,-68.56,138,-125.5,-54.05,50.36,182.9,-23.48,131.8,-73.68,-101.1,213.4,25.23,73.8,177.3,168.4,130,0,-3.8,-1.26,-0.03,-4.05,-3.87
217.1,230.2,-134,160,24.39,-9.335,-66.04,-128.1,54.51,-98.81,-154.7,152.6,-207.9,19.68,1.464,-56.98,-63.39,121.9,-148,-81.1,-37.57,114.4,49.69,123.7,-17.27,104.4,180,194.3,-3.14,2.28,-2.89,-4.35,0.99
-96.96,-85.64,-129.7,-20,-173.9,2.713,7.753,38.95,-120.4,24.7,8.807,-0.2517,51.27,60.08,-74.98,27.11,64.27,-12.37,81.05,99.43,-68.13,-143.1,-179.2,-170.2,-151,-67.53,10,-72.58,-1.68,1.58,-1.5,-2.08,4.17
275.6,256.1,NA,-40,-95.24,-128.1,-86.53,-105.1,85.64,-45.75,-106.2,25.22,-108.4,-74.23,25.12,-80.68,-58.37,-125.3,73.81,-86.05,29.89,79.61,47.06,-17.59,14.15,-27.77,-20,176.7,3.87,-3.99,0.26,-4.27,4.65
-131.4,-116.4,-136.9,-60,-210.5,53.48,28.25,41.8,-17.7,107.9,-11.22,38.53,48.32,-85.15,-50.41,92.85,-41.28,129.6,23.07,-82.34,-55.03,-139.1,-89.95,71.21,-115.5,119.9,-30,-101.2,2.94,-4.1,2.58,-1.87,0.06
26.44,26.73,-25.75,140,-12.82,-6.753,-29.14,-41.27,177.7,-6.708,128.3,-40.2,-78.83,-2.16,92.46,-27.9,106.5,-27.76,54.96,41.32,183.1,91.09,138.9,5.094,163.3,-25.87,150,24.93,-1.87,-3.42,1.78,-2.8,-0.59
-82.53,-81.81,-158.1,-60,-289.5,49.18,-4.545,4.542,-177.3,80.72,-42.88,-149,24.66,16.4,-162.3,115.7,105.5,-156.9,165.1,20.29,-28.05,83.22,-208.9,-4.305,-173.9,-148.6,-10,-67.08,2.29,3.32,-0.71,-4.71,-2.83
149,135.3,107.5,90,-73.53,-78.18,-74.24,-51.97,32.65,11.12,-38.36,-31.51,58.17,-17.45,-12.19,-26.56,59.24,-24.34,133.2,6.693,84.26,-30.9,-3.003,15.79,-1.312,-80.03,120,98.61,-1.51,-2.31,0.43,0.86,1.92
129,125.3,159.8,230,-83.33,-53.22,-78.34,192.1,-74,-3.737,10.1,-35.56,82.81,-65.49,-7.636,-127.2,26.07,62.9,94.1,-9.381,40.21,NA,5.278,4.121,-95.09,-61.85,250,91.28,4.46,-4.37,2.55,-0.28,3.31
-9.941,-4.971,-172,-30,-113.6,1.482,-56.08,46.91,-57.7,10.3,92.34,-10.64,43.16,-46.03,-87.28,-2.881,110.6,-90.5,102.6,18.64,-46.27,33.82,97.3,-33.46,128.2,75.63,20,-4.179,-4.46,-4.58,2.16,-3.59,-3.49
-6.259,-6.917,-40.91,20,-74.07,-21.24,-46.35,44.18,74.13,5.862,110.9,-0.02884,9.409,-82.26,-14.28,21.75,90.35,-75.73,49.81,-65.26,-9.944,13.68,189.4,-27.75,209.5,105.3,30,-7.599,0.31,2.94,3.54,0.89,-4.22
213.9,209.2,-18.81,250,20,-70.46,-109.6,NA,151.6,-127,-142.4,185,-154.4,-178.9,122.1,-134.6,-196,157.6,-201.1,-231.7,106.5,94.68,56.04,-16.67,42.97,-61.09,250,154.6,0.73,-1.45,-4.04,2.27,-2.16
-96.83,-90.08,-75.81,-40,-214.3,113.2,31.53,85.76,-58.38,125.8,77.48,-120.1,185.1,-70.19,-58.36,159.4,25.15,-104.5,98.61,-116.5,-152.1,92.93,-216.8,133.1,-16.77,-35.03,30,-84.73,-2.46,NA,4.95,4.45,4.88
100.5,84.35,41.25,90,-73.53,-80.88,-80.42,71.57,-50.23,-50.11,8.397,-14.62,9.409,51.92,-1.198,-90.8,89.47,19.52,36.87,-2.69,-6.038,-113.7,-24.43,-187.2,35.07,-83.55,130,47.49,-0.44,-1.15,2.08,-4.72,-0.53
-97.57,-86.66,-80.79,-30,-181.8,98.04,46.14,79.74,-169.1,35.18,143.6,-57.73,166.3,109.6,-92.79,47.24,101.8,-46.2,105.6,68.42,NA,24.62,-128.1,-118.7,5.195,8.673,60,-69.91,-0.44,1.41,2.31,-3.72,3.23
108.6,92.19,-51.7,90,-117.6,-61.94,-65.82,137.4,-97.8,-79.43,44.8,-46.46,41.18,34.48,-18.41,-82.73,88.59,3.274,-6.949,-19.76,39.28,-22.66,-87.18,-111.4,-10.18,-61.09,120,60.41,4.72,-0.92,-4.78,1.02,0.26
250.7,220.1,85.48,220,21.28,-88.45,-104.8,-138.5,148.2,-122.5,-34.69,143.2,-115.7,-119.8,64.23,-151.1,-108.8,95.57,-152.3,-254.4,106.9,43.01,113.7,-20.7,37.26,-31.42,240,155.8,2.2,4.31,1.63,-3.85,-4.79
-131.4,-118.8,-16.54,-40,-238.1,105.6,51.01,-18.62,40.15,160.5,-14.63,-86.91,12.39,-135.9,39.43,164.9,-110.5,-89.02,-9.937,-72.38,-57.21,27.69,-21.02,221.7,71.97,92.87,20,-99.16,-3.64,3.4,1.26,-2.97,-2.26
5.33,13.74,-33.49,40,-51.72,-13.63,-38.66,29.43,101.6,-15.08,124.4,-8.594,-75.42,38.3,99.19,-12.4,94.48,-93.32,-22.8,93.85,103.7,47.1,165.1,-71.76,183.1,49.4,30,13.87,-3.37,-0.6,-4.79,-4.69,4.21
-136.5,-126.8,-45.46,60,-112.9,14.07,108.2,81.24,-96.81,37.65,20.09,-21.86,43.06,24.41,4.148,15.44,-23.34,73.08,-6.755,217.2,-65.41,-46.72,-87.46,-8.547,-33.98,97.11,80,-99.41,3.74,-1.79,-0.11,-3.11,-4.23
0.5331,-1.316,-3.541,-60,NA,-25.94,-38.66,-59.13,-145.7,-3.817,-80.71,-71.38,74.96,33.67,-81.98,40.44,59.97,76.22,166.8,-185.4,-82.06,NA,-147.2,-21.77,-193.6,-132.3,10,-2.312,-2.18,1.95,1.65,3.43,2.9
-67.7,-63.91,-119.3,20,-92.59,15.1,18.44,-72.79,-110.2,26.39,37.77,-18.32,134.2,38.3,-138.4,-32.29,69.49,72.03,137.7,128.1,-81.02,-96.63,-175,-71.11,-47.97,-33.42,90,-47.89,-4.99,-1.93,-3.31,1.11,2.58
227.1,232.2,9.7,230,10.42,-112.1,-112.1,-92.41,158.2,-88.29,14.78,41.81,-69.34,-55.81,39.05,-120.4,-78.08,46.91,-89.9,-156.3,164.6,-2.141,72.19,-4.999,65.38,-75,240,183.3,3.02,-4.95,0.75,0.03,-1.73
-13.8,-20.06,6.53,140,-25.64,-37.12,-55.66,-77.69,73.36,19.83,-19.2,11.12,-100.2,-69.09,72.44,25.2,-55.17,17,-100.2,-105.5,-18.89,-34.01,115.2,-3.609,58.58,55.6,170,-17.8,4.06,-0.81,3,-2.58,1.13
55.19,47.33,19.2,100,-71.43,-75.13,-81.02,121.2,-77.16,-62.19,44.4,-32.12,9.051,24.62,-55.85,-56.89,41.99,-34.79,-23.23,-50.5,-16.81,-47.71,25.05,-183.5,-36.6,-38.7,130,36.1,-3.1,2.63,-1.23,-4.14,-2.15
179.9,165.6,47.74,220,10.64,-100.8,-114.8,-112.3,61.09,-116.9,-66.38,133.5,17.91,-91.33,52.18,-140.6,-2.855,77.08,59.3,-245.1,-26.15,23.46,124.3,-159.6,48.51,-116.2,250,122.5,-1.61,0.93,2.85,4.4,-0.74
-12.69,-16.21,20.97,80,-45.45,-33.76,-30.31,-17.92,126.5,0.9401,41.32,-13.14,-89.87,54.8,79.19,-18.29,60.14,-45.15,1.946,63.49,112.9,-2.181,110.7,4.267,101.9,19.03,60,-8.644,-3.81,1.58,-0.29,-3.24,-4.31
-106,-99.03,-29.26,20,-129.6,98.17,88,71.47,-101.7,69.04,110,26.94,153.7,-18.27,-95.52,56.18,62.27,35.65,78.88,30.08,-154.8,30.53,-18.61,4.582,50.52,107.2,90,-76.44,-4.57,1.55,-2.02,-4.67,-3.87
-131.3,-124.9,-52.26,-90,-187.5,101.5,121.8,-6.143,-197.4,75.5,22.86,-88.02,127.2,-72.27,-201,105.1,63.34,-5.787,165.6,-3.333,-93.61,45.11,-193.2,43.33,-136.8,30.5,0,-105.6,2.69,4.2,2.31,-0.32,-2.89
-94.26,-85.01,-14.3,-40,-142.9,68.64,40.92,67.05,-184.4,49.45,95.01,-5.627,119.6,-23.94,-122.8,46.94,70.69,-26.55,86.44,33.98,-159,26.48,-85.25,-43.92,-28.49,110.6,60,-66.37,-1.89,3.67,-1.66,4.82,-3.8
200.1,202.3,44.33,250,-20,-114.7,-117.8,21.68,86.78,-121.6,-72.92,91.69,-66.82,-199.1,147,-127,-152.9,73.33,-178.3,-307.4,29.55,99.73,178.3,-83.12,73.97,-104.8,250,157.2,-3.71,-4.13,2.63,-4.74,-0.58
-103.1,-93.24,-24.06,0,-120,56.23,47.27,49.85,-42.25,70.94,106.2,-22.12,150.7,-42.71,-28.99,73.86,18.01,-10.98,66.97,9.042,-158.4,2.572,-116.3,-0.8772,64.6,86.16,70,-71.27,-2.22,0.79,3.16,-0.02,-2.87
6.148,3.074,-13.73,40,-68.97,-2.038,-47.98,35.48,19.24,25.76,90.54,-26.25,-12.07,32.35,79.4,12.51,164.4,-78.78,59.19,15.28,41.44,39.76,145.8,-14.04,158.3,49.82,90,0,3.63,4.26,0.03,0.63,-3.76
87.43,74.02,-16.66,120,-54.05,-88.96,-67.03,39.07,4.122,-83.46,99.49,-44.39,-0.2302,119.9,35.58,-43.1,165.5,-52.21,-13.5,26.19,124.1,-5.397,-6.803,-121.8,55.85,-61.85,150,44.49,-2.7,-4.28,-3.2,-4.48,3.05
77.19,68.9,3.02,70,-78.13,-93.73,-86.08,74.99,-72.49,-57.58,-15.82,-40.27,23.45,73.01,8.678,-64.28,81.23,-45.8,79.95,93.22,-63.89,-175.8,-12.06,-179.3,68.35,-131.2,90,47.89,-0.74,2.51,-4.19,-3.36,-0.65
0,-3.788,-9.149,40,-34.48,-45.98,-35.28,-59.42,113,-11.08,119.6,-47.69,-32.79,26.1,60.95,57.53,172.6,-170.4,28.04,43.34,95.45,40.14,170.2,-30.76,175.2,22.73,70,-3.017,-3.36,-0.41,-2.16,0.46,4.55
0.6562,3.618,19.26,60,-48.39,-18.3,-58.47,-4.908,33.69,24.68,67.22,-2.988,-48.06,10.19,1.358,-29.68,23.49,-97.41,-31.66,120.2,78.43,-22.94,119.5,-6.769,63.97,49.83,90,8.84,0.75,1.95,-0.85,0.18,-1.08
-12.47,-12.81,65.28,20,0,-59.5,-51.97,-67.68,81.96,13.78,63.71,-79.63,-41.57,-74.38,32.88,38.61,-29.56,-86.65,-41.37,-60.73,53.43,-23.37,175.3,-33.19,147.2,-44.15,60,-3.536,-3.26,4.84,-4.2,-2.86,2.27
183.1,193.5,44.66,160,-36.59,-104.6,-103.9,41.31,28.72,-78.6,24.22,58.66,-27.52,-143.7,46.89,-114.9,-53.23,44.06,-172.4,-258.5,130,121,-45.25,-32.12,-75.37,-47.89,150,171.9,-1.67,-0.12,4.63,1.52,0.62
202.1,203,31.36,240,-10.2,-81.09,-110.4,23.6,15.94,-107.4,-168.8,120.3,-67.52,-85.47,80.16,-129.9,-137.3,126,-39.42,-112.6,-83.82,90.73,31.4,-25.34,42.6,-45.27,240,159.1,-4.97,-0.88,-4.27,2.6,-2.32
-130.6,-131.1,-44.37,-120,-346.2,139.7,129.9,108.3,-81.32,144.5,71.6,-27.15,90.31,-154.8,-102.6,152.3,9.617,32.48,74.1,-35.49,-111.5,62.21,-101.5,166.1,-31.74,167.4,-90,-105,1.24,-1,-2.07,-3.68,4.65
-93.18,-95.93,-18.62,0,-160,64.11,77.96,112,-89.13,80.46,54.05,-49.64,122.7,90.59,22.96,47.08,66.75,-45.29,64.4,92.13,-110.4,-82.55,-184,-82.12,-59.79,-13.45,20,-72.84,-3.27,-4.51,-4.4,2.32,4.35
-103,-100.9,-29.28,-20,-130.4,56.26,90.95,87.38,-72.09,66.51,99.68,-55.47,170.3,115.5,-93.79,136.3,95.32,-101.5,97.39,116,-126.9,-27.63,-162.8,-73.55,-35.75,-17.94,50,-80.98,-1.86,-2.79,4.6,3.3,2.57
-86.39,-86.16,-50.38,-20,-130.4,-8.227,24.57,103.3,-198.8,-18.32,25.23,-102,24.14,77.18,-132.7,29.79,51.44,-4.507,104.4,140.2,-27.72,57.76,-6.588,-120,37.94,41.01,30,-69.23,0.86,-4.6,0.54,-2.9,-2.24
233,206.3,-15.73,230,10.42,-116,-115.5,-123.7,53.73,-122.3,-239.4,106.3,-117.1,-127.7,28.01,-85.92,-198.5,103.3,-107.3,-369,6.277,68.59,29.34,-40.57,29.38,-83.97,240,141.2,3.65,1.85,-0.3,3.18,-3.59
-12.43,-14.03,28.48,180,-11.63,-22.98,-22.14,-6.15,38.88,-66.69,-103.4,220.1,-112.9,NA,102.2,-102.9,3.474,175.7,-41.96,-64.64,57.02,46.92,88.4,28.19,4.153,9.768,180,-7.308,2.11,4.74,-4.68,-1.82,-1.29
84.42,73.46,6.389,130,-52.63,-66.1,-88.86,77.76,-2.184,-46.12,9.301,19.35,-11.17,85.27,48.03,-58.7,-43.38,59.79,-70.1,-3.192,-37.66,-78.64,-18.89,-120,82.2,-50.06,150,49.23,-4.68,-4.5,-1.31,2.21,-4.89
-12.43,-21.84,43.09,60,-48.39,-86.53,-28.81,5.776,-28.4,-38.89,33.8,-64.39,-23.88,-25.28,38.61,19.02,122.8,-54.32,-2.559,-7.581,11.51,3.592,159.3,-54.01,100.8,-10.18,110,-11.15,4.75,-1.66,-3.24,-3.62,-4.63
193.7,171.1,51.75,240,0,-133.1,-115.5,-87.46,106.2,-138.4,-135.3,82.7,-163.7,-46.85,94.53,-109.7,-150.5,84.24,-138.8,NA,127.1,31.17,124.8,-111.5,20.81,-98.26,240,118.5,-0.55,1.66,2.39,4.98,1.93
-70.03,-66.26,-39.79,-160,-277.8,101.8,4.549,67.57,-106.2,124,-48.28,-131,67.93,-49.55,-78.53,194.3,-65.69,-140.3,45.85,-104.1,-76.37,42.99,-160.1,114.1,-143.9,-14.83,-90,-53.85,1.71,2.88,2.15,4.65,-2.66
-96.86,-91.4,-91.91,0,-100,81.42,64.6,-129.3,-26.65,106.8,44.83,-59.03,99.01,61.01,-118,55.89,107.2,-11.75,173.1,80.2,-74.8,-63.38,-49.9,48.51,76.97,52.98,90,-68.85,2.48,-3.47,2.33,-0.15,1.49
-131.8,-115.9,-14.86,-20,-173.9,95.53,69.08,170,-117.9,84.54,100.1,-36.11,148,204.3,-103.6,72.73,70.71,-3.615,115.7,241.3,-100.4,-19.3,-143.4,-111.2,0.4721,39.96,40,-95.05,-3.17,0.12,-2.51,-4.79,-2.84
209.2,199.1,-26.72,-150,-250,-61.36,-104.7,35.61,-16.2,-70.81,-161.3,117.9,-119,-141.5,57.03,-12.3,-145,97.36,-145.1,-169.7,-91.56,191.9,36.58,NA,-62.84,35.75,-140,183.5,3.01,-2.88,-0.51,0.97,-0.85
-141.3,-134.5,1.993,-90,-156.3,80.76,89.13,-42.39,-93.25,111.9,1.117,-4.717,103.5,-39.23,-102.9,128.8,64.67,37.52,134.6,-13.16,-113.1,-110,-183.8,8.225,-111.6,23.13,-30,-123.5,1.05,-2.52,4.85,-2.05,0.01
37.36,29.79,49.77,-40,-142.9,-8.757,-71.31,81.82,-91.99,32.46,-28.26,-119.8,133.9,107.1,-102.3,6.228,-101.6,-236.4,127.5,140.4,-32.1,20.98,-85.05,-128.6,-58.26,-87.67,-10,-10.7,-0.71,3.19,-3.93,-4.24,1.65
70.65,65.88,-11.81,100,-71.43,-105.7,-77.99,25.31,-2.933,-47.91,-53.78,-27.89,-109.2,19.05,38.03,-127.2,-86.53,-38.21,-162.8,115.5,-68.66,-61.09,30.6,-59.57,-25.35,-56.47,90,40.73,-1.48,4.14,4.16,-1.2,4.95
154.9,160.8,50.22,230,0,-96.43,-98.05,-84.18,100,-60.03,2.663,51.34,-73.43,-142.8,41.71,-78.8,-9.923,21.63,-89.36,-184.3,123.4,67.29,51.18,-72.97,4.221,1.738,220,147.8,-0.13,3.94,3.36,0.08,0.69
-117.5,-103.2,-23.21,-20,-195.7,132.4,62.39,179.8,-257.5,21.23,134.1,-122.8,168.6,222.4,-255.6,-20.85,16.28,-52.23,82.48,158,-107.9,103.4,-191.7,-102.5,-40.35,-14.39,60,-79.71,-3.78,-1.2,3.73,-4.2,4.65
-6.41,-3.205,-3.726,10,-76.92,-15.95,-48.79,103.3,-13.64,2.535,77.87,-24.82,-6.476,29.96,25.49,30.81,55.43,-98.71,-71.02,26.84,42.11,13.02,93.71,-44.43,15.88,10.31,20,-4.322,-0.91,-4.7,4.62,4.48,1.73
60.02,55.01,-82.69,170,59.52,-34.5,-73.55,-308.6,289.9,-12.37,-87.23,-83.7,-185.4,28.65,51.78,-115.3,-64.38,-65.28,-54.81,45.33,275.1,-58.09,281.4,-78.37,258.6,-60.06,180,48.2,3.28,1.66,0.38,1.49,-1.87
-106.6,-100.2,0.2396,0,-140,61.5,66.76,104.2,-112,59.06,126.7,-59.08,159.4,32.57,-108.7,36.12,41.74,-44.27,57.3,94.05,-174.1,22.34,-126.1,-92.67,36.99,42.6,30,-77.46,1.1,4.92,1.62,-4.28,-1.31
201,191.1,-9.61,130,26.32,-108.7,-106.6,-125.8,136,-167,33.91,84.39,-82.94,-126.6,85.32,-192.4,50.87,13.99,-41.3,-57.16,95.81,178.3,140.7,NA,66.36,-107.2,120,143.3,2.69,-2.1,-3.91,-3.98,2.96
69.35,62.8,7.911,100,-42.86,-92.31,-73.55,37.66,-20.48,-73.51,45.63,-37.66,15.16,19.52,-53.39,-83.97,17.78,-35.68,-19.69,15.08,4.23,-12.48,-112.5,-125.6,-5.691,-146.4,120,50.2,3.74,-2.85,4.26,-0.45,-3.88
223.2,208.5,74.4,250,-10,-148,-123.1,-13.95,23.98,-163.4,-215.2,62.98,-169.5,-96.62,106.2,-186,-150,54.1,-73.72,-221.8,6.628,-42.89,48.03,-165.2,53.05,-106,250,168.6,2.98,-2.07,1.59,-4.21,3.22
-106.6,-100.2,NA,-50,-125,29.87,58.51,111.9,-52.98,69.85,8.51,-46.23,68.55,37.79,-88.75,87.67,-13.03,-37.59,103.2,55.41,-94.06,-105.2,-98.05,-76.7,15.88,13.22,NA,-79.12,1.39,2.82,-0.43,0.52,2.67
-12.82,-6.41,33.74,80,-30.3,-17.04,-32.28,39.25,31.68,-51.93,140.4,51.2,36.81,122.6,49.97,-35.62,141,17.81,20.83,75.57,79.99,17.44,25.87,-29.46,72.33,6.534,100,-9.641,3.68,-3.02,-3.81,0.33,-3.75
211.6,208.4,-19.78,250,0,-124.1,-112.5,-99.38,40.76,-131.3,-226.9,61,-123,-134,138.6,-142.2,-291.6,14.91,-205.3,-253.9,12.26,103.9,46.14,-103.9,48.8,-118.4,240,176.7,0.47,-1.19,2.32,-0.51,-3.83
-38.99,-32.32,20.76,170,-11.9,-47.07,-10.89,25.62,36.25,-98.62,11.55,167.6,-67.32,-2.957,115.9,-85.77,65.39,119.9,-72.11,4.795,107.3,15.94,71.92,12.55,-20.94,-18.94,180,-28.45,2.74,-0.99,1.35,2.47,3.98
55.62,63.07,19.34,100,-42.86,-63.57,-83.48,46.22,-45.78,-58.55,6.761,65.89,60.98,35.26,-4.262,-71.81,11.24,44.02,58.75,-24.64,-102.7,-110.6,36.39,-113.6,85.61,-88.29,130,53.55,0.91,1.8,-3.04,0.91,-3.89
-17.78,-18.5,23.35,40,-51.72,-73.47,-54.44,56.31,6.146,-12.54,29.89,-26.03,-27.38,-26.16,24.31,-6.279,26.47,-11.15,-6.091,-16.89,55.45,-18.47,95.6,-47.24,89.49,7.789,50,-12.05,-2.33,-2.63,-3.06,4.46,-1.63
-112.4,-107.5,-3.378,-40,-142.9,44.24,68.96,10.39,-112,77.49,-8.394,-64.17,41.61,13.42,-131.2,65.7,29.01,-11.91,64.64,86.91,-80.47,-33.06,-112.7,-58.64,-43.22,-4.39,10,-90.7,-4.62,-2.77,-4.46,4.45,1.29
-110.1,-99.92,-71.21,0,-120,59.64,54.44,20.27,-103,62.65,108.1,-64.17,156.6,33.89,-134.5,88.25,104.3,-18.04,146,66.77,-109.1,20.8,-93.2,-53.81,78.35,31.81,70,-79.99,1.49,2.13,-2.28,NA,3.15
81.36,69.84,34.2,-20,-152.2,-62.58,-100.4,77.92,-75.76,5.797,-8.834,-3.688,124.4,-18.86,-56.63,43.68,-97.4,-77.03,7.186,-44.92,-23.98,-90.62,-105.5,-102.6,40.35,-62.28,30,-250,-3.63,-3.68,-2.42,1.61,-3.26
2.542,-2.895,-32.66,100,-71.43,9.386,-42.26,-101.9,105.4,41.13,108.6,-11.26,-145,-116.1,64.09,-32.85,22.89,14.78,-71.52,-70.4,65.63,73.72,65.67,50.58,160.5,-33.12,100,-250,1.75,2.16,-1.54,3.16,-2.53
-96.61,-94.14,-70.02,-60,-342.1,128.2,68.66,165.7,-168,87.56,156.7,-115,131.1,47.01,82.92,143,42.12,-173,-10.52,24.67,-156.7,-0.8215,-181.4,-64.43,10.31,18.11,-40,-250,3.1,2.08,2.59,-1.55,2.79
-17.8,-8.898,-7.039,220,-10.64,-19.17,-10.56,-151.5,154,-126.5,32.88,104.2,-101.7,-78.59,255.1,-155.4,-7.962,105.6,-162,-49.03,121.4,12.35,57.47,75.51,-29.11,-54.92,190,-250,-4.72,2.58,1.14,4.82,1.32
-157.6,-149.6,-106.1,-130,-250,39.08,206,102,-105.6,62.09,191.6,-80.95,78.51,62.71,-28.94,193.3,99.81,-136.9,105.6,45.49,-169.4,-8.449,-66.67,80.21,26.27,150.6,-20,-250,2.22,1.94,2.37,-2.37,2.53
-99.15,-91.24,-109.4,-50,-250,233.3,110.9,185.5,-182.9,87.15,179.5,-40.42,206.1,187.6,-117,113.8,86.84,-92.51,176.4,130.1,-126.2,77.53,-204.1,-97.58,209.3,180.5,50,-250,-4,3.37,-4.65,-3.44,-3.67
73.73,66.03,29.41,70,-140.6,-50.01,-100.4,96.33,-98.96,-9.406,112.9,7.294,129.4,-51.29,-4.021,-82.73,65.83,6.01,64.24,-26.56,43.69,-46.24,-0.6183,-36.26,98.55,32.55,120,-250,3.89,0.72,-0.58,1.94,-1.52
228.8,222.7,13.1,230,-31.25,18.52,-95.07,34.02,-37.09,-126.5,-195,170.1,-118.3,-91.9,110.6,-138.2,-138.5,127.2,-133.5,-63.27,-50.76,250.2,11.19,-11.03,-14.09,5.847,230,-250,-4.97,2.43,-1.58,1.05,4.34
-102.9,-88.21,-75.91,-30,-250,158.6,51.75,112.6,-230.4,102.9,92.64,-93.37,221.4,130.6,-86.56,109.6,12.45,-127.1,174.5,124.5,-130.5,51.25,-253.8,-129.2,-54.04,-63.23,50,-65.68,3.34,1.51,-4.17,-2.57,-0.08
224.3,222.4,-5.459,240,51.02,-40.31,-114.2,-170.8,225.3,-101.7,-50.56,129.7,-101.9,-196.5,189.7,-130.6,9.802,134,-78.78,-299.2,142.8,232.6,91.74,-24.58,140.7,20.08,250,176,-0.35,-4.93,-3.43,-0.73,3.86
105.3,93.09,46.65,-60,-105.3,-39.34,-88.27,74.8,-80.67,0.185,69.82,-79.82,114.5,34.48,-38.03,-17.38,15.09,-160.1,9.326,56.63,62.11,-20.04,-16.21,-91.08,66.12,-75.09,-20,77.23,1.09,1.15,-4.62,-4.31,-0.9
-148.7,-136.9,-146.6,-180,-428.6,135.3,124.4,98.85,-268.6,99.98,10.49,-58.31,179.2,-60.74,-135.1,155.3,-31.84,-14.41,125,-77.81,-157.5,-47.09,-365.8,70.23,-312.7,-20.71,-80,-117.8,-2.89,4.64,-3.85,3.37,3.09
-104.5,-89.02,-131.7,-50,-150,68.34,72.5,-79.96,-51.88,99.57,-8.91,-148.5,150.1,173.1,-216.5,80.92,-8.044,-100.3,119.5,38.98,-70.36,77.2,-103.6,33.7,-36.17,-97.39,50,-64.09,-4.45,-4.44,4.02,-3.28,0.86
104.5,100,112,60,-32.26,-144.1,-93.46,-59.15,16.51,-38.33,-13.47,-53.16,23.63,65.59,-28.03,2.71,37.56,-68.69,35.76,10.46,104.4,-103.4,14.63,-108.7,53.61,-120.4,100,79.62,-0.07,2.71,1.25,2.99,-2.19
-154.1,-141,-57.95,-100,-233.3,113.9,120.3,128.7,-206.8,89.55,84.15,-46.74,171.1,24.05,-133.7,133.1,56.81,-35.26,167.3,102.4,-132.7,-31.01,-177.9,32.33,23.72,-46.77,-20,-119,-0.14,-0.48,-3.31,1.97,-2.68
4.07,2.035,-32.84,130,-13.16,2.716,-36.53,-3.807,101,16.96,117.3,-13.51,-115.7,-52.55,49.17,-0.7329,-9.637,-69.07,-114.9,27.22,135,91.28,86.87,6.173,111.2,88.42,150,-10.39,3.95,-2.89,-2.69,-1.21,-0.74
226.7,235.5,-25.28,220,-21.28,-16.34,-96.27,33.32,-40.49,-53.58,-236.9,92.59,-143.5,-180.9,42.19,-107.3,-142.5,189,-52.17,-173.1,-116.7,206.3,57.49,133.6,8.131,141.2,230,206.9,-3.99,-1.26,-2.56,1.57,-3.17
13.95,15.7,-13.77,180,-34.88,3.775,-36.53,63.68,104.9,-9.854,120.3,20.78,-123.1,-85.37,174.9,-35.93,126,-45.98,-46.76,-87.76,136.9,113.3,45.82,46.44,80.43,43.2,160,9.446,2.52,1.26,2.4,-1.96,0.16
72.67,82.85,46.48,-40,-142.9,-53.4,-88.81,-17.48,-49.66,9.119,-62.13,-62.81,143.3,-39.62,-78.43,-75.6,-83.37,-150.7,62.41,46.58,70.66,-65.81,-55.76,88.79,-135.6,-73.61,-10,72.1,-2.81,-0.69,0.4,-1.38,-4.47
88.95,82.27,38.22,-50,-100,-42.81,-81.34,86.71,-58.17,7.469,NA,-93.89,155.4,7.136,25.05,40.91,147.8,-120.2,150,-5.791,78.7,-21.71,8.301,-35.34,48.82,-66.08,-30,59.19,1,1.16,2.7,4.91,-1.9
-86.63,-81.1,18.23,-10,-145.8,-3.636,15.75,98.79,-72.58,55.32,21.79,-41.91,87.84,82.74,-39.7,97.93,41.34,-57.53,129.4,71.63,-95.97,-131.6,-179.3,-138.3,-50.31,-116,10,-66.12,0.76,-3.84,-1.15,4.79,-0.25
-133.5,-113.6,-127.7,-240,0,21.43,59.45,36.99,-81.89,65.47,5.25,-23.61,46.03,6.351,-7.98,120.9,-51.19,-48.29,5.799,79.33,-75.37,-59.07,-65.23,69.36,-64.83,74.77,-250,-82.5,-2.42,-0.92,1.74,3.46,-1.19
247.2,227.7,-19.84,250,-50,25.63,-77.68,44.91,NA,-110.8,-240.5,137.6,-186,-215.6,136.7,-196.5,-275.2,219.2,-189.2,-78.14,20.63,259.5,-23.11,140,-21.15,76.67,250,174,4.83,4.85,2.24,-2.87,0.82
-93.75,-72.92,-144.4,-130,-250,201.1,43.78,46.19,-237.5,63.9,153.4,-46.07,205.4,31.01,-101.5,83.94,-0.03369,-48.96,149.3,-92.46,-205.5,106.5,-187.5,-112.6,22.99,78.19,20,-54.67,2.49,NA,3.31,4.32,1.26
100.4,81.44,1.865,10,-192.3,7.767,-97.27,-22.44,-113.3,43.39,51.48,-67.62,69.41,-16.41,-160.3,-78.75,165.8,-52.34,132.4,-6.566,-122.1,51.93,-125.3,-73.73,37.85,13.33,90,66.6,-3.86,-4.41,1.72,-0.57,1.85
-2.841,-11.84,-95.48,20,37.04,-16.4,24.19,-73.17,37.66,-70.19,133.6,61.26,56.42,-100.8,-174.5,-58.99,120.9,19.27,116.8,47.83,44.22,49.76,243.5,73.91,131.5,103.2,60,NA,0.04,0.94,2.46,-2.21,-2.02
-105.1,-83.81,-131.9,-100,-266.7,86.57,12.43,-6.717,-17.38,123.1,21.76,-108.9,60.75,-43.92,-133.9,38.96,-55.84,31.43,116.8,-35.2,-59.91,125.3,-94.26,127.4,74.33,-65.56,-30,-64.61,-2.46,-0.39,2.75,2.77,4.72
139.2,111.3,60.55,40,-103.4,-74.19,-109,11.17,82.64,34.71,40.16,-79.3,84.13,3.506,27.32,14.16,88.33,-78.01,76.41,-76.71,-62.35,-31.59,-85.67,19.33,168.9,-61.76,70,71.57,-0.6,2.87,-0.65,1.44,-4.65
216.9,191.8,69.65,240,20.41,-25.86,-97.27,-93.1,112.8,-79.65,-24.47,174,-38.84,-86.61,108.5,-122.5,-59.72,103,-78.26,-149.7,58.05,60.25,101.6,111,30.64,36.09,250,142.6,-1.58,-4.63,-1.95,-2.01,1.52
0,7.629e-06,11.09,10,-96.15,81.32,-30.66,32.39,-10.28,67.05,126,-47.41,25.24,-59.1,-128.6,25.09,82.9,-82.74,69.68,32.09,-81.87,144.1,120,8.488,166.2,80.08,90,-5.467,0.19,2.34,-4.86,0.11,0.56
-111.8,-102.8,-111,-80,-323.5,151.5,61.46,61.08,-218.6,79.72,89.32,-87.26,177.5,30.57,-129.6,56.45,-0.1472,-40.28,114.5,-27.65,-173.6,37.23,-292.3,-105.2,-129,-135.2,0,-80.3,1.19,4.59,-0.13,-2.49,1.35
0,-19.53,-82.69,0,-40,17.03,14.9,26.64,-11.89,-39.86,139.2,91.51,61.42,-140.2,-94.2,5.39,136,14.65,100.7,57.31,-43.63,71.35,154.3,-14.7,50.8,42.72,40,-34.41,-2.07,2.18,2.38,-4.45,-3.05
-97.27,-83.79,-149.9,-100,-133.3,68.18,19.56,-18.85,8.139,112.8,-23.31,-142.4,138,-50.05,-38.04,148.4,-59.77,-107.5,10.96,-201.5,20.17,100.8,-191,118.8,-109.7,-141.5,-30,-77.14,1.49,-2.12,-4.55,-1.99,-2
-158.7,-141.9,-114.4,-120,-269.2,145.5,117.3,71.16,-201.2,85.42,80.52,-37.09,166.2,-73.46,-98.13,158.9,52.85,-50.39,144.1,-91.7,-165.2,0.795,-232,19.76,-124.9,38.99,0,-128.2,1.78,-2.91,3.1,-2.87,-3.6
96.42,75.55,58.62,40,-137.9,-47.22,-92.2,109,-88.76,3.037,105.7,-63.54,104.9,1.965,34.41,-29.15,142.6,-58.34,NA,18.1,25.35,-50.22,-28.82,-147.8,77.83,-9.127,90,45.49,3.56,-4.37,3.68,-1.29,-3.79
202.2,191,52.3,250,20,-31.75,-92.2,-91.33,163.8,-59.22,21.27,98.35,-72.35,-183.6,84.95,-107.2,-36.95,150.5,-52.15,-270.8,102.3,224.7,45.89,105.9,37.69,-30.39,250,142.8,0.49,-2.11,-0.78,-3.48,0.22
-106.5,-101.3,-14.46,-30,-204.5,32.61,20.78,8.875,-153.3,71.66,-22.33,-57.12,107.4,139.7,-129.9,96.54,83.26,-64.37,129.5,76.97,-157.3,-0.2972,-170.5,-157.8,-70.91,-42.28,30,-88.57,2.16,3.33,-3.7,-4.04,-4.93
-1.402,4.107,12.81,-20,21.74,1.741,-57.69,-11.06,88.19,1.848,101.2,28.7,-113.5,-97.99,38.05,45.08,128,-104.8,66.87,60.25,155.6,90.12,25.5,-12.42,49.61,58.69,10,1.31,3.08,-3.53,-4.82,4.51,-2.05
-113.6,-109.7,18.33,-40,-142.9,-15.78,27.91,33.22,-87.41,61.73,-65.78,-29.86,62.62,109.8,-119.4,125,40.87,-71.65,88.02,107.8,-165.1,-68.34,-133.9,-126.1,-56.95,-75.02,10,-97.22,2.28,2.49,0.79,-0.45,0.18
-161.2,-155.1,-52.67,-20,-195.7,-20.78,63.58,-7.215,-51.06,94.49,NA,-50.05,26.05,-15.7,-38.93,112.9,-50.19,41.59,50.79,24.24,-40.31,-163.4,-201.1,12.93,-139.7,-192.1,30,-133.9,1.36,-4.55,-3.6,1.68,-1.16
76.17,78.95,-13.99,-60,-26.32,-130.9,-93.35,-50.79,30.57,-38.85,-6.814,-77.82,71.58,-9.052,-46.63,-49.9,-32.13,-54.43,37.26,26.81,113.2,-67.1,110.6,3.215,23.75,-179.9,-60,54.25,-4.44,0.1,-0.78,-3.42,-3.17
41.59,56.85,-158.3,90,-73.53,-20.78,-43.42,9.729,-37.34,-31.57,14.91,-85.39,155.9,-16.53,78.64,-73.33,-43.91,-162.4,-103.2,-19.49,109.3,42.27,64.17,176.4,9.266,-87.22,140,53.72,-3.08,-4.6,-1.28,-2.06,4.21
-113.4,-105,-198.4,-70,-138.9,-36.12,99.31,-82.06,-108.6,32.42,-129.2,-120.3,12.4,138.2,-199.1,106.2,74.21,-33.69,206.8,-64.82,-118.4,19.24,-129.4,-77.22,-103.1,-181.7,-30,-82.18,-3.91,-0.15,-4.85,4.28,0.18
11.28,7.306,49.33,70,-31.25,14.55,-41.75,55.19,57.06,0.9764,115,65.65,-128,-113.2,103.3,42.08,69.14,-20.24,-55.52,-33.92,59.74,83.07,127.4,-19.91,62.8,69.07,70,5.038,-2.25,3.52,0.07,0.95,2.32
-142.2,-129.4,-89.52,-50,-225,70.38,86.49,77.92,-132.7,97.57,7.76,-40.9,145.5,-27.46,-15.74,133.9,-47.34,-25.91,102.4,43.35,-89.09,-99.3,-256.9,-1.931,-140.5,-65.74,0,-103.7,-1.12,4.66,4.81,1.17,-4.98
97.12,90.23,-13.22,100,-71.43,-96.09,-86.63,0.9608,36.73,1.734,24.42,-34.24,127.4,-102.5,28.91,-27.7,3.301,3.822,14.93,-17.27,135.6,-85.62,90.66,26.54,32.96,-16.52,110,63.06,0.71,-4.58,-3.23,-2.26,-1.2
11.28,7.306,43.57,20,-92.59,5.239,-54.57,148.2,-27.27,9.689,113.5,46.7,-51.74,-117.1,5.909,21.94,130.8,-48.56,35.58,6.498,-3.514,66.14,109.2,-56.25,59.26,63.94,30,2.953,3.63,1.21,-4.76,-2.08,0.29
111.5,107.4,-31.95,20,-111.1,-98.16,-105.9,15.66,-43.84,-10.77,-34.26,-18.36,129.8,-43.06,-15.07,-1.946,42.13,-62.71,18.57,32.65,43.46,-83.01,29.34,9.306,-49.98,-87.13,50,83.56,-1.54,0.22,-2.99,-1.89,-3.63
233.1,224.9,68.83,230,0,-111.6,-118.7,-51.42,81.15,-67.58,-196.5,81.02,-166.7,-103.5,115.5,-78.28,-181.6,116.4,-87.11,-225.3,-19.79,108.5,-2.897,16.42,-9.52,-54.61,220,160.7,1.35,2.22,-1.31,-4.92,1.76
-106.5,-98.26,-119.2,-40,-142.9,10.41,125,-82.18,-89.01,35.82,-119,-124.4,154,164.5,-113.2,97.8,28.62,-76.16,187.4,16.01,-172.8,104.9,-126.9,-44.26,-111.2,-147.5,0,-77.31,4.84,-2.23,2.71,-1.84,3.79
227.4,235.4,36.1,250,-50,-37.16,-99.45,62.98,-44.59,-135.4,-2.383,131.2,132.2,-127.9,57.33,-130.3,-79.42,168,-91.97,-200.3,109.5,155.4,-23.57,-33.02,-90.95,57.95,270,192,-1.72,2.5,-1.38,4.53,-3.24
-115.5,-102,-98.19,210,32.61,46.21,35.19,-146.4,183.2,68.56,-97.74,22.71,-196.1,-94.94,237.9,55.83,-84.34,52.98,-210.2,-52.75,159.8,-8.476,174.8,155.8,157.5,143.1,220,-85.67,-3.26,-0.9,-0.23,3.26,2.34
-14.44,-12.99,-13.82,40,NA,13.77,-42.77,131.5,-98.98,-8.488,148.3,25.59,40.09,-115.5,-69.71,52.2,166.7,-39.06,66.39,-124.2,-113,154.9,140,-84.42,117.5,83.81,70,-9.885,4.51,-1.17,1.26,1.23,1.27
-156.1,-137.7,-116.6,-40,-214.3,152.2,94.81,96.4,-145.9,124,81.12,-55.6,123.7,-75.6,-103.1,96.49,-19.71,8.247,75.08,2.231,-126.1,44.47,-122.6,86.01,15.54,118,40,-116.1,0.3,-2.53,-0.93,-1.76,-2.08
101.1,87.08,43.32,-20,-130.4,-58.67,-97.8,12.15,-12.72,19.43,45.96,-44.66,140,-20,-68.75,-15.43,52.41,-82.93,185.1,15.06,-77.54,-117.6,-48.27,-10.46,54.55,-48.39,20,64.25,3.4,-3.33,2.91,2.94,NA
-117.3,-106.7,-69.11,-30,-250,74.32,39.78,86.01,-169.3,75.63,26.84,-27.39,111.9,-33.29,-164.3,59.05,-0.04073,-10.68,131.6,20.56,-140,-94.25,-222.8,14.62,NA,42.79,0,-85.67,3.07,-3.14,2.01,-4.5,-3.77
247.3,237.1,5.735,220,0,-53.26,-102.4,-66.54,76.36,-125.7,-121.8,162.6,-96.17,2.969,39.18,-148.3,-96.51,136.4,-78.42,-140.7,-20.53,168,84.68,38.42,42.33,-99.29,210,170.1,3.45,2.31,-4.74,2.62,-4.64
224.7,214.3,2.665,230,0,-34.88,-88.63,-58.2,27.6,-168.9,-191.5,158,-183.4,-116.7,73.57,-167.6,-152.7,77.06,-59.59,-287.3,10.71,257.5,-13.12,-39.08,2.381,-98.15,240,178.3,0.9,-3.87,-2.07,0.76,2.84
-12.64,-12.09,-1.927,70,-46.88,0.7992,-38.18,-1.889,61.35,23.15,120,-21.63,-5.332,1.761,104.1,-27.1,178.9,-105.3,80.87,130.5,24.65,64.99,186.1,-46.8,204.9,58.74,110,-12.77,-3.73,4.48,1.32,0.25,-2.35
-5.734,-2.867,28.22,90,14.71,45.05,-17.41,57.42,81.92,-26.49,139,80.06,-98.68,-193.7,76.16,19.18,151.6,-58.32,-8.715,-76.38,53.75,161.7,133.9,3.068,118.6,-12.53,100,1.526e-05,-0.87,-2.58,-3.65,1.19,1.56
12.61,19.47,54.27,140,-25.64,50.69,-39.67,74.26,91.37,6.723,151.6,19.21,-82.61,-82.93,127.8,40.86,223.5,-75.1,-38.04,-68.71,102.1,105.6,144.4,-21.37,112.9,36.54,150,14.39,1.67,4.4,2.03,-2.4,1
-98.05,-88.5,-18.27,-80,-176.5,23.44,27.12,-2.993,-89.4,72.72,-104.2,-9.395,62.08,25.16,-25.13,87.17,-98.27,-70.91,36.8,35.61,-95.57,-70.44,-237.5,16.49,-263.2,17.14,20,-77.64,-3.05,1.46,1.95,1.12,0.59
266.1,281.1,-89.82,210,32.61,45.99,-67.5,-84.62,63.03,-110.8,-192.2,147.2,-167.4,-80.2,111.3,-146.8,-145.5,123.7,-147.3,-131.6,-34.62,163.7,-49.81,NA,-47.56,148.4,200,230.9,3.61,-4.68,-0.21,4.41,-2.3
131.3,124.9,-24.51,-70,-111.1,-66.74,-89.76,-6.113,-62.32,-5.514,25.86,-59.84,156.4,-32.97,-101.9,-18.75,109,-73.42,145,-90.18,91.08,-48.51,-4.595,25.1,-59.08,-75.85,-30,93.37,3.73,-2.96,2.21,0.04,-0.32
-142.2,-127,-140.5,-110,-107.1,11.23,54.95,-44.8,-91.92,75.34,30.23,-10.43,88.39,19.71,-191.3,145.3,115.2,23.9,193.6,-76.38,-73.09,-203,-214.5,-49.25,-137.8,-80.42,-10,-105.4,-1.15,-3.08,0.63,-4.89,-2.45
-89.45,-74.33,NA,-20,-86.96,-0.03995,4.855,-93.11,-54.76,81.46,-7.477,-71.28,8.007,123.3,-142.3,1.447,-75.06,-100.3,36.8,175.2,-70.43,-19.62,-101.1,-162.5,-26.9,11.43,70,-58.23,-0.69,2.86,-4.92,-4.39,0.24
-93.2,-87.14,-89.94,-10,-145.8,53.1,54.79,11.58,-117.6,77.01,-12.99,-68.13,113.6,71.54,-60.06,71.38,6.757,-75.22,61.93,93.1,-148.1,-12.12,-166.5,-9.578,-112.3,-44.22,70,-70.04,-3.48,-1.91,-3.82,4.31,-0.14
84.43,82.76,-2.948,80,-121.2,-77.84,-86.54,132.5,-76.26,-57.58,64.68,-62.25,184.5,49.09,86.63,-50.15,54.96,-64.78,1.22,101.8,68.58,-108.5,-3.603,-49.54,-8.718,-83.16,100,60.99,3.97,-1.62,-1.38,1.05,-1.93
-1.096,-0.5482,-42.93,70,-31.25,-30.58,-39.43,77.65,54.05,-49.11,180,-6.013,-40.99,-115.1,53.71,-16.1,91.35,-136.2,3.511,77.06,5.13,152.5,123.3,-61.86,88.74,31.94,80,-0.3351,-2.79,1.46,3.46,-4.15,1.87
-100.3,-94.08,-7.441,-30,-227.3,61.96,62.64,142.4,-175.6,51.62,73.67,-23.67,132.6,27.83,-173.1,13.23,52.01,-43.01,115.8,43.52,-173,-91.28,-224.8,-108.2,-98.06,15.49,0,-72.72,4.49,1.51,3.4,2.17,2.03
176,165.7,58.76,210,-10.87,-71.93,-110.1,-26.26,69.94,-61.39,-19.53,100.6,-70.63,-162.3,108.1,-30.24,-144.7,44.94,-146.5,-251,94.91,128.3,13.39,25.72,-19.38,-91.82,220,101.5,1.11,-2.92,4.35,2.37,-2.97
23.03,14.89,-5.188,60,-64.52,-17.78,-47.28,132.2,33.39,-28.38,134.2,59.38,-24.05,-64.3,118.8,-43.86,201.5,-43.01,100.9,-8.971,16.88,55.84,101.8,-69.19,88.24,70.88,70,7.038,-3.6,-1.34,-4.08,-0.99,4.36
-145.8,-130.3,-34.1,-140,-272.7,153.5,133.3,94.5,-222.5,111.3,100.7,-47.21,141.1,-111.5,-173.8,154.7,39.22,-24.72,144.4,-92.09,-143.4,49.86,-166.2,78.34,-74.71,70.45,-50,-109.9,0.05,2.03,-3.03,1.24,-4.14
7.84,-2.837,7.499,90,14.71,12.51,-32.26,7.431,84.74,-10.94,155,49.31,-60.6,-141,-63.84,-21.39,131.3,-70.52,-0.04899,-4.839,39.7,90.03,150.7,-5.208,142.1,68.33,130,-3.777,-3.49,-3.97,1.4,4.06,-2.07
222.7,209.3,-50.11,150,-87.5,33.81,-74.22,53.07,-38.08,-71.38,64.79,117.2,91.63,-133.3,-31.57,-106.1,-75.5,79.34,-48.5,-235.8,77.51,189.7,22.83,103.5,-2.401,34.68,170,138.7,-0.23,1.33,1.28,2.38,-4.33
-83.33,-82.21,27.1,-30,-136.4,-74.57,-0.798,49.84,-51.95,39.27,-19.98,-74.25,-2.052,100.6,-109.8,49.09,-7.988,-48.08,130.6,111.2,-100.4,-59.24,-136.8,-152.9,-39.21,-175.2,30,-71.09,4.55,-4.28,-2.91,2.79,-2.93
218.6,207.3,12.49,180,-34.88,41.22,-79.46,11.61,29.27,-63.12,9.368,157.2,3.803,-130.4,88.64,-140.1,-88.32,151.7,-81.17,-172.4,82.68,199.3,-22.76,102.6,-50.25,21.59,180,154.2,2.78,-3.21,-3.94,-4.87,-0.24
-154.2,-137.9,-177.9,-140,-272.7,143.1,109.3,76.61,-187.3,99.38,138.2,-38.16,202.9,-132.3,-84.01,146.1,-18.24,-6.815,105.9,-140.1,-212.6,20.39,-223.7,117.3,-119.3,1.961,-30,-110.9,-2.28,3.62,0.94,-4.54,-4.84
90.88,85.98,-33.48,-40,-119,-70.87,-68.97,37.54,1.536,-22.17,90.88,-60.13,219.7,-98.47,30.55,-23.75,144.1,-127,215.2,4.735,119.3,-1.154,83.11,-15.32,80.42,29.54,-20,65.93,4.49,-0.06,-3.78,-4.26,3.41
63.01,72.04,-95.65,-40,-214.3,-21.77,-74.22,-0.4545,-77.04,19.12,32.73,-76.6,178.7,7.814,-120.3,-85.24,95.42,-105.3,182.5,78.93,106.6,-42.06,2.738,64.33,2.661,-31.22,-10,63.87,3.53,-4.92,3.07,3.58,3.45
-7.373,-16.51,-68.8,150,-12.5,97.79,11.25,105.1,59.45,-47.21,179.3,134,-119.1,-173.4,59.58,-71.61,96.28,20.65,-145.6,-72.5,78.87,147.3,146,15.36,108,61.77,170,-12.81,-4.83,-3.65,3.45,-0.73,-2.46
-93.16,-85.04,-130.9,-60,-157.9,56.43,-2.665,-74.7,-166.6,89.55,-4.646,-98.5,49.23,98.07,-209.5,49.14,74.48,-100.9,141.2,108.6,-116.2,19.47,-208,-106.1,-134.6,-60.65,50,-65.44,-3.84,1.68,-0.06,4.55,-4.55
5.362,-3.729,8.368,30,-35.71,31.06,-16.58,117,42.97,-17.28,211.8,-1.001,-68.02,-109.8,22.46,30.47,161.7,-81.94,48.42,53.53,59.57,138.3,111.7,-64.85,121.2,51.04,50,-6.579,-2.64,-0.85,-3.03,3.27,2.03
89.81,73.75,48.23,80,-121.2,-75.15,-72.26,82.71,-101.4,-29.78,58.39,-63.44,199.6,47.53,-37.09,-51.7,125.7,10.77,103.3,27.83,114,-81.82,-75.75,-49.83,-65.33,-26.69,120,54.71,1.83,3.92,-4.27,-1.16,-0.06
-101.6,-91.22,-166.4,-60,-184.2,19.81,35.06,-34.66,-118.3,67.32,-30.23,-43.09,88.35,96.54,-131.2,60.28,-26.52,-96.39,117.1,58.73,-151.9,-73.02,-180.2,4.376,-154.6,-51.04,20,-69.08,-3.67,4.41,-1.83,4.49,3.48
-145.4,-138.9,-147.1,40,-137.9,-35.13,91.82,18.43,-84.49,40.74,18.64,2.628,69.12,-75,-69.05,92.19,-45.17,37.41,42.09,15.58,-112,-180.8,-141.4,-0.839,-159.2,86.18,70,-119.2,0.16,1.43,1.87,-2.12,-2.99
111.7,107.3,61.22,-10,-208.3,-48.21,-87.92,91.23,-72.17,-5.331,60.13,-65,193.7,21.7,8.519,-69.57,124.3,-60.31,184.9,38.36,112.8,-97.02,-36.79,11.33,-15.2,-65.37,20,76.39,1.82,3.47,-2.29,2.24,2.25
13.16,6.579,121.1,40,0,27.66,-31.16,9.919,55.58,-9.584,148.2,78.19,0.7585,-194.4,-67.71,33.17,209.8,4.62,152.2,-100.7,0.2481,78.07,182,2.29,172.7,51.44,50,0.3655,4.02,1.02,-2.74,2.98,2.18
279.7,279.6,-49.47,220,0,-0.2464,-83.19,-25.78,73.53,-91.09,-103.1,109.9,-205,-1.005,99.46,-157.9,-86.38,106.3,-121.3,-107.9,-21.82,173.1,4.663,131.3,-12.03,78.79,200,213.8,-4.33,1.02,0.53,-4.98,-0.32
288.5,265.6,31.65,240,-20.41,-22.92,-97.38,10.01,49.42,-114.1,-137.2,125.8,-147.4,-37.16,187.7,-102.4,-186.7,146.3,-225.3,-172.6,19.27,152.8,-23.3,77.39,-10.67,41.88,210,187.9,3.15,-1.41,-3.94,-0.33,-1.36
16.53,15.62,35.63,NA,38.46,71.26,-16.97,-10.06,135.1,-21.28,134.8,80.84,-130.3,-162.5,72.05,2.129,111.1,43.97,-5.103,-134.2,113.2,137.9,140.5,11.33,155,27.55,170,4.386,-1.64,-3.34,0.57,-1.18,0.22
-102.9,-91.89,-46.35,-100,-266.7,86.09,20.87,-53.44,-163,110.2,2.045,-85.78,105.4,36.83,-184.7,55.47,-12.52,-113.4,211.5,131.8,-97.9,1.345,-298,7.853,-270.6,-106.6,20,-70.18,-2.31,-0.8,3.86,2.64,1.4
227.6,238.8,-34.26,150,-87.5,61.6,-81.15,45.93,-27.44,-49.59,71.02,135.7,88.61,-51.37,49.49,-60.36,-10.34,121.9,45.38,-230.5,74.96,194.4,15.88,123.5,-0.01101,73.62,160,191.8,4.06,-1.6,1.41,-0.38,-0.98
113.8,112.8,-11.42,100,-100,-47.04,-95.66,27.31,32.77,41.13,56.45,-54.87,130.3,-34.11,89.84,-80.91,181.1,-75.73,218.8,16.22,142.3,-98.23,91.68,87.72,76.46,7.118,110,86.51,-3.04,0.01,4.01,3.28,-2.11
11.82,5.908,35.52,30,17.86,36.46,-18.29,4.866,101.7,-6.838,138.2,30.2,-102.5,-153.2,94.63,25.14,126.1,-35,27.6,-118.8,112.7,120.3,187.4,-31.61,215.2,2.5,40,-0.6812,2.08,2.07,4.71,-4.99,1.01
-106.3,-95.93,-26.17,-10,-187.5,19.4,39.73,41.27,-95.8,78.32,-32.86,-78.12,84.44,122,-85.95,77.34,-94.09,-114.2,92.07,59.18,-152.7,-1.072,-166.4,-28.98,-115,-59.84,30,-80.04,-2.07,4.3,-4.29,-3.61,-2.86
-148,-129.9,-173.7,-150,-300,121.7,59.08,27.31,-163.1,117.9,71.49,-43.72,154.6,3.679,-174.9,126.3,0.03468,-50.09,149.9,48.14,-147.9,-49.21,-262.1,47.81,-128.7,-2.118,-60,-111.4,-3.36,3.06,0.06,-1.7,-2.67
-90.8,-84.87,-50.15,-30,-204.5,0.5465,30.06,7.141,-83.86,71.71,-46.03,-92.99,19.79,140.9,-38.07,88.85,-15.92,-62.91,58.72,70.23,-112,63.3,-65.99,-70.01,-8.621,-22.44,10,-69.48,-0.35,-1.86,-2.97,-4.03,0.48
203.4,190.5,30.59,210,10.87,-48.78,-84.5,-77.43,70.91,-72.98,-181.7,87.69,-202.3,-74.29,151.6,-79.32,-166.4,130.9,-240.1,-168.4,16.43,202.4,18.07,53.4,-11.35,1.696,200,132.5,-2.45,3.47,-0.56,0.49,-4.82
-100.4,-84.62,-81.04,10,-192.3,25.16,20.44,-13.44,-54.64,80.32,0.5802,-73.6,132.3,135.5,-84.49,74.29,9.882,-29.92,257.4,44.44,-120.2,62.25,-143.2,-27.09,-73.84,-5.658,70,-66.84,2.64,0.89,-2.64,-0.42,1.14
102.7,78.54,19.51,30,-160.7,-131.7,-89.27,38.22,-83.42,-59.85,18.86,-107.8,116.1,39.96,-79.18,-54.92,37.01,-79.57,92.49,72.31,160.6,-23.75,-24.59,-8.953,-0.1913,-74.6,50,55.96,-0.87,0.89,2.51,-4.37,-3.85
-106.8,-95.07,-30.62,-10,-270.8,58.53,29.99,118.8,-203.2,33.59,48.31,-68.6,92.14,75.41,-29.66,6.286,39.72,-53,40.42,148.3,-164,-15.12,-257.2,-174.1,-173.8,-95.75,50,-74.56,4.97,0.41,-3.42,3.54,-4.88
-6.894,-3.447,6.313,120,-27.03,27.58,-27.4,73.37,37.05,-28.56,154.1,102.4,-7.64,-154.3,55.06,-15.17,188.8,36.26,51.33,-32.33,-7.72,122,170,-26.27,145.4,52.01,160,-2.333,-4.03,-0.06,-1.98,0.67,2.67
6.894,-4.365,-3.548,50,0,26.68,-18.82,-5.917,86.43,-3.144,145.6,72.04,-34.32,-162.9,-49.19,46.13,201.7,-2.005,144.5,-19.98,-12.1,135.9,219.9,-2.818,203.3,66.02,90,-7.387,4.92,-0.02,-1.13,2.95,NA
247.8,209.8,60.4,220,10.64,-84.89,-100.4,-68.6,66.1,-72.48,-151.7,124,-116.7,-29.92,116.1,-111.5,-148,114.9,-104.7,-253.1,12.57,118.7,15.46,70.12,53.3,-27.8,220,141.1,-4.94,1.43,-2.53,0.83,-1.71
-137.5,-123.4,-105.7,-100,-100,49.89,49.87,-175.1,189.9,79.68,-188.8,-6.443,-216.5,-74.88,153.9,133.7,-176.8,-26.8,-199,-73.46,209.5,-38.38,167.6,64.11,21.19,126.4,-30,-111.6,-2.51,0.46,-0.02,4.13,3.96
116.5,101.2,0.3802,40,-172.4,-77.75,-87.51,53.29,-92.52,-41.42,45.81,-50.26,153.2,88.7,-88.57,-81.43,74.62,-56.56,103.7,137.7,-28.01,-138.3,-50.48,6.049,39.09,-78.02,80,73.87,-1.19,-1.22,-1,-4.47,0.5
36.35,27.32,-96.1,-40,-190.5,31.68,-59.72,90.23,-123,8.66,NA,-115.7,245.4,15.82,35.3,18.41,83.58,-57.26,132.8,12.59,105.8,-61.21,-88.37,43.71,-40.43,-66.51,0,6.342,1.23,3.76,2.53,4.5,NA
-163.3,-151.8,-103.5,-170,-250,108.6,90.62,58.6,-132.5,97.73,94.51,-5.116,152.2,-95.38,-113.4,177.2,-33.18,24.53,125.9,-114.8,-180.8,1.375,-155.2,62.36,-99.36,105.8,-80,-134.5,-1.27,3.45,4.6,2.85,1.85
-26.15,-22.22,4.925,210,10.87,65.65,-12.74,-26.41,51.95,-164.3,0.2427,278.5,20.02,-38.25,14.27,-173.8,46.56,200.8,26.22,54.58,12.57,51.52,109.4,80.32,104,-46.56,220,-13.02,2.94,3.71,-2.18,4.26,0.64
-97.58,-97.57,-80.85,-20,-173.9,-20.27,20.15,3.918,-111.8,35.64,-4.93,-131.5,22.45,138.2,-101.7,52.22,39.91,-132.7,88.53,117.6,-103.8,17.11,-132.9,-170.1,-26.65,-188.9,30,-75.1,2.9,-1.15,0.86,2.97,-3.39
211.1,194,41.31,210,-10.87,-45.24,-92.6,-5.431,54.31,-94.12,-168.2,124.6,-211.9,-78.03,199.6,-147.5,-183.2,99.17,-292.3,-202.9,30.54,166.8,-32.38,95.17,-16.67,-11.37,190,158.5,-0.91,-2.39,-3.21,-2.29,4.87
60.59,54.68,46.07,-10,-145.8,-24.26,-78.51,52.84,-80.61,-6.757,69.79,-53.41,152.2,130.1,-82.27,-26.08,87.38,7.853,159.1,65.77,30.54,-77.68,-58.9,0.1995,1.869,-2.439,30,42.39,-2.6,0.16,-4.48,2.66,-3.28
-14.71,-18.16,2.834,150,-37.5,-2.223,-18.27,41.9,105.8,-12.44,124,8.911,-131.6,-8.955,115,5.802,143.1,2.293,-108.5,-29.23,68.32,121,126.7,-43.94,77.89,-35.34,160,-11.56,-1.82,-0.72,2.45,-2.25,-1.25
-90.56,-86.95,-74.55,30,-125,14.89,56.32,52.48,-149.6,34.08,60.45,-75.52,121.4,142.7,-50.98,13.07,2.483,-83.42,73.25,172.7,-178.6,-47.27,-138.6,-114.9,70.37,-47.74,90,-63.03,4.92,3.09,4.61,-3.78,-2.88
-188.6,-165.5,-214.3,10,-115.4,73.91,153.6,-12.12,88.08,126,-85.75,-23.8,-108.7,-131.3,126.9,135,-124,73.16,-118.4,-52.1,82.28,-49.59,133.8,195.5,78.16,45.27,30,-136.6,2.67,-0.76,1.62,-2.34,3.72
-130.8,-109.6,-218,-80,-294.1,124.4,76.07,112.2,-284,-29.34,46.82,-16.48,240.4,96.65,-203.3,107.4,85.27,-90.77,172,72.65,-306.5,-67.02,-217.9,18.16,-162,-204.6,-20,-84.37,3.15,2.09,1.59,4.33,-1.46
4.533,8.036,-74.04,10,-134.6,56.08,-37.64,94.3,-59.49,-3.604,159.4,47.92,54.05,-239.5,-36.46,2.753,214.6,-35.8,184.2,-66.87,-74.34,185.9,206.4,41.44,80.68,23.36,40,11.22,1.29,2.02,-4.21,4.93,0.93
76.36,78.56,23.35,60,-112.9,-10.27,-84.16,24.67,-19.3,29.55,94.82,-96.99,155.3,51.06,-0.07462,-23.05,81.55,-108.1,48.36,-2.855,12,86.63,27.59,-29.07,135.7,-31.78,100,60.76,-1.66,0.52,-1.71,-0.1,-3.84
225.6,210.9,27.62,210,0,-115.2,-94.5,-44.85,94.97,-125.7,-69.75,55.24,-208.2,-21.05,124.2,-168.9,-108.2,74.12,-108.4,-185,39.76,276.2,-3.603,-110.9,50.04,5.333,200,163.7,3.2,4.46,-3.89,-0.83,-0.27
-17.78,-10.81,-4.296,20,-74.07,77.87,-37.64,43.68,-17.58,33.04,201.7,4.01,85.7,-50.74,-138.1,-26.8,91.78,28.8,175.3,21.77,-32.69,83.78,136,-17.78,169.3,145,70,-8.514,2.61,0.92,-4.87,0.11,0.83
201.9,191.3,36.67,220,-42.55,-57.8,-94.5,66.07,-43.41,-115.7,-112,151.1,-99.7,-8.321,37,-167.1,-158.4,132,-105.1,-60.3,-68.27,172.7,-3.24,-38.31,-57.43,42.8,220,147.8,-2.9,-4.41,NA,-0.75,2.91
-109.8,-95.3,76.71,60,-96.77,-5.318,45.06,176,-54.32,-28.9,61.68,162.1,54.05,-14.68,-30.97,20.11,123.4,53.87,47.26,3.711,-77.38,-72.35,17.79,-61.93,-17.97,88.04,60,-70.82,-1.46,0.54,-0.3,-4.99,3.46
50.56,57.97,-71.56,60,-145.2,-33.05,-89.33,48.07,-40.54,45.25,-31.47,-70.64,3.401,-12.56,32.19,-89.65,-5.884,-77.27,43.95,79.21,15.9,-54.22,-138.1,33.22,-122.5,-50.52,90,48.76,-4.22,1.7,1.16,4.14,1.42
-96.69,-83.35,-58.69,-10,-145.8,13.9,7.028,-13.81,-72.73,52.78,-26.65,-49.99,100.4,110.7,-170.8,24.8,-35.61,-95.62,157.7,96.95,-116.2,-16.89,-183.7,-54.34,-153.3,-8.566,50,-67.07,-3.59,2.64,0.03,-0.92,-1.48
2.505,6.253,19.44,70,-62.5,4.802,-31.09,62.85,1.302,-14.77,154.8,27.02,32.95,-72.85,-17.82,NA,222.5,51.25,176.9,9.455,5.165,42.28,169.4,8.143,77,-11.85,90,-1.926,0.52,-2.94,-3.8,3.47,3.31
13.03,4.846,48.16,30,-35.71,-30.75,-43.79,60.7,-72.12,-45.74,80.59,114,-3.545,-106.5,-176.4,-27.19,41.9,-32.78,19.49,3.556,-15.51,51.86,96.18,-74.34,23.01,107.8,100,-1.926,-4.17,-3.48,-1.77,4.65,4.33
73.65,85.16,-39.34,100,-71.43,-48.94,-64.97,-40.73,-26.23,-7.537,16.24,-28.43,119.4,54.96,-107.6,-108.9,68.23,81.31,90.85,148.1,3.816,-46.05,8.291,78.12,9.623,-18.89,140,41.4,-4.33,0.07,-3.39,2.24,3.18
77.66,77.16,-78.47,80,-60.61,-77.87,-60.73,2.699,1.302,-20.4,27.84,-60.78,94.82,-42.1,-19.23,-85.79,98.21,-81.28,41.01,125.5,80.24,-60.64,59.97,19.08,-0.06874,-73.79,100,52.31,1.31,3.6,-2.03,-0.57,3.81
-92.55,-76.58,-120.9,-50,-150,-12.2,-1.957,-94.79,-65.24,52.13,-36.29,-98.6,28.53,58.89,-86.95,107.8,129.1,-130.5,143,-5.106,-54.16,8.516,-135.7,-109.9,-87.14,-54.24,30,-61.2,-4.57,-3.65,-1.7,-1.99,-0.39
-155.8,-130.9,-90.99,-70,-222.2,120.8,66.03,81.39,-176,101.2,84.3,-48.45,125.4,-84.76,-25.92,136.5,-34.08,-26.56,25.31,-57.19,-114.9,-3.288,-185.1,58.12,-103.8,95.76,20,-110,-0.09,-4.94,0.31,-2.83,4.18
233.6,230.5,33.09,200,-22.22,-84.67,-88.07,25.28,30.61,-92.42,-143.8,121.2,-169.7,-68.43,127.3,-119,-107,190.2,-139.5,-90.89,15.98,147.8,-16.79,-6.637,14.9,-81.63,190,152.1,4.81,4.77,-2.35,-1.11,-3.57
84.65,83.99,45.58,110,-83.33,-78.71,-74.47,55.06,-0.7887,-5.385,63.74,-60.99,115.4,6.653,134.9,-29.5,8.442,-44.23,-101.4,74.55,67.79,-133.5,-16.01,-43.29,74.77,-50.45,120,47.03,4.21,-2.61,4.3,-4.83,-0.38
14.11,7.054,-35.52,130,-65.79,-25.11,-29.15,155.2,-81.77,-60.98,137.6,84.87,5.138,-193.6,54.18,-68.9,131.7,126.3,97.07,52.08,-15.95,134.7,196.6,-12.75,109.6,48.57,140,0,-1.52,-2.2,-1.23,2.8,4.64
7.336,3.668,10.34,20,-74.07,-42.98,-42.75,134.8,-94.99,-49.1,106.7,66.39,NA,-121.8,-39.91,-31.79,90.89,-22.48,62.31,9.191,-12.81,63.15,161.6,-23.13,43.53,88.6,50,-1.037,-2.91,-3.83,1.72,-4.19,1.37
260.2,243.7,-13.8,230,0,-57.87,-83.54,-39.88,80.19,-72.48,-176.5,137,-178.6,-42.32,166.7,-60.1,-100,180.7,-37.49,-306.4,35.86,179.2,46.17,25.44,26.35,-31.07,220,145.9,-1.74,-0.92,1.68,-2.37,2.55
-96.98,-91.35,-66.77,-80,-88.24,23.52,42.34,-50.12,-123.7,30.43,76.4,-21.9,51.34,35.84,-218.4,1.865,53.81,-11.08,139.6,84.8,-133.6,-39.22,-88.43,-182.4,-6.516,22.88,10,-78.95,-4.42,-4.55,1,2.36,-0.77
75.43,69.86,24.86,140,-128.2,-19.99,-80.69,224.7,-126.8,-31.83,112.8,-26.56,125.3,20.36,-34.03,-70.01,90.75,31.84,51.39,-13.68,17.73,-78.12,-43.66,-138.1,-40.9,18.1,180,48.12,-4.65,-0.47,-3.69,3.46,0.75
7.184,3.592,20.23,50,-66.67,10.56,-43.25,76.68,-15.64,-6.329,143.3,68.53,4.936,-80.21,-21.52,27.53,120.3,-14.25,-7.784,-0.3681,-35.13,66.71,152.2,-4.536,0.8194,65.47,100,0,4.9,-2.98,3.64,1.01,3.64
-165.2,-150.5,-97.58,0,-200,195.7,176.1,-46.83,21.42,185,68.77,-133.6,40.05,-168.6,-26.13,172.5,-13.6,-49.22,39.56,-109.5,-69.72,181.3,-10.53,200.7,141.1,132.8,70,-123.3,1.58,1.2,3.92,-4.1,-0.74
109.9,94.24,-33,110,-27.78,-131.1,-64.64,-68.01,87.66,-70.84,77.24,-112.3,120.3,22.57,1.527,-79.88,104.6,2.435,66.46,3.624,201.8,-110,111,-86.99,114.5,-126.6,120,80.08,2.39,-0.65,1.73,2.26,-0.1
270.8,260.4,-64.38,200,-11.11,70.48,-76.33,12.85,24.15,-171.9,-115.1,239.8,-210.4,23.94,89.23,-206.6,4.131,94.88,-77.61,-100.2,91.58,98.23,52.25,124.5,-99.18,23.99,210,162.6,-2.08,-2.43,4.29,-3.74,2.99
-84.62,-85.28,-100.9,-90,-312.5,93.31,37.25,-70.12,-117,106.6,12.47,-95.33,84.55,84.63,-149.1,21.18,-6.552,-50.93,133.9,166.7,-66.12,54.83,-167.7,-2.211,-71.48,-33.69,-20,-69.79,0.72,3.68,-3.76,-1.55,0.2
59.23,29.62,169.6,110,NA,-6.484,-53.61,97.76,103.7,33.71,117.6,2.337,-40.23,-130.2,96.48,19.3,97.43,-93.68,-19.48,29.95,-43.74,32.75,227.3,-0.8844,218.4,102.4,130,5.368,-4.12,2.76,-2.67,3.92,2.15
-154.6,-143.7,-95.45,-220,-333.3,6.202,119,-98.06,47.67,82.18,-91.31,-43.57,-6.197,13.34,-80.71,154.8,-13.67,-86.04,83.44,97.01,-14.74,-105.6,-133.6,129.5,-156.9,-5.883,-190,-132.3,4.15,3.83,4.04,0.01,-2.87
174.6,118.6,161.8,-40,-190.5,-77.53,-99.04,-81.1,92.63,35.99,-49.24,-70.28,42.01,-49.28,-18.02,-14.09,4.131,-89.1,14.82,-29.22,134.8,-65.73,-41.68,-3.869,-9.442,-44.48,-30,59.82,3.83,-2.67,-1.58,2.09,1.77
27.69,17.75,-139.7,-10,-208.3,155.9,-17.26,94.15,-63.7,83.48,253,-55.26,7.037,-167.8,-65.68,14.8,102.4,-152.5,92.01,-38.42,-82.4,180,133.3,28.63,125.2,60.51,60,0,2.84,2.07,4.12,-3.95,4.69
240.9,128.5,6.07,-40,238.1,155.4,-17.04,-318.9,419,-82.93,-216.1,93.44,-339,84.69,-79.25,25.72,-201.2,-72.71,-68.8,-52.3,407.9,-84.02,120.6,108.6,80.96,-55.32,20,68.84,2.7,-2.96,-3.57,3.25,2.42
-89.67,-81.13,-97.26,-110,-285.7,94.11,12.08,65.81,-113.7,100.3,75.23,-49.8,124.6,-50.28,-173.1,111.8,75.25,-28.04,170.5,-70.85,-137.7,-17.78,-230.3,19.05,-109.3,51.12,-30,-68.44,-3.42,-0.97,-2.83,-0.44,4.25
-90.5,-77.51,-113.4,-70,-277.8,107.2,2.373,69.77,-113.1,114.1,68.14,-67.99,120.3,-27.6,-137,94.15,23.93,-146,196.9,41.79,-115.6,14.71,-178.7,57.33,-39.07,44.52,10,-63.61,-0.27,4.89,2.16,4.15,-2.17
-150,-139.5,-122.7,-160,-277.8,55.91,128.6,145.5,-127.1,77.03,52.03,-59.17,83.6,63.14,25.43,138,-62.16,-36.47,24.98,125.3,-94.63,-48.61,-155.5,-9.747,-71.56,12.75,-120,-124.8,4.1,-0.83,0,-3.89,-3.31
93.8,83.19,9.807,-50,-150,-53.65,-84.98,-24.37,-36.96,8.869,-39.49,-48.15,136.2,29.11,-14.28,-51.32,30.55,27.59,168.1,36.49,-55.08,85.11,-2.5,-41.35,-12.33,-49.95,0,28.99,4.38,3.34,-1.64,-1.38,-3.03
287.2,252.5,39.31,220,-10.64,-133.1,-114.1,-17.16,70.79,-67.96,-152.3,26.78,-159.8,9.83,131.5,-136.1,-70.44,141.4,-54.37,-123.9,1.618,173,10.51,-126,47.94,-1.687,210,168.7,-1.31,0.67,-2.76,-2.05,-3.07
97.93,93.32,28.55,40,-155.2,-32.55,-80.13,86.16,-114.3,-16.74,33.99,-48.7,132.6,111.9,-71.31,-89.84,134,-0.2247,204.1,117.3,-49.83,-45.69,-62.63,-84.55,-39.07,46.58,80,59.58,0.33,-4.64,-0.68,-0.98,3.11
-1.24,-0.6198,82.8,150,12.5,-72.75,-36.45,-53.35,113.4,-39.99,54.61,24.02,-110.1,-40.08,50.69,-23.87,91.81,60.46,-17.1,-29.77,69.16,98.85,104.7,-76.12,88.3,-28.5,170,-5.234,-0.01,-1.48,-3.84,0.47,NA
-154.3,-141.2,-68.51,0,-200,195.6,171.2,82.75,-188.6,137.4,144.3,5.485,207.3,-114.2,-147.9,106.5,41.28,21.11,139.8,9.471,-161.9,9.986,-184.5,75.4,-75.11,183,100,-114.1,-0.77,-4.17,-2.01,-4.67,3.78
-97.78,-91.57,-4.118,-20,-152.2,29.9,66.78,40.75,-245,2.311,9.541,-46.01,20.24,122.2,-245.3,10.03,37.88,-43.72,84.16,104.5,-186.9,-30.71,-135.1,-174.5,-35.71,11.09,40,-72.06,-0.39,-2.88,3.19,-4.96,2.54
25.9,19.05,-15.24,20,-55.56,1.227,-53.74,109.8,-3.652,-27.52,157.6,80.66,60.03,-148.6,-12.89,31.06,130.5,-30.12,177.2,45.72,26.26,82.23,84.19,-21.76,24.56,33.33,30,10.75,4.84,-0.3,3.87,0.82,3.6
19.03,12.56,-16.71,20,-37.04,33.09,-45.71,110.6,79.7,18.93,208.2,1.934,10.56,-100.7,51.31,111.1,77.83,-226.2,31.95,44.74,98.65,90.03,139.3,-0.04907,115.7,78.74,40,4.109,-3.99,-1.62,-2.2,-4.38,4.87
264.3,257.1,-22.65,220,-10.64,-95.41,-118,-38.78,79.7,-88.89,-133.8,89.54,-181.9,-89.25,71.98,-82.78,-139.7,105.2,-179.1,-213.9,14.65,192.5,-12.83,48.53,-42.36,-25.05,210,191.2,2.53,0.02,4.38,-0.44,-1.15
-98.31,-88.79,3.051,30,-89.29,-24.26,58.74,71.05,-48.11,8.704,76.55,-46.6,166.5,135.7,-37.98,63.06,-39.45,-131.8,72.81,60.42,-202.5,27.62,-121.5,-99.42,16.5,-7.908,80,-68.27,-0.21,2.63,-0.09,2.06,-1.73
-0.3497,-0.1748,49.45,50,-66.67,-15.78,-53.28,165.1,-32.42,-36.09,145.9,71.35,0.5266,-100.2,32.48,-44.11,97.73,17.38,76.62,-41.09,-28.23,72.5,88.43,-95.79,NA,18.42,50,1.267,-3.63,-2.2,-2.02,2.4,4.21
-101.7,-89.07,-15.38,20,-185.2,113.2,26.28,115.3,-245.1,53.36,135.3,-38.3,206,75.36,-124.4,-16.31,46.62,-76.85,91.2,121.1,-275.2,4.108,-213.7,-165,-27.25,69.49,110,-68.97,-3.87,-1.94,4.97,3.74,4.54
-93.36,-88.34,-0.8233,10,-153.8,14.93,9.235,59.36,-141.1,49.93,44.95,-49.26,129.1,44.75,-238.7,40.22,120.1,-21.14,183.6,28.24,-221.5,-41.27,-191.8,-91.26,-80.76,-12.23,90,-70.06,3.7,-2.4,-4.47,4.4,0.6
-160.5,-142.7,-27.07,-180,-357.1,76.33,83.11,3.207,39.37,121.5,-59.77,21.4,-33.54,-99.29,117.8,188.8,-142.4,46.27,-133.6,-133.9,24.08,-143,-41.44,109.8,-47.76,152.5,-140,-120.7,-4.95,-3.49,-4.82,-2.8,2.6
235.3,246.1,-1.657,210,54.35,-7.591,-104.4,-167.9,85.87,-104.6,-189.6,157.8,-220.4,-109.2,-94.05,-111.6,-222.9,189.3,-119.1,-240.4,-97.98,177.9,46.76,51.27,53.45,18.84,220,200,-4.29,-1.38,4.46,-3.4,-4.12
102.4,99.83,-57.64,40,-86.21,-85.37,-81.69,21.52,-28.32,-11.73,51.85,-123,196.1,1.538,NA,12.41,125,-170.4,184.8,-3.946,101.1,-19.58,71.41,-13.05,97.14,-116.5,70,77.66,3.95,2.85,1.71,1.85,-3.92
0.3497,0.1748,-115.2,20,37.04,156.2,14.92,40.68,94.76,11.11,211.1,72.56,-151.1,-220.8,-55.01,21.53,46.62,-89.23,23.14,-50.99,87.04,230.3,172.5,32.2,125.7,41.83,30,-1.267,1.26,0.37,-3.07,-0.91,1
-93.9,-90.7,-101.7,-30,-136.4,-6.441,40.51,-57.46,-138.5,48.15,-18.62,-66.37,-29.51,112.6,-204.9,-0.1228,112.5,26.79,196.1,86.68,-100.7,7.923,-143.9,-148.8,-48.54,4.773,60,-72.19,4.75,1.36,-1.55,0.62,-3.51
-101.8,-91.54,-44.15,-40,-166.7,-5.737,24.17,-46.93,-130.1,52.63,-55.16,-66.37,65.13,124.5,-178.8,15.89,-23.51,-60.85,108.7,132.2,-163.3,-23.91,-201.4,-50.9,-145,-78.97,50,-67.88,-2.96,-1.87,4.39,-1.69,2.87
NA,-4.878,-64.52,10,-76.92,4.826,-19.39,50.73,44.62,14.95,105.2,-12.24,-57.11,-171.5,33.45,-49.09,219,-6.652,41.12,-96.82,104.7,108,132.1,4.372,37.01,28.64,30,-1.987,-2.28,0.67,4.69,-2.27,-4.58
89.63,85.44,19.15,-40,-142.9,-71.93,-79.29,113.5,-91.23,-26.83,13.36,-63.54,100.6,0.7162,-31.5,-27.12,27.18,-41.25,69.94,-1.148,76.47,-112.9,-6.33,-28.64,-56.14,-165.7,-20,60.26,-3.28,-0.15,2.87,-0.51,4.14
-165.2,-148.2,-208.7,-90,-156.3,21.02,94.96,23.75,-113.4,80.98,42.29,-22.34,90.36,-14.36,-65.13,123,13.66,30.25,86.83,0.4208,-103.7,-91.38,-145.6,-39.39,6.596,-22.56,10,-127.2,-1.78,-4.51,1.22,-4.55,-4.32
66.46,73.86,-58.04,-50,-125,-23.34,-73.84,58.49,-103.2,-7.061,38.73,-85.76,151.1,107.1,-122,-70.14,152.2,-4.922,235.9,116.5,81.05,-78.05,3.588,22.8,56.02,-31.67,10,34.11,-4.61,-2.48,-2.32,3.99,0.84
-106.4,-91.38,-60.94,-80,-176.5,58.83,16.22,20.73,-148.9,75.65,0.4605,-44.93,117.7,75.05,-179.8,129.1,38.07,-121.6,169.9,34.26,-175.9,-39.72,-185.5,-64.11,-115.6,-18.39,30,-71.11,2.33,3.97,0.34,-1.76,-0.49
94.17,67.92,NA,80,-90.91,-165.9,-89.58,79.47,-22.42,-45.49,23.49,-79.84,47.82,-22.44,54.6,-41.27,9.265,-50.76,-34.49,109.3,163.9,-182.4,-14.53,-175.3,82.24,-122.5,100,54.07,2.96,-2.22,-0.44,-2.94,-2.72
4.743,5.844,-6.899,20,-55.56,-14.18,-41.97,98.65,-1.023,-6.928,91.41,33.49,-44.98,-149.8,18.88,21.1,62.08,-44.33,9.173,96.61,48.81,111.2,103.5,-0.627,-9.047,4.419,40,8.519,3.35,NA,-4.64,-0.13,-4.95
254.1,217.3,77.55,180,-34.88,-74.86,-110.7,58.83,29.45,-46.22,13.7,100.3,-62.44,-177.6,-4.303,-41.27,-86.76,73.68,-69.22,-213,112.9,116.3,-19.02,45.73,16.12,-11.51,230,136.7,-1.96,-4.08,-2.4,4.21,1.78
118.6,97.48,10.94,80,-60.61,-159.3,-84.29,55.26,-36.68,-89.87,-35.23,-33.9,44.15,15.36,6.35,-60.52,-1.938,-7.136,-5.711,7.843,65.51,-237.8,68.88,-101.1,42.77,-219.4,90,83.7,3.89,-3.29,-4.26,-3.17,-0.63
-98.24,-90.79,45.14,0,-180,76.84,21.51,111.4,-148.9,65.83,92.56,-13.68,95.6,11.38,-78.25,18.96,78.08,-23.59,112.4,80.76,-173.1,-16.67,-121.7,-192.8,-27.8,106.9,50,-67.04,1.97,-1.86,2.67,-0.75,4.41
245.3,233.7,13.44,250,-40,-26.51,-100.2,76.83,32.69,-106.2,NA,177.5,-226.9,-119.9,282.1,-155.3,-92.36,92.99,-45.4,-285.9,-11.64,193.7,-7.15,55.13,24.51,-18.82,220,202.2,-1.96,-0.45,-2.46,1.34,3.21
-165.3,-138.2,25.73,-60,-236.8,72.1,53.26,27.61,-134.6,89.84,14.28,-11.23,111.2,-97.05,-46.29,105.2,-120.4,-2.845,17.11,-55.56,-132.1,-85.47,-171.7,65.88,-172.9,26.8,0,-107.8,-4.76,-1.35,2.01,2.12,0.9
4.065,-4.912,37.6,50,-16.67,0.9903,-36.68,23.64,56.68,-5.109,126.5,88.62,38.63,-126.9,-40.02,26.8,135.7,-82.23,14.13,20.52,18.59,34.85,135,-3.314,109.4,129.7,80,-1.526e-05,-0.88,2.56,-4.75,-2.88,1.47
87.27,99.89,-144,-60,-105.3,-62.78,-58.95,108.3,-153.7,-138.9,43.99,-13.24,99.84,-108.7,-41.66,-50.92,-11.21,-105.5,92.3,-57.51,144.9,-59.34,-109.5,-62.67,-158.9,-138.9,-40,92.69,-2.8,4.1,-0.07,2.13,-3.21
82.68,88.21,-114.9,-110,-214.3,-7.431,-74.67,9.84,-100.7,37.41,-4.93,-28.38,85.16,-56.37,-92.35,-68.43,-56.84,-69.94,0.4176,61.67,-33.63,-17.6,11.78,149.8,-64.09,-73.9,-50,68.34,0.8,4.07,-1.05,-4.89,NA
257.9,244.6,-36.17,230,-20.83,-39.79,-55.81,32.47,16.61,-77.86,-97.63,98.8,-142.3,-39.22,54.35,-111.8,-217.9,68.99,-128.2,-138.4,-125.7,167.7,47.75,-16.96,-43.5,163.2,240,190.1,-0.95,3.82,-3.36,1.78,-2.77
-102.4,-98.06,69.78,-50,-150,-35.53,-5.502,-52.74,-82.4,31.42,-57.07,-99.03,69.67,61.09,-139.5,54.52,-30,-95.07,118.2,37.2,-79.07,21.02,-223,-128.6,-211.7,-204.4,-10,-85.93,3.35,-3.14,4.31,-2.31,-3.09
-154.2,-142.7,-83.83,-210,-250,99.85,29.08,-68.65,-134.7,117.9,39.49,-46.54,82.72,-70.09,-117.4,121,-52.37,3.364,76.08,-38.36,-73.39,-24.08,-179.8,127.5,-99.45,78.08,NA,-125.5,4.47,4.24,-2.13,1.89,2.94
5.906,6.078,15.88,130,-52.63,31.74,-43.23,128.5,51.93,15.7,157.3,32.69,-72.19,-143,90.13,6.376,54.11,-46.2,-34.17,-30.91,77.54,142.3,39.9,40.26,143.4,-6.09,140,5.413,NA,2.65,-2.69,3.97,3.91
231,228,-77.66,230,-104.2,30.88,-58.95,150.9,-141,-56.53,-86.68,103.8,-98.28,-71.8,-8.864,-74.4,-226.8,62.7,-77.41,-206.5,-134.6,167.5,-4.243,49.68,-90.51,164.1,240,164.4,-0.81,4.64,2.73,2.27,1.48
0,3.125,-15.12,100,-42.86,-4.025,-55.81,31.05,58.23,40.03,73.6,9.474,-36.32,-170.4,102.7,-11.53,15.64,-28.75,-91.46,49.97,70.64,61.98,86,97.48,81.98,-25.73,110,0,-3.74,-3.25,-2.81,-0.42,-1.58
14.75,11.28,-13.05,140,12.82,14.76,-26.27,3.046,56.78,-42.85,133.2,119.3,32.29,-188.1,-44.21,-65.29,93.31,83.92,78.12,-19.85,39.95,100.9,160.4,53.25,126.2,79.21,170,14.96,-4.14,0.43,-0.58,2,-1.38
-136.9,-131,-115.8,-110,-214.3,113.4,105.7,1.707,82.55,NA,-26.29,-96.02,-19.67,-122.7,20.08,165.9,-9.074,-17.24,34.56,-142,-3.107,24.96,-3.459,198,32.54,19.63,-70,-111,-2.36,-1.62,-0.61,4.6,-0.15
0,-11.72,86.64,30,-71.43,-17.35,-56.73,-23.73,-10.08,35.72,55.15,3.871,-26.54,-127.2,-63.61,19.85,36.43,-23.77,48.42,24.46,-63.57,13.15,108.4,2.936,61.22,109.7,70,-8.268,-1.12,-2.45,-3.61,-4.82,3.68
-62.5,-62.5,-69.15,-40,-142.9,62.93,29.58,-46.74,-75.56,79.37,12.04,-74.31,149,133.2,-114.6,129.3,48.68,-155.9,93.96,25.8,-112.6,74.56,-166.9,-77.95,-58.41,-21.48,50,-47.64,0.56,-2.74,-2.15,-2.52,-2.04
98.31,80.41,-4.61,100,-142.9,-79.28,-82.12,158.7,-97.85,-55.71,87.32,-19.71,223.5,-68.58,140.8,-151.7,145.8,-63.74,91.98,45.94,-41.58,-102.9,-53.06,-74.86,-24.36,-50.58,100,70.87,4.6,-2.14,-1.03,-0.95,-2.15
251.4,223.4,88.17,180,-11.63,-64.37,-107.5,16.68,-5.905,-93.39,-99.52,149.7,10.72,-22.35,43.13,-92.54,-41.45,88.82,-58.49,-76.24,-90.6,51.96,67.17,90.79,39.26,-86.6,180,158.3,-2.88,-1.53,-1.85,-1.61,1.6
92.7,77.6,-12.15,30,-71.43,-95.34,-77.04,-38.7,-7.995,-24.01,72.26,-69.96,203.9,-38.14,-52.7,-8.246,54.81,-74.35,61.29,25.8,97.67,4.717,-28.46,-47.38,25.37,39.49,80,60.24,-1.42,2.08,-3.96,1.2,3.51
226.1,210.7,3.396,220,-53.19,-10.47,-82.12,102.1,-68.59,-95.23,-191.2,83.29,-156,11.47,78.3,-162.4,-184.1,117.4,-58.49,-207.8,-58.99,226.4,-47.9,80.73,-120.7,-3.002,220,159.1,3.54,-0.37,-2.04,2.74,1.14
-117.3,-107.3,-31.67,0,-80,26.34,66.45,7.421,-8.824,56.11,35.29,0.7592,127.9,25.61,-78.58,131.7,66.09,-14.58,140.9,-64.66,-87.67,-64.82,-87.01,-15.26,18.54,15.37,70,-90.21,4.15,1.44,0.68,-3.68,-1
153.2,159.9,3.698,240,-20.41,-90.93,-82.83,73.07,2.49,-99.49,-226.9,29.57,-197.5,-94.57,112.4,-149.5,-238.9,132.7,-131.6,-232.4,-3.45,260.7,6.379,-71.46,-64.08,-35.16,NA,126.3,3.18,4.06,2.38,4.25,-4.5
74.14,64.85,20.03,100,-57.14,-107.2,-89.94,-3.111,39.97,-64.03,108.7,-65.59,169.1,5.054,NA,-99.01,171.9,-56.97,96.94,124.1,31.64,-139.9,-1.593,-14.33,30.81,-81.05,120,52.41,4.4,2.17,2,4.35,-3
-113.7,-105.5,-90.81,-10,-145.8,42.63,102,54.6,-140.4,27.53,62.25,-58.61,134.2,167.9,-162.1,-6.472,5.87,-68.63,167.8,235.3,-137.3,-52.65,-206.6,-158.7,-77.17,-173.3,30,-83.33,-4.68,-3.98,1.01,3.83,-0.6
138.3,130.9,-21.47,-90,-218.8,-64.74,-101.4,95.24,-81.23,29.38,0.3197,-48.32,101.4,-80.17,-0.2132,65.28,56.83,-99.83,116.8,-53.03,78.58,-29.5,-10.24,64,-67.84,-103.6,-70,104.4,4.5,4.78,2.62,1.4,-3.71
117.2,107.6,-58.62,-70,-277.8,-3.478,-91.54,-9.608,-115.2,55.4,5.099,-58.36,167.8,-10.69,-263.5,1.114,81.39,-158,49.53,-67.69,0.914,10.6,-33.44,41.71,-7.457,-22.16,-30,88.16,0.39,2.42,3.6,1.49,3.74
29.56,16.36,-8.305,90,14.71,50.57,-17.58,56.2,92.17,12.04,125.3,32.62,-103.3,-108,84.27,22.38,147.1,-78.72,23.16,19.49,66.31,122.1,159.2,-19.57,87.36,5.136,100,6.384,3.28,3.67,-1.03,4.45,-0.93
-151.5,-137.4,-120.2,-180,-285.7,86.61,105.7,94.66,-176.9,68.72,82.68,40.98,158.9,-124.1,-192.6,159.4,24.84,-0.01241,149.5,-50.84,-199.4,-45.15,-118.5,96.11,-249.4,68.28,-150,-118.2,1.51,1.27,4.61,2.49,0.58
296.7,276.5,-21.81,230,-20.83,50.57,-61.96,-3.062,54,-20.79,-171,75.77,-227.1,-19.03,137.8,-90.77,-159.1,106.1,-162.3,-64.02,-40.84,190.6,-3.851,37.12,-45.47,187.6,210,217.6,0.09,4.77,0.9,-1.22,-0.61
-74.82,-80.13,-41.17,-30,-204.5,-25.82,71.17,-28.31,-108.6,25.36,-82.77,-146,18.91,149.9,19.4,36.42,-56.85,-69.6,10.43,89.09,-9.013,NA,-97.98,-66.11,-72.31,-119.1,10,-64.01,1.94,2.66,4.49,-1.05,-4.19
-81.39,-83.41,7.801,-60,-210.5,-24.38,51.45,106.7,-139.7,18.23,-1.151,-53.01,99.34,113.3,-122.4,114.6,-17.44,-120.9,147.7,56.12,-131.3,-97.76,-198.2,-81.51,-103.6,-190.4,-20,-70.57,-4.42,-3.62,-3.16,-4.08,-1.92
315,273,22.26,180,-69.77,-9.244,-81.68,42.76,47.4,-28.54,77.53,84.8,25.69,-129.6,65.41,-50.52,-11.72,135.2,-33.2,-140.2,147.5,80.56,-6.541,125.9,-61.58,101.3,180,162,-3.42,3.31,0.11,4.03,-3.15
5.474,13.81,-45.66,140,-64.1,110.4,2.144,97.7,24.32,-57.03,212.1,60.71,53.9,-189.1,-33.4,-22.05,203.1,-21.69,91.34,-77.21,100.5,67.19,132.3,28.28,43.98,11.65,190,18.46,4.75,0.91,1.53,-1.28,4.16
-13.94,-8.441,45.26,170,-35.71,-31.41,-28.96,80.17,52.93,-23.88,121.2,26.07,-0.8146,31.3,-18.5,-121.8,-135,-70.17,-158.9,-7.497,132.4,-8.786,12.77,-45.72,-18.32,45.02,170,-12.15,-4.48,1.64,0.32,-2.24,-4.16
80.24,76.88,41.28,90,-73.53,-81.45,-90.91,62.41,-86.26,-35.6,82.07,-67.94,128.5,-3.578,-50.79,42.53,114.7,-86,50.84,10.72,115.5,-37.06,-18.12,-43.23,25.78,-49.71,130,63.94,-3.1,1.86,-4.7,2.34,1.61
-148.4,-140.4,-10.8,60,-161.3,66.29,139.2,141,-68.69,117.6,93.24,-29.93,104.4,-60.82,14.97,129.2,-67.16,44.72,-5.084,10.72,-132.8,-107.2,-140.1,-1.608,34.99,55.81,50,-117,1.06,2.16,2.28,3.19,3.14
-90.15,-96.54,1.851,10,-134.6,-36.18,86.08,9.254,-72.07,63.53,19.37,-80.27,59.18,101.1,-77.21,31.8,95.36,-68.11,101.8,123,-70.39,-39.93,-136.3,-225.9,-54.17,-142.6,30,-78.96,3.88,-4.11,-2.76,3.26,3.97
18.28,10.61,-2.12,30,-71.43,16.25,-20.11,131,22.53,-0.4506,148.5,-16.05,-46,-67.98,125.9,-48.44,75.97,-56.41,7.898,35,115.8,54.57,135.5,-32.82,46.13,101.4,20,9.271,-1.86,-2.89,-4.76,-3.53,-4.54
-102.5,-96.86,-4.434,-10,-166.7,84.16,86.08,52.16,-105.2,104.1,62.82,-27.36,158.9,129.7,-76.63,38.24,-33.62,-23.39,103.8,182.7,-107.3,-76.79,-179.1,-17.84,-35.76,10.85,50,-78.64,4.15,-3.91,2.43,3.15,2.48
69.08,65.42,57.29,130,-131.6,-24.26,-46.66,224.2,-182.2,-48.21,51.65,-44.82,130.9,-78.71,-25.54,-23.55,-27.65,-82.56,-73.99,-141.1,44.36,20.56,-100.7,-68.61,-102.6,-56.9,160,35.49,-3.4,4.3,4.6,-0.14,2.97
252.7,238,-61.28,NA,0,-46.96,-105,-6.154,51.06,-91.92,-184.6,125.1,-116.8,-76.49,85.75,-158.6,-158.6,119.7,-104.5,-117,-12.65,182.4,29.4,-20.96,-23.31,-27.64,220,172.8,-2.28,-2.77,2.69,0.09,3.82
-103,-96.51,-25.61,10,-173.1,13.79,48.73,36.68,-150.6,22.31,89.22,-102.6,130.9,82.34,-114.9,26.58,30.29,-26.76,143.9,21.78,-158.2,-20.78,-240.8,-173.8,-59.41,-152.6,50,-70.64,1.3,-1.64,3.95,0.68,2.82
108.4,95.86,-29.59,100,-42.86,-123.6,-81.38,-19.91,0.0274,-42.5,17.16,-37.78,NA,16.08,-3.668,-18.48,168.2,-5.315,38.06,-98.46,98.93,-74.95,36.6,-94.24,9.507,-56.05,130,67.87,2.69,-0.54,-1.96,-0.71,-1.26
128.5,105.9,-38.76,80,-45.45,-105.7,-87.3,6.648,12.63,-14.14,54.5,-41.23,94.36,-51.16,-32.41,-15.42,26.11,-7.153,31.58,62.89,151.4,-132.6,-31.65,-18.17,-12.24,-110.4,110,51.25,-3.58,2.92,-2.48,-3.64,0.57
-160.1,-141.7,-14.85,-30,-113.6,88.49,72.38,-25.42,113.4,147.5,-70.62,-32.05,-104,-65.77,-14.31,49.49,-221.3,-19.41,-134.7,58.78,37.72,-67.31,88.72,112,68.99,154.5,10,-121.2,-0.3,-0.1,-2.15,-4.69,3.98
29.87,9.933,-6.979,30,0,24.75,-28.16,33.21,72.49,5.706,146.9,43.67,-102.2,-161.3,34.12,31.16,92.13,-100.3,-28.9,-100.5,33.88,185.2,122.7,-52.71,160.5,78.66,60,-1.039,-3.89,-4.06,-0.81,4.6,-0.2
250.7,193.7,-43.91,230,-20.83,-39.99,-51.81,-1.129,-108.3,-172.9,-18.87,36.79,-118.6,-101.8,-71.26,-60.48,-139.4,49.22,80.18,-269.1,-161.3,-11.4,-110.9,-117.3,-127.5,47.83,320,105.6,-2.68,2.12,3.21,3.96,3.1
-90.27,-86.8,-41.3,-40,-119,31.72,36.9,-5.316,NA,85.51,7.99,-111.8,88.88,122.3,-108.5,57.51,113,-9.604,153.6,-2.882,-112.7,25.76,-159.9,-94.58,-77.87,-133.5,30,-73.41,2.15,0.22,1,-3.5,0.3
-124.7,-115.5,-149.4,-40,-214.3,99.04,53.65,46.71,-130.7,109.8,2.115,-44.56,127.4,1.537,68.79,35.73,-82.04,-10.78,-48.03,109.8,-120,-92.52,-245.8,9.171,-227.2,-34.58,10,-92.38,3.11,-3.23,-3.71,-2.62,-0.04
232.6,203.8,-48.74,220,-31.91,-85.94,-107.4,36.48,25.77,-85.02,-113,95.75,-139.1,-51.5,132.3,-153,-125.8,143.7,-96.62,-145.9,-93.8,201.5,48.13,-50.47,17.73,60.51,200,164.1,1.7,0.51,-0.01,-3.01,3.97
-7.106,-12.93,-14.18,30,-35.71,38.56,-10.79,75.63,35.4,-36.68,184.1,13.57,37.7,-73.83,41.91,-39.15,87.88,-33.31,36.53,44.73,117.9,79.1,99.01,-74.57,121.5,88.92,50,-5.838,3.49,4.75,-1.59,-0.52,4.46
-104,-105.1,-107.1,-70,-166.7,95.48,47.21,-31.08,-108.3,107.4,91.37,-124.1,137.5,30.38,-254.3,72.06,173.7,35.9,295.1,37.62,-166.8,65.68,-222.4,-82.47,7.957,-21.96,10,-85.51,-4.21,-4.39,-0.94,3.62,-0.03
-164.7,-151.1,-46.47,-130,-250,214.1,137.4,-109.6,144.5,201.3,-130.9,-36.54,-112.9,-163.2,96.82,197.9,-166.2,23.02,-112.2,-90.22,87.63,1.017,69.53,270.7,-11.05,113.4,-90,-129.8,-3.93,-0.12,4.42,3.04,2.12
0,-12.5,-24.29,10,-76.92,-40.88,-43,126.5,-39.24,-42.25,123.6,4.88,13.17,-95.24,-39.3,-6.367,-9.45,-58.26,-19.84,-4.992,61.02,104.3,27.95,-51.26,74.21,78.26,20,-6.868,-1.78,3.06,2.85,3.7,-1.65
90.44,73.34,12.25,100,-57.14,-118,-68.78,6.065,6.507,-35.28,23.42,-46.57,65.62,-13.35,33.33,-58.21,67.26,-38.14,7.374,94.44,105.4,77.88,-7.987,-1.889,42.71,-75.62,120,62.5,0.14,-2.79,2.52,0.2,3.36
191.2,167.5,-40.79,250,-20,-112,-81.67,20.28,35.4,-141.3,-5.37,125.1,19.93,-116.6,146,-105.2,-102.7,86.6,-125.8,-214.5,135.6,169.8,-33.02,5.616,19.36,41.17,240,136.3,0.81,3.76,-4.82,-0.54,-0.04
-6.899,-1.867,-90.75,20,-55.56,93.54,-36.2,78.31,-22.4,40.78,166.6,54.26,-41.59,-111.3,60.94,40.37,76.98,-87.64,43.72,62.68,18.71,143.6,73.52,-17.34,68.85,148.6,50,-1.849,-3.88,3.62,3.7,1.13,3.25
95.6,84.19,-64.65,100,-114.3,-41.76,-72.49,48.72,-105.5,7.126,-11.73,-43.55,140.8,28.07,-67.55,-10.29,-106.3,-75.98,-65.95,13.81,-3.057,3.324,-71.35,21.89,NA,-130.6,150,63.05,3.45,-1.78,3.43,-3.92,-3.66
-94.94,-90.19,19.48,-20,-173.9,-5.038,9.17,54.83,-134.8,37.61,59.15,-47.05,101.2,43.34,-186.3,71.29,96.18,-43.04,171.8,56.12,-122.8,-131.8,-228.2,-242.2,-97.42,-188.3,10,-78.18,-4.25,-2.02,1.76,2.9,0.08
-100.2,-89.66,-57.56,0,-220,112.9,90.83,61.9,-173,49.09,31.89,-133.9,112.9,263.1,-133.3,38.51,72.61,-150.8,25.27,154.6,-143.1,60.35,-80.1,2.859,40.07,-31.64,40,-71.12,3.81,4.79,1.19,-4.56,-2.27
254.6,246,-65.24,230,-20.83,13.32,-67.95,-6.624,31.38,-81.56,-191.7,110.1,-242.6,-100.1,102,-88.51,-342,123,-211.5,-145.9,-72.36,193.1,-16.25,42.48,-51.26,137.7,230,198.9,-1.38,3.31,1.66,-0.25,-4.65
10.18,9.839,-16.19,20,-92.59,-15.67,-40.73,93.04,-8.062,-17.82,111.5,46.77,18.18,-75.5,93.06,-2.837,142.4,-119.2,-46.47,46.64,99.63,22.33,24.58,7.52,-97.92,80.52,40,6.221,-1.72,-4.75,-2.49,1.46,4.46
-146.2,-138,NA,-90,-312.5,81.94,NA,51.36,-173.6,112.8,50.43,-97.45,95.8,-21.72,-155.7,130.1,58.65,-25.2,142.1,22.57,-97.4,22.68,-217.8,-13.84,-115.8,-99.3,-40,-112.1,3.56,-1.79,0.31,1.43,0.79
176.5,173.8,67.67,220,0,-99.52,-132.2,-64.93,116.5,-73.14,4.556,107.6,-40.05,-169,104.7,-136.1,-17.45,98.76,-110.3,-204.6,49.79,58.55,50.94,75.89,7.591,-73.93,230,130.7,3.3,-3.59,2.68,1.45,1.93
54.67,60.23,63.76,100,-114.3,-107,-85.62,68.48,-79.72,-50.62,-13.97,-55.21,34.79,134.3,6.627,-74.01,-29.07,-39.82,-50.99,27.6,35.62,-76.31,22.01,-95.19,37.74,7.593,130,45.42,-1,-2.67,-3.08,2.78,-4.24
62.19,68.37,84.61,NA,-88.24,-101.7,-101.1,-24.38,-9.725,-10.1,16.29,-32.09,127.2,-25.98,15.19,-32.91,132,-53.24,54.06,-43.11,74.48,-143.4,-17.52,-34.99,25.53,-27.6,110,48.39,3.02,-3.18,1.21,-1.21,-0.48
-113.1,-98.22,-95.8,-80,-264.7,101.6,95.39,64.12,-215.1,53.35,72.48,-131.8,118.4,141.1,-135.6,116.8,30.57,-117.1,124.8,91.24,-135.4,101.6,-191.9,-123.4,-36.68,-151.4,10,-75.13,-1.85,0.31,-0.59,-4.04,-3.86
222.5,205.5,-8.303,210,21.74,1.561,-80.45,-86.32,103.4,-61.27,-253.6,108.1,-264.6,-65.34,41.52,-134.9,-216.5,141.6,-121.7,-247,15.05,251.9,17.06,49.36,-6.531,69.07,210,152,1.47,-2.28,0.14,4.25,3.77
-8.765,-6.575,-2.508,20,-92.59,-10.14,-33.91,96.56,-25.42,-26.47,115.1,55.12,6.613,-77.82,-134.3,0.8186,116.5,-58.98,68.62,51.17,-61.3,25,122.9,-104.7,6.446,89.12,30,-8.065,2.34,3.92,-1.75,-3.99,-2.85
2.087,-1.15,-68.12,30,-107.1,114.3,-2.873,95.55,22.98,33.7,194.1,24.76,-24.2,-140.2,-6.539,1.982,87.88,-66.65,88.39,119.5,-0.4978,119.1,240.8,12.97,147.7,178.7,30,-2.122,-1.86,-1.84,-2.51,-4.7,0.27
-98.91,-86.74,-11.61,-30,-204.5,78.17,54.02,NA,-142.5,57.04,107.1,-78.34,74.41,79.62,-159.3,84.18,62.32,-50.04,146.6,25.25,-128,89.46,-105.7,-166.9,29.35,-0.8712,50,-67.49,-2.61,-2.13,-3.18,3.74,0.37
85.11,70.89,77.47,80,-151.5,-72.15,-96.69,125.4,-125.6,-61.22,50.94,-43.73,62.69,23.87,-69.84,-87.26,-77.52,-18.33,-85.84,-3.396,14.26,-69.97,-93.28,-117.4,-39.31,-38.75,140,54.43,-2.79,0.18,2.11,-0.52,-2.08
11.52,0.7624,-104.1,40,-34.48,8.819,7.068,83.21,-8.462,-57.24,135,103.3,52.18,-206.6,-12.93,10.71,160.4,-44.69,24.63,44.27,-59.52,94.78,229.5,97.29,148,42.29,80,-5.696,-1.49,2.73,-1.6,-3.15,1.9
-137.9,-127.3,-59.97,-20,-173.9,-77.11,103.9,102.7,-69.85,-19.61,39.38,-20.87,81.08,-6.268,-62.59,147.8,-23.45,-36.14,80.9,-25.9,-161.7,-142,-164.7,-159.6,-99.2,-142.7,50,-97.15,3.16,4.83,-3.23,1.76,-0.15
-89.98,-79.99,-139.1,-20,-239.1,22.86,13.98,55.68,-21.52,101.6,22.47,-99.33,50.21,61.34,66.3,79,-58.21,-130.2,NA,60.16,-29.73,31.92,-93.93,-25.06,37.99,-63.89,0,-58.54,-4.79,-1.54,-3.23,2.83,3.39
-98.4,-87.54,-219,-80,-294.1,96.39,124.7,-15.53,-172.2,52.76,46.94,-160.8,52.84,145.2,-215.5,39.41,108.6,-59.65,186.2,45.59,-143.9,111.6,-138,-129.5,4.857,-148.3,10,-63.61,-1.47,4.37,2.97,3.33,0.65
284.6,267.3,14.82,210,0,-71.32,-89.77,-44.04,45.53,-73.89,-128.4,51.32,-205.9,-41.29,75.23,-125.4,-173.3,141.9,-214,-52.38,7.518,183.4,37.48,35.4,46.48,62.93,210,178.8,-0.97,-4.19,1.56,-0.44,-4.85
248.2,252.4,-9.476,210,0,NA,-89.77,-21.8,32.03,-47.47,-103.4,82.25,-127.1,-70.61,123.2,-80.83,-106.1,151.2,-117.1,-245.7,-35.05,158.2,37.8,99.79,48.18,8.148,230,179.4,3.43,3.42,2.98,4.68,0.31
-58.79,-49.92,-95.15,-10,-187.5,-9.196,19.11,0.4731,-137,30.69,-17.99,-69.4,56.17,103.5,-83.26,48.51,57.8,-47.95,59.8,112.5,-146.9,-71.61,-147.9,-118.4,-56.86,-141.9,80,-32.74,0.09,1.22,3.47,-2.57,-1.92
331.7,182.6,113.9,-110,71.43,7.92,-43.22,-341.1,314.1,34.85,-99.15,-120.4,-160.3,49.98,-236.3,-66.92,-168,-54.53,-28.55,-56.71,NA,-43.37,242.1,-93.05,197.5,-274.1,-30,126.2,0.59,4.9,3.3,-3.55,-2.18
167.7,149.1,41.37,10,-115.4,-98.85,-93.09,28.51,30.61,-2.585,27.37,-54.74,74.69,4.834,82.73,-40.02,30.8,-152.2,54.22,33.6,69.85,-72.23,59.03,-20.32,66.24,-60.92,30,115.3,0.64,-4.6,-2.63,2.68,2.43
-128.7,-111,-149.1,-180,-357.1,90.24,100.1,50.58,-213.3,59.47,71.22,-14.81,158.7,2.326,-155.8,151.2,21.8,-14.13,122.1,18.33,-187.1,-62.61,-167.5,14.33,-102.5,-38.06,-110,-83.46,3.58,-4.34,-3.22,4.94,-3.98
214.2,211,19.24,230,20.83,-25.01,-100.9,-136.5,113.6,-93.15,-208.4,137.7,-231,-17.39,84.65,-119.4,-140.9,168.8,-133.8,-175.4,63.01,186.8,-52.57,81.35,-14.7,-52.47,220,147.9,-4.92,1.3,-4.11,2.22,1.31
68.24,32.36,42.03,130,-26.32,-109.7,-89.48,-95.01,132.3,23.9,-124.8,-87.99,-152.2,-33.91,114,48.25,-23.83,-19.12,-38.76,11.27,103.7,-10.9,135.1,-29.08,2.496,-40.19,150,1.712,-4.31,-1.46,2.76,-2.43,-4.53
-93.86,-87.42,-115.5,0,-240,42.48,93.2,94.1,-246.5,-12.89,3.999,-103.8,105.6,194.7,-105,20.89,90.21,-35.85,108.7,137.3,-234.1,51.95,-137.9,-119.5,-26.31,-111.3,50,-75.68,4.59,2.13,-3.55,-4.38,1.34
-143.3,-126.2,-155.2,-170,-312.5,104.6,64.66,53.18,-158.8,86.71,72.57,-66.36,111.4,-51.36,-117.2,188.1,53.71,-63.24,157.5,-98.1,-107.1,22.81,-169.2,25.74,-9.973,46.58,-100,-108.2,-3.38,-0.92,2.18,4.53,-4.93
2.086,-7.76,33.59,70,-31.25,-18.59,-20.97,-6.715,135.6,3.837,99.88,-53.18,-93.38,-51.36,82.51,44.35,125.2,-79.21,-13.17,-17.26,67.57,107.1,241.1,-17.07,141.8,-19.03,60,-21.23,1.94,3.08,0.02,1.21,-0.69
-110.5,-92.25,-147.5,-20,-304.3,191.4,53.24,43.49,-205.3,104.2,129.4,-132.3,225,90.04,-150.1,26.54,-7.107,-102,133.1,82.59,-180.9,134.5,-213.1,-57.48,-11.26,-58.39,70,-74.66,0.51,-2.22,2.96,2.82,-0.67
-141.1,-132.3,-115,-30,-159.1,19.65,95.17,65.25,-59.06,51.11,52.85,23.45,71.05,-93.29,-60.34,107.4,-5.352,25.19,33.74,-48.67,-102.6,-93.78,-43.31,37.48,-82.99,61.28,50,-115.6,2.85,3.7,-0.03,4.43,-2.09
99.95,80.04,37.21,20,-148.1,-64.89,-107.6,47.18,-13.53,12.92,46.7,-60.32,67.14,49.95,-24.56,0.4359,-17.88,-59.84,-16.72,52.9,21.74,-45.89,4.837,9.703,59.27,-69.8,50,51.15,-3.44,4.27,-4.63,4.45,1.02
200.7,200,1.318,210,-32.61,-10.72,-81.4,29.51,45.17,-57.1,-153.6,83.22,-172.8,-24.67,132.7,-149.5,-137.8,58.88,-114.4,-94.58,-45.42,187,56.97,58.85,53.19,66.03,190,143.5,-3.45,-1.7,1.57,4.27,1.16
113.7,93.23,16.4,100,-128.6,-77.21,-87.94,87.08,-9.139,-19.31,47.32,-58.91,114,57.67,79.78,-86.5,119.1,-87.92,68.09,64.03,78.96,-48.35,42.12,5.429,10.14,-27.03,100,63.98,-2.23,2.99,-1.76,0.85,4.82
-109.6,-100.7,-55.2,-60,-263.2,31.14,42.86,166.4,-157.8,24.45,75.59,-58.91,121.9,67.96,-64.06,56.4,-78.75,-111.2,19.78,75.16,-142.4,-58.2,-251.8,-136.2,-113.9,-118.1,-10,-80.98,-3.07,1.86,-1.71,2.94,0.08
-102,-90.55,-44.64,-30,-250,36.06,55.94,155.1,-163.8,5.358,81.73,-74.44,130.4,179.5,-117.7,17.92,23.29,-145.7,110,162.8,-177.7,-14.14,-168.2,-149.9,-0.6273,-152.2,0,-66.55,-1.9,-2.03,4.79,-3.63,-0.48
193,199.4,38.05,210,-43.48,-14.83,-94.48,97.48,-39.86,-160.5,-218.2,79.93,-228.3,45.66,47.73,-167.9,-239.9,91.77,-207.8,-151.6,-62.55,107.4,-35.35,7.566,-72.23,-38.12,200,159.6,4.14,-2.89,2.89,-0.12,3.75
112.5,104.3,-112.5,100,-200,59.34,-79.98,77.64,-116.9,55.81,88.91,-20.3,155.5,-18.44,32.01,-90.61,55.08,17.83,-23.58,-18.48,21.7,21.96,-84.01,99.47,-68.36,-9.699,140,76.91,4.75,-1.46,1.55,4.09,-4.87
-167.9,-151.2,-240.4,-190,-250,157.4,125.5,36.44,-86.13,156.2,94.68,0.07922,88.5,-196.8,-14.59,224.2,-72.71,-13.21,36.45,-159.4,-97.11,34.95,-18.63,180.6,-66.66,164.7,-80,-135.1,4.32,4.18,3.16,-4.4,0.05
-12.71,-12.77,-182.5,-30,-136.4,150.2,31.69,67.64,-51.37,-69.11,220.2,119,143.1,-216,-17.11,-21.64,83.25,-128.5,71.47,-7.635,69.49,132,48.97,40.07,54.32,78.72,-10,-0.169,-3.75,2.77,-0.68,-4.2,-3.81
139.2,130.5,-88.49,-90,-187.5,-6.317,-62.11,52.09,-177,-67.45,29.04,-74.37,110.2,90.4,13.75,-30.97,28.97,-104.4,-18.58,-78.09,-28.83,-27.31,-90.04,95.4,-27.04,3.109,0,82.32,4.87,-1.19,-1.18,-2.23,-1.69
318.4,268.2,165,240,10.2,-49.49,-84.44,-34.64,76.74,-40.38,-122.2,69.12,-154.8,-104.7,144.1,-126.3,-134.5,152.1,-141.6,-169.3,17.6,188.9,41.67,49.58,-6.167,72.11,220,185.8,-4.18,-2.07,4.64,4.79,3.99
-55.08,-72.41,-63.34,0,-140,7.174,0.4254,-10.71,-11.65,107,38.79,-101.8,23.95,86.22,-87.63,79.38,56.45,-32.85,170.5,75.47,-29.52,14.71,-73.86,-68.89,8.317,-145.2,70,-71.5,-2.41,3.33,2.85,-1.27,-2.54
-84.42,-83.88,-11.27,10,-115.4,19.76,36.16,12.41,-55.34,52.48,90.24,-86.85,-13.28,180.8,-178.3,2.299,39.96,-39.82,81.47,117.9,47.64,106.8,-37.36,-142.2,10.87,-54.73,90,-66.09,-2.93,0.61,1.91,0.09,3.99
-7.497,-39,280.1,-180,-285.7,2.677,-35.31,59.87,-93.08,82.04,6.864,-51.5,55.6,-65.32,-27.18,109,-101.6,145.2,35.45,-182.9,-19.27,-75.82,-141.1,158.9,-57.71,82.85,-100,-38.71,3.5,-0.52,0.15,4.66,-0.5
250,250,-41.56,230,-41.67,60.24,-62.11,8.27,-4.694,-64.95,-108.4,131.5,-121.9,-15.09,132.1,-124.3,-138.7,50.78,-171.7,-126.9,-41.12,140.8,65.15,87.93,25.36,143.2,230,198.3,3.63,1.27,-1.72,4.03,-1.56
5.04,4.569,-178.5,70,-78.13,204.4,4.79,62.24,-72.05,-33.66,186.7,186.6,138.1,-247.6,-66.32,-51.29,136.6,63.64,40.44,26.59,-104.6,155.4,242.1,53.31,149.5,124,100,-0.8562,-1.07,3.47,-4.16,0.79,-0.94
-157.3,-142.2,-85.74,-240,0,121.4,105.6,31.17,-61.74,131.1,67.46,-43.03,80.63,-22.62,5.886,127.5,-36.78,-0.8955,33.61,76.43,-120.4,14.53,-91.1,111.7,17.16,140.8,-250,-122.9,0.33,0.61,2.14,1.15,0.71
280.2,281.5,-81.49,220,31.91,67.86,-73.64,-70.71,127,-145.6,-193.6,147.5,-264.8,92.09,166.4,-167.9,-205.5,152.2,-220,-79.49,-10.5,225.4,55.42,61.25,53.61,48.08,190,228.6,-0.04,-2.87,-3.11,-3.96,-4.34
-98.79,-92.43,48.03,-30,-204.5,75.5,19.73,121,-114.9,76.8,95.94,-45.67,117.4,-4.695,-108.2,109.5,65.84,-53.07,87.26,-16.87,-149.3,-16.33,-207.2,-91.77,27.51,21.97,50,-89.9,-2.87,2.44,-1.75,-1.85,1.61
-99.8,-88.83,-19.75,-60,-157.9,92.98,-6.414,-102.4,-29.2,147.6,2.591,-79.99,25.84,44.59,-108.2,43.55,21.53,-7.074,61.9,80.27,-48.55,34.07,-94.22,42.6,45.06,48.88,40,-79.62,2.96,-2.43,2.67,-2.26,-3.77
247,244.4,-50.95,200,88.89,76.59,-77.37,-169.6,221.4,-72.93,-159.8,143.5,-192,-1.11,101.9,-190.7,-172.8,59.52,NA,-37.31,81.1,263.8,34.38,89.58,84.66,19.97,190,199.1,-4.79,-0.17,0.3,-3.25,4.03
87.7,70.49,25.78,60,-80.65,-117.8,-92.31,-31.16,-5.872,27.63,-42.77,-31.15,21.16,-53.09,31.67,21.43,117.2,-75.73,53.12,-28.37,-19.66,-90.39,-117.6,16.35,-103.9,-18.99,110,45.8,1.02,4.12,-3.82,-4.8,2.51
-115,-102.1,-187.4,-60,-263.2,98.57,73.58,1.584,-145.2,80.48,49.55,-61.86,95.43,43.92,-227.1,53.44,44.4,-12.13,160.5,30.28,-162.5,60.59,-168.9,-81.17,-90.69,-36.75,-30,-82.44,-3.63,4.98,-3.4,-3.4,-2.63
-8,-8.464,-116,10,-173.1,73.85,-28.1,115.4,-105,-5.822,245.9,-15.17,167.9,-153.1,-10.63,5.313,127.2,-107,117.7,1.736,-143.4,146.6,98.21,-19.98,85.63,145.2,10,0,-2.53,NA,-4.27,3.73,-0.33
-106,-93.18,-124.1,-80,-294.1,152,47.05,67.33,-166.1,111.1,92.37,-96.41,160.1,19.93,-162.2,80.05,59.45,-60.79,146.6,63.32,-154.5,66.14,-191.7,17.86,-20.43,-2.679,-40,-75.31,-4.08,4.07,-3.3,-2.69,-4.5
-154,-135,-56.14,-160,-333.3,178.7,126.6,-43.91,-46.06,169.1,-50.86,-91.29,43.27,-29.33,-56.55,190,-88.29,-50.89,45.95,6.242,-48.68,5.067,-119.1,254.4,-101.6,56.85,-110,-126.1,0.04,-1.33,3.9,-0.87,1.85
102,91.18,18.06,NA,-100,-99.19,-89.98,51.13,-26.68,-25.95,24.45,-47.79,50.03,30.03,145.4,-88.98,-3.597,-63.26,-47.21,81.35,18.61,-67.11,-71.19,-90.06,21.91,-126.2,110,65.95,-3.32,3.88,2.19,3.83,-4.36
251,241.6,7.349,240,10.2,-24.04,-94.4,-84.15,143.3,-82.06,-179.3,195.9,-271.6,-101.3,115.5,-124.2,-219.1,94.26,-176.8,-135,52.26,283.5,27.9,22.8,-51.41,111.9,NA,176.5,-3.93,0.33,-4.95,-4.54,-1.42
298,274,118.1,240,10.2,-125.9,-125.3,-102,100.8,-90.58,-101.1,137.7,-71.67,-115.2,76.11,-113.6,-37.47,24.98,-83.62,-361.8,74.84,49.48,40.96,-75.58,13.18,2.563,250,197,-0.39,-3.33,1.53,-3.13,-3.74
9,8.964,37.77,10,-134.6,3.648,-59.04,169.4,-48.3,13.14,88.68,33.45,12.36,-67.22,39.67,23.31,104.6,-85.53,67.36,-2.771,-71.26,8.636,87.83,-43.01,66.43,96.91,20,0.4456,4.3,-4.07,-1.39,2.22,-0.96
